query_id,src,dst,reachable,path_edges_count,path_cost,path_nodes,path_edge_ids,ep_id,num_virtual_edges_used,num_real_option_edges_used,virtual_edge_ratio
0,229,404,True,2,50.0,229 146 404,-1 -1,0,2,0,1.0
1,7,380,True,1,25.0,7 380,-1,1,1,0,1.0
2,401,477,True,2,50.0,401 259 477,-1 -1,2,2,0,1.0
3,315,106,True,1,25.0,315 106,-1,3,1,0,1.0
4,428,224,True,2,50.0,428 290 224,-1 -1,4,2,0,1.0
5,327,27,True,2,50.0,327 259 27,-1 -1,5,2,0,1.0
6,55,461,True,2,50.0,55 259 461,-1 -1,6,2,0,1.0
7,64,67,True,2,50.0,64 163 67,-1 -1,7,2,0,1.0
8,440,380,True,2,50.0,440 7 380,-1 -1,8,2,0,1.0
9,0,470,True,2,50.0,0 167 470,-1 -1,9,2,0,1.0
10,480,240,True,2,50.0,480 21 240,-1 -1,10,2,0,1.0
11,67,207,True,4,59.91320071635561,67 199 10 173 207,-1 479 70 -1,11,2,2,0.5
12,152,177,True,2,50.0,152 163 177,-1 -1,12,2,0,1.0
13,5,53,True,5,61.89442719099992,5 429 259 163 371 53,-1 809 588 363 -1,13,2,3,0.4
14,214,96,True,2,50.0,214 21 96,-1 -1,14,2,0,1.0
15,338,321,True,2,50.0,338 21 321,-1 -1,15,2,0,1.0
16,352,59,True,2,50.0,352 120 59,-1 -1,16,2,0,1.0
17,475,393,True,6,79.47480662009748,475 410 429 259 304 120 393,-1 804 809 597 671 -1,17,2,4,0.3333333333333333
18,84,119,True,2,50.0,84 21 119,-1 -1,18,2,0,1.0
19,385,369,True,1,25.0,385 369,-1,19,1,0,1.0
20,402,500,True,3,53.94721359549996,402 259 410 500,-1 605 -1,20,2,1,0.6666666666666666
21,389,98,True,2,50.0,389 21 98,-1 -1,21,2,0,1.0
22,372,506,True,2,50.0,372 21 506,-1 -1,22,2,0,1.0
23,311,203,True,2,50.0,311 259 203,-1 -1,23,2,0,1.0
24,421,192,True,2,50.0,421 273 192,-1 -1,24,2,0,1.0
25,327,98,True,2,50.0,327 21 98,-1 -1,25,2,0,1.0
26,327,507,True,2,50.0,327 22 507,-1 -1,26,2,0,1.0
27,390,300,True,2,50.0,390 21 300,-1 -1,27,2,0,1.0
28,39,36,True,2,50.0,39 21 36,-1 -1,28,2,0,1.0
29,147,395,True,3,56.088735650941615,147 163 259 395,-1 360 -1,29,2,1,0.6666666666666666
30,184,40,True,2,50.0,184 410 40,-1 -1,30,2,0,1.0
31,39,208,True,2,50.0,39 371 208,-1 -1,31,2,0,1.0
32,432,48,True,2,50.0,432 167 48,-1 -1,32,2,0,1.0
33,97,400,True,2,50.0,97 290 400,-1 -1,33,2,0,1.0
34,401,301,True,3,53.707106781186546,401 371 385 301,-1 730 -1,34,2,1,0.6666666666666666
35,67,256,True,1,25.0,67 256,-1,35,1,0,1.0
36,443,446,True,2,50.0,443 7 446,-1 -1,36,2,0,1.0
37,257,214,True,2,50.0,257 6 214,-1 -1,37,2,0,1.0
38,246,495,True,2,50.0,246 371 495,-1 -1,38,2,0,1.0
39,471,261,True,2,50.0,471 21 261,-1 -1,39,2,0,1.0
40,494,45,True,1,25.0,494 45,-1,40,1,0,1.0
41,117,182,True,2,50.0,117 80 182,-1 -1,41,2,0,1.0
42,453,511,True,2,50.0,453 144 511,-1 -1,42,2,0,1.0
43,152,51,True,1,25.0,152 51,-1,43,1,0,1.0
44,441,326,True,2,50.0,441 56 326,-1 -1,44,2,0,1.0
45,423,254,True,2,50.0,423 50 254,-1 -1,45,2,0,1.0
46,147,26,True,2,50.0,147 117 26,-1 -1,46,2,0,1.0
47,97,484,True,2,50.0,97 462 484,-1 -1,47,2,0,1.0
48,327,458,True,2,50.0,327 139 458,-1 -1,48,2,0,1.0
49,385,308,True,2,50.0,385 21 308,-1 -1,49,2,0,1.0
50,39,73,True,3,55.08737040566611,39 171 173 73,-1 416 -1,50,2,1,0.6666666666666666
51,366,5,True,2,50.0,366 175 5,-1 -1,51,2,0,1.0
52,231,355,True,2,50.0,231 371 355,-1 -1,52,2,0,1.0
53,67,399,True,2,50.0,67 179 399,-1 -1,53,2,0,1.0
54,420,267,True,2,50.0,420 290 267,-1 -1,54,2,0,1.0
55,394,399,True,2,50.0,394 179 399,-1 -1,55,2,0,1.0
56,280,494,True,2,50.0,280 179 494,-1 -1,56,2,0,1.0
57,389,319,True,2,50.0,389 21 319,-1 -1,57,2,0,1.0
58,10,239,True,2,50.0,10 6 239,-1 -1,58,2,0,1.0
59,260,247,True,2,50.0,260 21 247,-1 -1,59,2,0,1.0
60,352,293,True,2,50.0,352 167 293,-1 -1,60,2,0,1.0
61,441,458,True,3,54.0,441 80 79 458,-1 217 -1,61,2,1,0.6666666666666666
62,394,46,True,3,56.23570226039551,394 80 10 46,-1 212 -1,62,2,1,0.6666666666666666
63,48,462,True,2,50.0,48 463 462,-1 -1,63,2,0,1.0
64,143,271,True,1,25.0,143 271,-1,64,1,0,1.0
65,494,434,True,3,51.57735026918962,494 171 63 434,-1 412 -1,65,2,1,0.6666666666666666
66,327,7,True,2,50.0,327 21 7,-1 -1,66,2,0,1.0
67,401,377,True,2,50.0,401 21 377,-1 -1,67,2,0,1.0
68,62,509,True,1,25.0,62 509,-1,68,1,0,1.0
69,436,343,True,2,50.0,436 21 343,-1 -1,69,2,0,1.0
70,509,385,True,2,50.0,509 21 385,-1 -1,70,2,0,1.0
71,142,473,True,2,50.0,142 21 473,-1 -1,71,2,0,1.0
72,252,244,True,2,50.0,252 21 244,-1 -1,72,2,0,1.0
73,372,480,True,2,50.0,372 144 480,-1 -1,73,2,0,1.0
74,62,505,True,3,53.5,62 429 259 505,-1 809 -1,74,2,1,0.6666666666666666
75,287,188,True,3,53.5,287 429 259 188,-1 809 -1,75,2,1,0.6666666666666666
76,366,117,True,2,50.0,366 10 117,-1 -1,76,2,0,1.0
77,455,356,True,2,50.0,455 79 356,-1 -1,77,2,0,1.0
78,62,241,True,2,50.0,62 56 241,-1 -1,78,2,0,1.0
79,62,467,True,2,50.0,62 21 467,-1 -1,79,2,0,1.0
80,352,335,True,1,25.0,352 335,-1,80,1,0,1.0
81,115,94,True,1,25.0,115 94,-1,81,1,0,1.0
82,327,288,True,2,50.0,327 22 288,-1 -1,82,2,0,1.0
83,352,37,True,2,50.0,352 84 37,-1 -1,83,2,0,1.0
84,62,293,True,2,50.0,62 139 293,-1 -1,84,2,0,1.0
85,161,194,True,1,25.0,161 194,-1,85,1,0,1.0
86,327,98,True,2,50.0,327 21 98,-1 -1,86,2,0,1.0
87,352,185,True,2,50.0,352 120 185,-1 -1,87,2,0,1.0
88,391,448,True,2,50.0,391 171 448,-1 -1,88,2,0,1.0
89,117,197,True,2,50.0,117 21 197,-1 -1,89,2,0,1.0
90,494,172,True,2,50.0,494 139 172,-1 -1,90,2,0,1.0
91,152,246,True,2,50.0,152 10 246,-1 -1,91,2,0,1.0
92,7,349,True,2,50.0,7 6 349,-1 -1,92,2,0,1.0
93,478,261,True,2,50.0,478 2 261,-1 -1,93,2,0,1.0
94,436,332,True,3,54.71320071635561,436 10 173 332,-1 70 -1,94,2,1,0.6666666666666666
95,440,117,True,2,50.0,440 21 117,-1 -1,95,2,0,1.0
96,230,129,True,2,50.0,230 169 129,-1 -1,96,2,0,1.0
97,287,349,True,3,53.5,287 429 259 349,-1 809 -1,97,2,1,0.6666666666666666
98,287,249,True,2,50.0,287 410 249,-1 -1,98,2,0,1.0
99,390,467,True,1,25.0,390 467,-1,99,1,0,1.0
