cluster,count,density
0,507,0.002535
1,926,0.00463
2,466,0.00233
3,468,0.00234
4,484,0.00242
5,569,0.002845
6,1086,0.00543
7,1690,0.00845
8,1418,0.00709
9,1503,0.007515
10,2403,0.012015
11,1624,0.00812
12,1270,0.00635
13,458,0.00229
14,0,0.0
15,0,0.0
16,0,0.0
17,24,0.00012
18,1064,0.00532
19,739,0.003695
20,179,0.000895
21,390,0.00195
22,87,0.000435
23,62,0.00031
24,57,0.000285
25,469,0.002345
26,1725,0.008625
27,2030,0.01015
28,453,0.002265
29,221,0.001105
30,836,0.00418
31,913,0.004565
32,3004,0.01502
33,833,0.004165
34,62,0.00031
35,0,0.0
36,0,0.0
37,3,1.5e-05
38,494,0.00247
39,194,0.00097
40,182,0.00091
41,286,0.00143
42,3,1.5e-05
43,0,0.0
44,0,0.0
45,4,2e-05
46,1323,0.006615
47,2488,0.01244
48,6,3e-05
49,0,0.0
50,0,0.0
51,4,2e-05
52,1120,0.0056
53,2004,0.01002
54,896,0.00448
55,722,0.00361
56,725,0.003625
57,747,0.003735
58,1385,0.006925
59,1723,0.008615
60,193,0.000965
61,249,0.001245
62,1,5e-06
63,0,0.0
64,0,0.0
65,0,0.0
66,1372,0.00686
67,2761,0.013805
68,3,1.5e-05
69,0,0.0
70,0,0.0
71,0,0.0
72,59,0.000295
73,138,0.00069
74,213,0.001065
75,213,0.001065
76,188,0.00094
77,146,0.00073
78,165,0.000825
79,85,0.000425
80,251,0.001255
81,1009,0.005045
82,0,0.0
83,0,0.0
84,0,0.0
85,0,0.0
86,1358,0.00679
87,1387,0.006935
88,7,3.5e-05
89,0,0.0
90,0,0.0
91,0,0.0
92,0,0.0
93,0,0.0
94,0,0.0
95,0,0.0
96,0,0.0
97,0,0.0
98,0,0.0
99,0,0.0
100,264,0.00132
101,863,0.004315
102,22,0.00011
103,0,0.0
104,0,0.0
105,18,9e-05
106,1400,0.007
107,1466,0.00733
108,1,5e-06
109,0,0.0
110,0,0.0
111,0,0.0
112,0,0.0
113,0,0.0
114,0,0.0
115,0,0.0
116,0,0.0
117,0,0.0
118,0,0.0
119,0,0.0
120,329,0.001645
121,1013,0.005065
122,493,0.002465
123,449,0.002245
124,537,0.002685
125,1537,0.007685
126,2069,0.010345
127,3100,0.0155
128,2,1e-05
129,0,0.0
130,0,0.0
131,0,0.0
132,515,0.002575
133,805,0.004025
134,356,0.00178
135,423,0.002115
136,1145,0.005725
137,515,0.002575
138,1297,0.006485
139,549,0.002745
140,132,0.00066
141,410,0.00205
142,309,0.001545
143,302,0.00151
144,460,0.0023
145,1528,0.00764
146,3952,0.01976
147,2271,0.011355
148,9,4.5e-05
149,0,0.0
150,0,0.0
151,0,0.0
152,191,0.000955
153,424,0.00212
154,197,0.000985
155,171,0.000855
156,183,0.000915
157,475,0.002375
158,1243,0.006215
159,817,0.004085
160,0,0.0
161,0,0.0
162,0,0.0
163,0,0.0
164,0,0.0
165,22,0.00011
166,2009,0.010045
167,3175,0.015875
168,7,3.5e-05
169,0,0.0
170,0,0.0
171,0,0.0
172,0,0.0
173,0,0.0
174,0,0.0
175,0,0.0
176,0,0.0
177,31,0.000155
178,1330,0.00665
179,1042,0.00521
180,0,0.0
181,0,0.0
182,0,0.0
183,0,0.0
184,0,0.0
185,1,5e-06
186,1733,0.008665
187,2738,0.01369
188,40,0.0002
189,0,0.0
190,0,0.0
191,0,0.0
192,0,0.0
193,0,0.0
194,0,0.0
195,0,0.0
196,0,0.0
197,4,2e-05
198,1104,0.00552
199,430,0.00215
200,107,0.000535
201,310,0.00155
202,1487,0.007435
203,663,0.003315
204,910,0.00455
205,902,0.00451
206,2398,0.01199
207,3515,0.017575
208,1550,0.00775
209,1305,0.006525
210,1265,0.006325
211,1367,0.006835
212,1382,0.00691
213,1124,0.00562
214,664,0.00332
215,706,0.00353
216,859,0.004295
217,1001,0.005005
218,1919,0.009595
219,642,0.00321
220,597,0.002985
221,2237,0.011185
222,1280,0.0064
223,1048,0.00524
224,988,0.00494
225,962,0.00481
226,1107,0.005535
227,1538,0.00769
228,1273,0.006365
229,1236,0.00618
230,1294,0.00647
231,2644,0.01322
232,2601,0.013005
233,2075,0.010375
234,1941,0.009705
235,834,0.00417
236,970,0.00485
237,685,0.003425
238,897,0.004485
239,694,0.00347
240,764,0.00382
241,2190,0.01095
242,3,1.5e-05
243,0,0.0
244,0,0.0
245,0,0.0
246,0,0.0
247,0,0.0
248,0,0.0
249,0,0.0
250,0,0.0
251,45,0.000225
252,1349,0.006745
253,915,0.004575
254,5,2.5e-05
255,0,0.0
256,0,0.0
257,0,0.0
258,0,0.0
259,0,0.0
260,803,0.004015
261,1181,0.005905
262,14,7e-05
263,0,0.0
264,0,0.0
265,0,0.0
266,0,0.0
267,0,0.0
268,0,0.0
269,0,0.0
270,0,0.0
271,0,0.0
272,919,0.004595
273,1127,0.005635
274,18,9e-05
275,0,0.0
276,0,0.0
277,0,0.0
278,0,0.0
279,0,0.0
280,1022,0.00511
281,1547,0.007735
282,405,0.002025
283,320,0.0016
284,341,0.001705
285,306,0.00153
286,1119,0.005595
287,145,0.000725
288,0,0.0
289,0,0.0
290,0,0.0
291,0,0.0
292,828,0.00414
293,2123,0.010615
294,388,0.00194
295,286,0.00143
296,306,0.00153
297,348,0.00174
298,229,0.001145
299,60,0.0003
300,1372,0.00686
301,2206,0.01103
302,291,0.001455
303,255,0.001275
304,238,0.00119
305,336,0.00168
306,1074,0.00537
307,739,0.003695
308,0,0.0
309,0,0.0
310,0,0.0
311,0,0.0
312,620,0.0031
313,1279,0.006395
314,542,0.00271
315,525,0.002625
316,498,0.00249
317,1367,0.006835
318,785,0.003925
319,230,0.00115
320,348,0.00174
321,481,0.002405
322,3,1.5e-05
323,0,0.0
324,0,0.0
325,222,0.00111
326,454,0.00227
327,36,0.00018
328,0,0.0
329,0,0.0
330,0,0.0
331,0,0.0
332,572,0.00286
333,704,0.00352
334,0,0.0
335,0,0.0
336,0,0.0
337,60,0.0003
338,575,0.002875
339,136,0.00068
340,329,0.001645
341,466,0.00233
342,3,1.5e-05
343,0,0.0
344,0,0.0
345,0,0.0
346,198,0.00099
347,123,0.000615
348,0,0.0
349,0,0.0
350,0,0.0
351,0,0.0
352,622,0.00311
353,351,0.001755
354,0,0.0
355,0,0.0
356,0,0.0
357,0,0.0
358,428,0.00214
359,164,0.00082
360,292,0.00146
361,543,0.002715
362,55,0.000275
363,15,7.5e-05
364,31,0.000155
365,23,0.000115
366,179,0.000895
367,188,0.00094
368,102,0.00051
369,74,0.00037
370,99,0.000495
371,81,0.000405
372,648,0.00324
373,388,0.00194
374,0,0.0
375,0,0.0
376,0,0.0
377,0,0.0
378,338,0.00169
379,223,0.001115
380,987,0.004935
381,1535,0.007675
382,1086,0.00543
383,292,0.00146
384,248,0.00124
385,1058,0.00529
386,418,0.00209
387,594,0.00297
388,309,0.001545
389,379,0.001895
390,398,0.00199
391,415,0.002075
392,653,0.003265
393,577,0.002885
394,0,0.0
395,0,0.0
396,0,0.0
397,0,0.0
398,444,0.00222
399,578,0.00289
