env,run_episodes,task_id,variant,gas_n,gas_success_rate,variant_n,variant_success_rate,delta_success_rate,delta_mean_steps
antmaze-giant-navigate-v0,5,1,lowcond_factor_only_nearestgoal,5,0.2,5,0.0,-0.2,1.0
antmaze-giant-navigate-v0,5,1,lowcond_full_localres,5,0.2,5,0.0,-0.2,1.0
antmaze-giant-navigate-v0,5,1,lowcond_full_nearestgoal,5,0.2,5,0.0,-0.2,1.0
antmaze-giant-navigate-v0,5,1,lowcond_full_nomask_nearestgoal,5,0.2,5,0.0,-0.2,1.0
antmaze-giant-navigate-v0,5,1,lowcond_full_rawdist_nearestgoal,5,0.2,5,0.0,-0.2,1.0
antmaze-giant-navigate-v0,5,1,lowcond_full_trajend,5,0.2,5,0.0,-0.2,1.0
antmaze-giant-navigate-v0,5,1,lowcond_tdr_only_local,5,0.2,5,0.0,-0.2,1.0
antmaze-giant-navigate-v0,5,2,lowcond_factor_only_nearestgoal,5,1.0,5,0.0,-1.0,262.4
antmaze-giant-navigate-v0,5,2,lowcond_full_localres,5,1.0,5,0.0,-1.0,262.4
antmaze-giant-navigate-v0,5,2,lowcond_full_nearestgoal,5,1.0,5,0.0,-1.0,262.4
antmaze-giant-navigate-v0,5,2,lowcond_full_nomask_nearestgoal,5,1.0,5,0.0,-1.0,262.4
antmaze-giant-navigate-v0,5,2,lowcond_full_rawdist_nearestgoal,5,1.0,5,0.0,-1.0,262.4
antmaze-giant-navigate-v0,5,2,lowcond_full_trajend,5,1.0,5,0.0,-1.0,262.4
antmaze-giant-navigate-v0,5,2,lowcond_tdr_only_local,5,1.0,5,0.0,-1.0,262.4
antmaze-giant-navigate-v0,5,3,lowcond_factor_only_nearestgoal,5,0.2,5,0.0,-0.2,54.60000000000002
antmaze-giant-navigate-v0,5,3,lowcond_full_localres,5,0.2,5,0.0,-0.2,54.60000000000002
antmaze-giant-navigate-v0,5,3,lowcond_full_nearestgoal,5,0.2,5,0.0,-0.2,54.60000000000002
antmaze-giant-navigate-v0,5,3,lowcond_full_nomask_nearestgoal,5,0.2,5,0.0,-0.2,54.60000000000002
antmaze-giant-navigate-v0,5,3,lowcond_full_rawdist_nearestgoal,5,0.2,5,0.0,-0.2,54.60000000000002
antmaze-giant-navigate-v0,5,3,lowcond_full_trajend,5,0.2,5,0.0,-0.2,54.60000000000002
antmaze-giant-navigate-v0,5,3,lowcond_tdr_only_local,5,0.2,5,0.0,-0.2,54.60000000000002
antmaze-giant-navigate-v0,5,4,lowcond_factor_only_nearestgoal,5,0.8,5,0.0,-0.8,175.0
antmaze-giant-navigate-v0,5,4,lowcond_full_localres,5,0.8,5,0.0,-0.8,175.0
antmaze-giant-navigate-v0,5,4,lowcond_full_nearestgoal,5,0.8,5,0.0,-0.8,175.0
antmaze-giant-navigate-v0,5,4,lowcond_full_nomask_nearestgoal,5,0.8,5,0.0,-0.8,175.0
antmaze-giant-navigate-v0,5,4,lowcond_full_rawdist_nearestgoal,5,0.8,5,0.0,-0.8,175.0
antmaze-giant-navigate-v0,5,4,lowcond_full_trajend,5,0.8,5,0.0,-0.8,175.0
antmaze-giant-navigate-v0,5,4,lowcond_tdr_only_local,5,0.8,5,0.0,-0.8,175.0
antmaze-giant-navigate-v0,5,5,lowcond_factor_only_nearestgoal,5,0.4,5,0.0,-0.4,200.39999999999998
antmaze-giant-navigate-v0,5,5,lowcond_full_localres,5,0.4,5,0.2,-0.2,177.0
antmaze-giant-navigate-v0,5,5,lowcond_full_nearestgoal,5,0.4,5,0.4,0.0,88.19999999999993
antmaze-giant-navigate-v0,5,5,lowcond_full_nomask_nearestgoal,5,0.4,5,0.2,-0.2,159.39999999999998
antmaze-giant-navigate-v0,5,5,lowcond_full_rawdist_nearestgoal,5,0.4,5,0.0,-0.4,200.39999999999998
antmaze-giant-navigate-v0,5,5,lowcond_full_trajend,5,0.4,5,0.4,0.0,85.19999999999993
antmaze-giant-navigate-v0,5,5,lowcond_tdr_only_local,5,0.4,5,1.0,0.6,-2.3999999999999773
antmaze-giant-stitch-v0,5,1,lowcond_factor_only_nearestgoal,5,1.0,5,0.0,-1.0,153.39999999999998
antmaze-giant-stitch-v0,5,1,lowcond_full_localres,5,1.0,5,0.0,-1.0,153.39999999999998
antmaze-giant-stitch-v0,5,1,lowcond_full_nearestgoal,5,1.0,5,0.0,-1.0,153.39999999999998
antmaze-giant-stitch-v0,5,1,lowcond_full_nomask_nearestgoal,5,1.0,5,0.0,-1.0,153.39999999999998
antmaze-giant-stitch-v0,5,1,lowcond_full_rawdist_nearestgoal,5,1.0,5,0.0,-1.0,153.39999999999998
antmaze-giant-stitch-v0,5,1,lowcond_full_trajend,5,1.0,5,0.0,-1.0,153.39999999999998
antmaze-giant-stitch-v0,5,1,lowcond_tdr_only_local,5,1.0,5,0.0,-1.0,153.39999999999998
antmaze-giant-stitch-v0,5,2,lowcond_factor_only_nearestgoal,5,1.0,5,0.0,-1.0,314.20000000000005
antmaze-giant-stitch-v0,5,2,lowcond_full_localres,5,1.0,5,0.0,-1.0,314.20000000000005
antmaze-giant-stitch-v0,5,2,lowcond_full_nearestgoal,5,1.0,5,0.0,-1.0,314.20000000000005
antmaze-giant-stitch-v0,5,2,lowcond_full_nomask_nearestgoal,5,1.0,5,0.4,-0.6,295.6
antmaze-giant-stitch-v0,5,2,lowcond_full_rawdist_nearestgoal,5,1.0,5,0.0,-1.0,314.20000000000005
antmaze-giant-stitch-v0,5,2,lowcond_full_trajend,5,1.0,5,0.0,-1.0,314.20000000000005
antmaze-giant-stitch-v0,5,2,lowcond_tdr_only_local,5,1.0,5,0.4,-0.6,277.80000000000007
antmaze-giant-stitch-v0,5,3,lowcond_factor_only_nearestgoal,5,0.8,5,0.0,-0.8,193.20000000000005
antmaze-giant-stitch-v0,5,3,lowcond_full_localres,5,0.8,5,0.0,-0.8,193.20000000000005
antmaze-giant-stitch-v0,5,3,lowcond_full_nearestgoal,5,0.8,5,0.0,-0.8,193.20000000000005
antmaze-giant-stitch-v0,5,3,lowcond_full_nomask_nearestgoal,5,0.8,5,0.0,-0.8,193.20000000000005
antmaze-giant-stitch-v0,5,3,lowcond_full_rawdist_nearestgoal,5,0.8,5,0.0,-0.8,193.20000000000005
antmaze-giant-stitch-v0,5,3,lowcond_full_trajend,5,0.8,5,0.0,-0.8,193.20000000000005
antmaze-giant-stitch-v0,5,3,lowcond_tdr_only_local,5,0.8,5,0.0,-0.8,193.20000000000005
antmaze-giant-stitch-v0,5,4,lowcond_factor_only_nearestgoal,5,0.8,5,0.0,-0.8,254.79999999999995
antmaze-giant-stitch-v0,5,4,lowcond_full_localres,5,0.8,5,0.0,-0.8,254.79999999999995
antmaze-giant-stitch-v0,5,4,lowcond_full_nearestgoal,5,0.8,5,0.0,-0.8,254.79999999999995
antmaze-giant-stitch-v0,5,4,lowcond_full_nomask_nearestgoal,5,0.8,5,0.0,-0.8,254.79999999999995
antmaze-giant-stitch-v0,5,4,lowcond_full_rawdist_nearestgoal,5,0.8,5,0.0,-0.8,254.79999999999995
antmaze-giant-stitch-v0,5,4,lowcond_full_trajend,5,0.8,5,0.0,-0.8,254.79999999999995
antmaze-giant-stitch-v0,5,4,lowcond_tdr_only_local,5,0.8,5,0.0,-0.8,254.79999999999995
antmaze-giant-stitch-v0,5,5,lowcond_factor_only_nearestgoal,5,1.0,5,0.0,-1.0,551.4
antmaze-giant-stitch-v0,5,5,lowcond_full_localres,5,1.0,5,0.6,-0.4,346.4
antmaze-giant-stitch-v0,5,5,lowcond_full_nearestgoal,5,1.0,5,0.6,-0.4,326.79999999999995
antmaze-giant-stitch-v0,5,5,lowcond_full_nomask_nearestgoal,5,1.0,5,0.6,-0.4,316.0
antmaze-giant-stitch-v0,5,5,lowcond_full_rawdist_nearestgoal,5,1.0,5,0.6,-0.4,379.6
antmaze-giant-stitch-v0,5,5,lowcond_full_trajend,5,1.0,5,0.0,-1.0,551.4
antmaze-giant-stitch-v0,5,5,lowcond_tdr_only_local,5,1.0,5,0.6,-0.4,385.0
antmaze-medium-navigate-v0,5,1,lowcond_factor_only_nearestgoal,5,1.0,5,0.0,-1.0,729.4
antmaze-medium-navigate-v0,5,1,lowcond_full_localres,5,1.0,5,1.0,0.0,177.2
antmaze-medium-navigate-v0,5,1,lowcond_full_nearestgoal,5,1.0,5,0.2,-0.8,628.4
antmaze-medium-navigate-v0,5,1,lowcond_full_nomask_nearestgoal,5,1.0,5,0.6,-0.4,393.79999999999995
antmaze-medium-navigate-v0,5,1,lowcond_full_rawdist_nearestgoal,5,1.0,5,0.2,-0.8,662.1999999999999
antmaze-medium-navigate-v0,5,1,lowcond_full_trajend,5,1.0,5,0.6,-0.4,454.79999999999995
antmaze-medium-navigate-v0,5,1,lowcond_tdr_only_local,5,1.0,5,0.6,-0.4,370.4
antmaze-medium-navigate-v0,5,2,lowcond_factor_only_nearestgoal,5,1.0,5,0.0,-1.0,789.2
antmaze-medium-navigate-v0,5,2,lowcond_full_localres,5,1.0,5,1.0,0.0,168.2
antmaze-medium-navigate-v0,5,2,lowcond_full_nearestgoal,5,1.0,5,0.8,-0.19999999999999996,314.99999999999994
antmaze-medium-navigate-v0,5,2,lowcond_full_nomask_nearestgoal,5,1.0,5,1.0,0.0,269.4
antmaze-medium-navigate-v0,5,2,lowcond_full_rawdist_nearestgoal,5,1.0,5,0.0,-1.0,789.2
antmaze-medium-navigate-v0,5,2,lowcond_full_trajend,5,1.0,5,0.4,-0.6,497.2
antmaze-medium-navigate-v0,5,2,lowcond_tdr_only_local,5,1.0,5,0.6,-0.4,389.59999999999997
antmaze-medium-navigate-v0,5,3,lowcond_factor_only_nearestgoal,5,1.0,5,0.0,-1.0,846.8
antmaze-medium-navigate-v0,5,3,lowcond_full_localres,5,1.0,5,1.0,0.0,253.60000000000002
antmaze-medium-navigate-v0,5,3,lowcond_full_nearestgoal,5,1.0,5,0.8,-0.19999999999999996,293.6
antmaze-medium-navigate-v0,5,3,lowcond_full_nomask_nearestgoal,5,1.0,5,0.8,-0.19999999999999996,383.8
antmaze-medium-navigate-v0,5,3,lowcond_full_rawdist_nearestgoal,5,1.0,5,0.6,-0.4,619.5999999999999
antmaze-medium-navigate-v0,5,3,lowcond_full_trajend,5,1.0,5,0.8,-0.19999999999999996,308.8
antmaze-medium-navigate-v0,5,3,lowcond_tdr_only_local,5,1.0,5,0.8,-0.19999999999999996,258.2
antmaze-medium-navigate-v0,5,4,lowcond_factor_only_nearestgoal,5,1.0,5,0.0,-1.0,705.2
antmaze-medium-navigate-v0,5,4,lowcond_full_localres,5,1.0,5,0.4,-0.6,460.59999999999997
antmaze-medium-navigate-v0,5,4,lowcond_full_nearestgoal,5,1.0,5,1.0,0.0,284.2
antmaze-medium-navigate-v0,5,4,lowcond_full_nomask_nearestgoal,5,1.0,5,0.6,-0.4,410.2
antmaze-medium-navigate-v0,5,4,lowcond_full_rawdist_nearestgoal,5,1.0,5,1.0,0.0,234.8
antmaze-medium-navigate-v0,5,4,lowcond_full_trajend,5,1.0,5,0.4,-0.6,587.5999999999999
antmaze-medium-navigate-v0,5,4,lowcond_tdr_only_local,5,1.0,5,0.8,-0.19999999999999996,272.99999999999994
antmaze-medium-navigate-v0,5,5,lowcond_factor_only_nearestgoal,5,1.0,5,0.0,-1.0,786.0
antmaze-medium-navigate-v0,5,5,lowcond_full_localres,5,1.0,5,1.0,0.0,192.8
antmaze-medium-navigate-v0,5,5,lowcond_full_nearestgoal,5,1.0,5,0.8,-0.19999999999999996,442.4
antmaze-medium-navigate-v0,5,5,lowcond_full_nomask_nearestgoal,5,1.0,5,0.8,-0.19999999999999996,318.79999999999995
antmaze-medium-navigate-v0,5,5,lowcond_full_rawdist_nearestgoal,5,1.0,5,0.8,-0.19999999999999996,453.4
antmaze-medium-navigate-v0,5,5,lowcond_full_trajend,5,1.0,5,0.8,-0.19999999999999996,521.8
antmaze-medium-navigate-v0,5,5,lowcond_tdr_only_local,5,1.0,5,1.0,0.0,122.60000000000002
antmaze-medium-stitch-v0,5,1,lowcond_factor_only_nearestgoal,5,1.0,5,0.0,-1.0,708.0
antmaze-medium-stitch-v0,5,1,lowcond_full,5,1.0,5,0.4,-0.6,588.0
antmaze-medium-stitch-v0,5,1,lowcond_full_localres,5,1.0,5,0.8,-0.19999999999999996,292.0
antmaze-medium-stitch-v0,5,1,lowcond_full_localres_from_full,5,1.0,5,0.6,-0.4,371.4
antmaze-medium-stitch-v0,5,1,lowcond_full_nearestgoal,5,1.0,5,1.0,0.0,140.0
antmaze-medium-stitch-v0,5,1,lowcond_full_nomask_nearestgoal,5,1.0,5,0.6,-0.4,346.4
antmaze-medium-stitch-v0,5,1,lowcond_full_rawdist_nearestgoal,5,1.0,5,0.6,-0.4,435.6
antmaze-medium-stitch-v0,5,1,lowcond_full_trajend,5,1.0,5,1.0,0.0,181.2
antmaze-medium-stitch-v0,5,1,lowcond_tdr_only_local,5,1.0,5,1.0,0.0,200.0
antmaze-medium-stitch-v0,5,2,lowcond_factor_only_nearestgoal,5,1.0,5,0.0,-1.0,795.8
antmaze-medium-stitch-v0,5,2,lowcond_full,5,1.0,5,0.4,-0.6,622.4000000000001
antmaze-medium-stitch-v0,5,2,lowcond_full_localres,5,1.0,5,1.0,0.0,164.0
antmaze-medium-stitch-v0,5,2,lowcond_full_localres_from_full,5,1.0,5,1.0,0.0,114.60000000000002
antmaze-medium-stitch-v0,5,2,lowcond_full_nearestgoal,5,1.0,5,0.8,-0.19999999999999996,267.2
antmaze-medium-stitch-v0,5,2,lowcond_full_nomask_nearestgoal,5,1.0,5,1.0,0.0,109.40000000000003
antmaze-medium-stitch-v0,5,2,lowcond_full_rawdist_nearestgoal,5,1.0,5,1.0,0.0,64.19999999999999
antmaze-medium-stitch-v0,5,2,lowcond_full_trajend,5,1.0,5,1.0,0.0,138.40000000000003
antmaze-medium-stitch-v0,5,2,lowcond_tdr_only_local,5,1.0,5,1.0,0.0,84.40000000000003
antmaze-medium-stitch-v0,5,3,lowcond_factor_only_nearestgoal,5,1.0,5,0.4,-0.6,738.4
antmaze-medium-stitch-v0,5,3,lowcond_full,5,1.0,5,1.0,0.0,124.79999999999998
antmaze-medium-stitch-v0,5,3,lowcond_full_localres,5,1.0,5,0.6,-0.4,459.20000000000005
antmaze-medium-stitch-v0,5,3,lowcond_full_localres_from_full,5,1.0,5,1.0,0.0,136.4
antmaze-medium-stitch-v0,5,3,lowcond_full_nearestgoal,5,1.0,5,0.8,-0.19999999999999996,351.4
antmaze-medium-stitch-v0,5,3,lowcond_full_nomask_nearestgoal,5,1.0,5,0.8,-0.19999999999999996,283.79999999999995
antmaze-medium-stitch-v0,5,3,lowcond_full_rawdist_nearestgoal,5,1.0,5,1.0,0.0,94.79999999999998
antmaze-medium-stitch-v0,5,3,lowcond_full_trajend,5,1.0,5,0.8,-0.19999999999999996,316.20000000000005
antmaze-medium-stitch-v0,5,3,lowcond_tdr_only_local,5,1.0,5,1.0,0.0,134.79999999999998
antmaze-medium-stitch-v0,5,4,lowcond_factor_only_nearestgoal,5,1.0,5,0.0,-1.0,726.4
antmaze-medium-stitch-v0,5,4,lowcond_full,5,1.0,5,1.0,0.0,200.79999999999995
antmaze-medium-stitch-v0,5,4,lowcond_full_localres,5,1.0,5,0.8,-0.19999999999999996,188.39999999999998
antmaze-medium-stitch-v0,5,4,lowcond_full_localres_from_full,5,1.0,5,1.0,0.0,-3.0
antmaze-medium-stitch-v0,5,4,lowcond_full_nearestgoal,5,1.0,5,1.0,0.0,9.599999999999966
antmaze-medium-stitch-v0,5,4,lowcond_full_nomask_nearestgoal,5,1.0,5,0.6,-0.4,322.19999999999993
antmaze-medium-stitch-v0,5,4,lowcond_full_rawdist_nearestgoal,5,1.0,5,0.8,-0.19999999999999996,271.79999999999995
antmaze-medium-stitch-v0,5,4,lowcond_full_trajend,5,1.0,5,0.0,-1.0,726.4
antmaze-medium-stitch-v0,5,4,lowcond_tdr_only_local,5,1.0,5,0.8,-0.19999999999999996,194.39999999999998
antmaze-medium-stitch-v0,5,5,lowcond_factor_only_nearestgoal,5,1.0,5,0.0,-1.0,736.4
antmaze-medium-stitch-v0,5,5,lowcond_full,5,1.0,5,0.8,-0.19999999999999996,288.0
antmaze-medium-stitch-v0,5,5,lowcond_full_localres,5,1.0,5,0.8,-0.19999999999999996,322.79999999999995
antmaze-medium-stitch-v0,5,5,lowcond_full_localres_from_full,5,1.0,5,1.0,0.0,166.0
antmaze-medium-stitch-v0,5,5,lowcond_full_nearestgoal,5,1.0,5,0.8,-0.19999999999999996,178.2
antmaze-medium-stitch-v0,5,5,lowcond_full_nomask_nearestgoal,5,1.0,5,0.8,-0.19999999999999996,270.19999999999993
antmaze-medium-stitch-v0,5,5,lowcond_full_rawdist_nearestgoal,5,1.0,5,0.8,-0.19999999999999996,299.79999999999995
antmaze-medium-stitch-v0,5,5,lowcond_full_trajend,5,1.0,5,0.8,-0.19999999999999996,143.0
antmaze-medium-stitch-v0,5,5,lowcond_tdr_only_local,5,1.0,5,1.0,0.0,177.39999999999998
