cluster,count,density,crossing,betweenness,removal_impact,normalized_crossing,normalized_betweenness,normalized_removal_impact,normalized_density,bottleneck_score
0,716.0,0.00358,542.0,0.00031869581582952294,0.0,0.704635761589404,0.0032388248899212465,0.0,0.8285371702637889,0.45931343540018854
1,698.0,0.00349,677.0,0.0025969941863317183,0.0,0.8834437086092716,0.026392594417277433,0.0,0.8069544364508393,0.6677499720912973
2,370.0,0.00185,358.0,0.0015490992362487657,2.513826043236551e-05,0.4609271523178808,0.015743103342167296,0.004224923657768936,0.4136690647482014,0.35679445989335656
3,397.0,0.001985,379.0,0.002799146111669027,5.017561465125439e-05,0.48874172185430464,0.02844701325432363,0.008432888264227209,0.4460431654676258,0.3918086737325677
4,486.0,0.00243,422.0,0.00229240176275761,4.191817572097446e-05,0.5456953642384106,0.02329709873219769,0.007045081451461245,0.5527577937649879,0.4102102062925731
5,349.0,0.001745,326.0,0.004144456163877275,0.0,0.4185430463576159,0.04211905871375977,0.0,0.3884892086330935,0.3441153424814476
6,457.0,0.002285,431.0,0.0036463855765233063,5.03524672708711e-05,0.5576158940397351,0.03705729343434787,0.008462611435349862,0.5179856115107914,0.4477401154561954
7,292.0,0.00146,289.0,0.0017896421968722695,0.0,0.3695364238410596,0.01818768055111156,0.0,0.3201438848920863,0.29168093892454533
8,407.0,0.002035,392.0,0.0007091573571517126,0.0,0.5059602649006623,0.007206986678615083,0.0,0.45803357314148674,0.3757571796368313
9,548.0,0.00274,532.0,0.003057057443329477,2.5087807325627197e-05,0.6913907284768211,0.031068100820849556,0.0042164441321136045,0.6270983213429255,0.5385457770269066
10,338.0,0.00169,331.0,0.007410458437254382,0.0,0.4251655629139073,0.07531061294242133,0.0,0.3752997601918465,0.3878862477987747
11,579.0,0.002895,443.0,0.00164822110866586,0.0,0.5735099337748344,0.016750453836193904,0.0,0.6642685851318945,0.39097981207145993
12,397.0,0.001985,318.0,0.001047183062736258,0.0,0.40794701986754967,0.010642256344238968,0.0,0.4460431654676258,0.2847763265715009
13,272.0,0.00136,251.0,0.0006681693736729223,0.0,0.31920529801324504,0.006790436179722435,0.0,0.2961630695443645,0.2371468133296581
14,319.0,0.001595,318.0,0.00609097746856979,5.007511266897847e-05,0.40794701986754967,0.061901061919514035,0.008415997151028956,0.35251798561151076,0.3725086832546395
15,366.0,0.00183,349.0,0.0013889480454678384,2.5100401606413154e-05,0.44900662251655626,0.014115527336810332,0.004218560820934946,0.40887290167865703,0.34467884017070444
16,320.0,0.0016,319.0,0.004110893707049011,0.0,0.40927152317880794,0.041777971962246106,0.0,0.3537170263788969,0.34493438722738495
17,464.0,0.00232,441.0,0.0025296417307579806,0.0,0.5708609271523178,0.025708108463353817,0.0,0.526378896882494,0.43865536655092346
18,580.0,0.0029,515.0,0.0020172947339623225,2.5125628140690955e-05,0.6688741721854304,0.020501255649240224,0.004222800580553976,0.6654676258992804,0.4939579406454405
19,601.0,0.003005,574.0,0.00271728076509455,2.506265664159148e-05,0.7470198675496689,0.027615036463485315,0.004212217120452337,0.6906474820143884,0.5716528765292901
20,448.0,0.00224,422.0,0.0035538549419966594,2.506265664159148e-05,0.5456953642384106,0.03611692802225404,0.004212217120452337,0.5071942446043165,0.4338662359998221
21,572.0,0.00286,550.0,0.0013384611767020878,0.0,0.7152317880794702,0.013602442071642717,0.0,0.6558752997601919,0.5320716402230554
22,173.0,0.000865,161.0,0.002194568349907773,0.0,0.2,0.02230284252654518,0.0,0.1774580335731415,0.16906543245460276
23,234.0,0.00117,220.0,0.0015414726884763362,2.5100401606413154e-05,0.2781456953642384,0.015665596668020275,0.004218560820934946,0.25059952038369304,0.2228499967380857
24,484.0,0.00242,481.0,0.0009891785346875235,0.0,0.623841059602649,0.010052771011074537,0.0,0.5503597122302157,0.46878591694465876
25,507.0,0.002535,495.0,0.0008789709395789824,0.0,0.6423841059602649,0.008932759123981417,0.0,0.5779376498800959,0.4779355701202175
26,74.0,0.00037,20.0,0.0002466588247350835,0.0,0.013245033112582781,0.00250673118751597,0.0,0.05875299760191846,-0.001874134980476786
27,558.0,0.00279,551.0,0.0022164488551957113,0.0,0.7165562913907285,0.022525208562152423,0.0,0.6390887290167865,0.547354881247845
28,632.0,0.00316,528.0,0.001249851722457373,2.517623363543555e-05,0.686092715231788,0.012701926622002683,0.004231305717674931,0.7278177458033572,0.4846806238304585
29,297.0,0.001485,144.0,0.000861409428711517,0.0,0.17748344370860927,0.008754285935200692,0.0,0.3261390887290168,0.08839600302510493
30,143.0,0.000715,143.0,0.003806078483691838,1.6725204883754253e-05,0.176158940397351,0.03868021201937879,0.0028109627547428712,0.14148681055155876,0.17520407200600505
31,669.0,0.003345,649.0,0.0026777118770973368,2.506265664159148e-05,0.8463576158940397,0.027212907872690026,0.004212217120452337,0.7721822541966427,0.6461280646281893
32,299.0,0.001495,298.0,0.0006517726068697385,0.0,0.38145695364238413,0.006623799989980949,0.0,0.328537170263789,0.2895196025532284
33,482.0,0.00241,337.0,0.0005629289513082135,0.0,0.433112582781457,0.00572090441165249,0.0,0.5479616306954436,0.2744449979844764
34,128.0,0.00064,60.0,0.0020744340810069117,0.0,0.06622516556291391,0.021081948366903195,0.0,0.1235011990407674,0.05025675421758689
35,733.0,0.003665,618.0,0.0021908333295413166,0.0,0.8052980132450331,0.022264884460181003,0.0,0.8489208633093525,0.5728866387124085
36,392.0,0.00196,358.0,0.0016664067094199772,0.0,0.4609271523178808,0.016935269492487654,0.0,0.4400479616306954,0.3458480333211598
37,730.0,0.00365,651.0,0.0006757087851541667,0.0,0.8490066225165563,0.006867057309803022,0.0,0.8453237410071942,0.6022765575242011
38,454.0,0.00227,417.0,0.0015692730314026179,2.5100401606413154e-05,0.5390728476821192,0.01594812451478106,0.004218560820934946,0.514388489208633,0.40492298625524525
39,301.0,0.001505,296.0,0.000913130578743312,2.517623363543555e-05,0.37880794701986753,0.009279914888383863,0.004231305717674931,0.3309352517985612,0.29303859208635796
40,385.0,0.001925,324.0,0.0019343915330393125,0.0,0.41589403973509936,0.019658731407418306,0.0,0.4316546762589928,0.30605636826481986
41,260.0,0.0013,257.0,0.0012232620090933605,2.5037556334489234e-05,0.3271523178807947,0.012431702096980043,0.004207998575514478,0.2817745803357314,0.25925964445256977
42,406.0,0.00203,379.0,0.002520893058093281,1.2537612838512412e-05,0.48874172185430464,0.025619197918022526,0.0021071647831756553,0.4568345323741007,0.3794177248432725
43,580.0,0.0029,562.0,0.001224299670380164,2.513826043236551e-05,0.7311258278145696,0.01244224758592617,0.004224923657768936,0.6654676258992804,0.5481527112884805
44,266.0,0.00133,196.0,0.0032653068801832726,1.6716817118015158e-05,0.24635761589403973,0.033184487123689974,0.002809553044233973,0.28896882494004794,0.19566100857994928
45,413.0,0.002065,382.0,0.0011639696900776686,0.0,0.49271523178807947,0.011829129270257088,0.0,0.4652278177458033,0.3649760157345956
46,507.0,0.002535,458.0,0.0027295355069205953,0.0,0.5933774834437087,0.027739578302048346,0.0,0.5779376498800959,0.4477357667817282
47,373.0,0.001865,370.0,0.0016342535924811442,0.0,0.4768211920529801,0.01660850550545826,0.0,0.41726618705035967,0.3682498414433305
48,67.0,0.000335,63.0,0.006739284685789284,0.0,0.07019867549668875,0.06848964403183545,0.0,0.050359712230215826,0.12358040585945945
49,354.0,0.00177,339.0,0.004071434829870796,0.0,0.4357615894039735,0.04137696138355212,0.0,0.394484412470024,0.35879322704651845
50,357.0,0.001785,328.0,0.004728341464255821,3.348401138455271e-05,0.42119205298013246,0.04805293719535479,0.005627572848018627,0.3980815347721822,0.3554481025918512
51,545.0,0.002725,529.0,0.0018054973268698915,7.518796992477443e-05,0.6874172185430464,0.01834881222312794,0.01263665136135701,0.6235011990407674,0.5313523224153012
52,244.0,0.00122,117.0,0.008283755848277702,2.9269108546570983e-05,0.14172185430463577,0.08418571343209677,0.0049191848208001996,0.262589928057554,0.15204977414026655
53,180.0,0.0009,176.0,0.0007002491834547762,2.5125628140690955e-05,0.21986754966887417,0.007116455164675116,0.004222800580553976,0.1858513189448441,0.17545140973065004
54,539.0,0.002695,528.0,0.0012370299628739474,0.0,0.686092715231788,0.012571622325527077,0.0,0.6163069544364508,0.5137722512263799
55,211.0,0.001055,161.0,0.0017248812834573697,0.0,0.2,0.017529531784030127,0.0,0.22302158273381292,0.15062305696388628
56,517.0,0.002585,484.0,0.002683388606761658,4.185501423068671e-05,0.6278145695364239,0.027270599039052854,0.00703446606002258,0.5899280575539568,0.48514121736931226
57,597.0,0.002985,536.0,0.0034994528341176323,4.181301220938145e-05,0.6966887417218544,0.035564053173225495,0.007027406886856475,0.6858513189448441,0.5335248060984831
58,358.0,0.00179,357.0,0.005371837006894838,8.371002846137342e-05,0.4596026490066225,0.05459261947711871,0.01406893212004516,0.3992805755395683,0.40848002794191585
59,462.0,0.00231,367.0,0.0008946608020333971,0.0,0.4728476821192053,0.009092211223798071,0.0,0.5239808153477218,0.32474564873868683
60,646.0,0.00323,535.0,0.0012601555324615321,0.0,0.695364238410596,0.012806641634390362,0.0,0.7446043165467625,0.48478958508095765
61,689.0,0.003445,671.0,0.0015364532928430984,0.0,0.8754966887417218,0.015614585820993688,0.0,0.7961630695443644,0.6522623536994062
62,365.0,0.001825,360.0,0.004566881709961374,0.0,0.46357615894039733,0.046412062590307716,0.0,0.407673860911271,0.3876860632573237
63,540.0,0.0027,481.0,0.00253585560673991,0.0,0.623841059602649,0.025771258511749565,0.0,0.617505995203837,0.4643605195532475
64,25.0,0.000125,18.0,1.5339660786880769e-06,0.0,0.010596026490066225,1.558930889324087e-05,0.0,0.0,0.010611615798959466
65,337.0,0.001685,318.0,0.007213676044994973,7.518796992477443e-05,0.40794701986754967,0.07331076331060518,0.01263665136135701,0.3741007194244605,0.38166421871217365
66,213.0,0.001065,167.0,0.0009384877975882122,0.0,0.20794701986754968,0.009537613883647655,0.0,0.22541966426858512,0.1498587344706218
67,503.0,0.002515,329.0,0.0014614627426946388,0.0,0.42251655629139073,0.014852475845694733,0.0,0.5731414868105514,0.26542658609392
68,533.0,0.002665,513.0,0.0036125732330435064,0.0,0.6662251655629139,0.036713667148060125,0.0,0.6091127098321342,0.5202050197613337
69,192.0,0.00096,185.0,0.0002416872777373675,0.0,0.23178807947019867,0.002456206614058033,0.0,0.20023980815347722,0.17417234363821354
70,455.0,0.002275,15.0,9.895708840053389e-05,0.0,0.006622516556291391,0.001005675835785779,0.0,0.5155875299760192,-0.14704806660072858
71,766.0,0.00383,662.0,0.0021735207735520553,0.0,0.8635761589403973,0.022088941336797892,0.0,0.8884892086330934,0.6191183376872671
72,470.0,0.00235,438.0,0.0010027964203009009,0.0,0.5668874172185431,0.010191166134831984,0.0,0.5335731414868106,0.41700664090733186
73,353.0,0.001765,306.0,0.0024693142587209446,0.0,0.3920529801324503,0.025095015638551564,0.0,0.3932853717026379,0.2991623842602105
74,140.0,0.0007,128.0,0.01386888807337988,5.0226017076820694e-05,0.1562913907284768,0.1409459982104777,0.008441359272026532,0.13788968824940048,0.2643118417361609
75,83.0,0.000415,39.0,0.004208510845014643,0.0015007503751875938,0.038410596026490065,0.0427700302210062,0.2522273083133551,0.06954436450839328,0.31254462520833337
76,409.0,0.002045,374.0,0.0006261540045515123,0.0,0.4821192052980132,0.0063634446206539495,0.0,0.46043165467625896,0.3503531535157895
77,537.0,0.002685,521.0,0.002116643815561438,0.0,0.6768211920529801,0.021510915212659645,0.0,0.6139088729016786,0.5141594453951361
78,506.0,0.00253,415.0,0.0033070668684534892,0.0,0.5364238410596026,0.03360888331182427,0.0,0.5767386091127098,0.397011141637614
79,491.0,0.002455,472.0,0.004225348646389609,0.0,0.6119205298013245,0.04294114853344103,0.0,0.5587529976019184,0.48723577905418997
80,730.0,0.00365,695.0,0.0015450949224755006,0.0,0.9072847682119205,0.01570240851508854,0.0,0.8453237410071942,0.6693900544248508
81,141.0,0.000705,81.0,0.003628258436480056,8.379420144123234e-05,0.09403973509933775,0.03687307189945777,0.014083078859232132,0.13908872901678657,0.10326926715299167
82,587.0,0.002935,405.0,0.0013407672211844235,2.506265664159148e-05,0.5231788079470199,0.013625877817879967,0.004212217120452337,0.6738609112709832,0.3388586295040572
83,185.0,0.000925,183.0,0.0004315016707197162,0.0,0.22913907284768212,0.004385242233356468,0.0,0.19184652278177458,0.1759703582465062
84,333.0,0.001665,321.0,0.00191244294975601,0.0,0.4119205298013245,0.019435673512379934,0.0,0.3693045563549161,0.3205648364072296
85,672.0,0.00336,512.0,0.002333859737477255,7.526342197688158e-05,0.6649006622516557,0.02371842563308031,0.01264933239634081,0.7757793764988009,0.4685346073314366
86,308.0,0.00154,307.0,0.0034164795513323596,5.010020040077656e-05,0.3933774834437086,0.034720816707180496,0.008420213582467348,0.3393285371702638,0.3347199525822774
87,185.0,0.000925,180.0,0.0020670606283169483,0.0,0.2251655629139073,0.0210070138340015,0.0,0.19184652278177458,0.18861861991337642
88,385.0,0.001925,371.0,0.003919673918935335,0.0,0.4781456953642384,0.039834653668041294,0.0,0.4316546762589928,0.3884839461545819
89,314.0,0.00157,286.0,0.0015435715079167118,0.0,0.3655629139072848,0.015686926438620637,0.0,0.34652278177458035,0.27729300581353133
90,780.0,0.0039,765.0,0.0021016012511661875,2.5113008538410347e-05,1.0,0.02135804143913749,0.004220679636013266,0.9052757793764987,0.7539959872622012
91,530.0,0.00265,167.0,0.0043416604581727886,2.5087807325627197e-05,0.20794701986754968,0.044123196029153086,0.0042164441321136045,0.605515587529976,0.07463198376982352
92,253.0,0.001265,149.0,0.0008927736032176236,0.0,0.18410596026490067,0.009073032100028128,0.0,0.27338129496402874,0.11116460387572018
93,293.0,0.001465,238.0,0.0001881693239490009,0.0,0.3019867549668874,0.0019123171992056663,0.0,0.3213429256594724,0.20749619446825135
94,154.0,0.00077,91.0,0.0005432643319708914,1.6758840288246466e-05,0.10728476821192053,0.00552105786395067,0.0028166157718464264,0.15467625899280574,0.0692195641498759
95,286.0,0.00143,132.0,0.0005243758347883969,2.5113008538410347e-05,0.16158940397350993,0.005329098849212318,0.004220679636013266,0.31294964028776984,0.07725429037240457
96,367.0,0.001835,353.0,0.001439625934075931,0.0,0.4543046357615894,0.014630553888273896,0.0,0.41007194244604317,0.34591360691605033
97,131.0,0.000655,29.0,0.005863167184682092,0.005012531328320802,0.025165562913907286,0.05958588368061873,0.8424434240908886,0.12709832134292565,0.889065374282537
98,89.0,0.000445,44.0,0.0010942926231378657,1.6733601070944892e-05,0.045033112582781455,0.01112101887955758,0.0028123738806237666,0.07673860911270983,0.03594492260914986
99,185.0,0.000925,139.0,0.00074463104995013,2.506265664159148e-05,0.17086092715231788,0.007567496837413004,0.004212217120452337,0.19184652278177458,0.12508668427565084
100,414.0,0.00207,407.0,0.0009763935553105176,0.0,0.5258278145695364,0.009922840502524885,0.0,0.4664268585131894,0.3958225975181045
101,60.0,0.0003,59.0,0.0013485991201530334,0.0,0.06490066225165562,0.013705471424243632,0.0,0.04196642685851318,0.06601620561834531
102,370.0,0.00185,328.0,0.0016888341775597206,0.0,0.42119205298013246,0.017163194173079547,0.0,0.4136690647482014,0.31425452772875156
103,233.0,0.001165,206.0,0.008231044737773426,5.862646566161782e-05,0.2596026490066225,0.08365002376126669,0.009853201354626884,0.24940047961630699,0.27828573023762393
104,512.0,0.00256,440.0,0.0018741506326983134,2.5100401606413154e-05,0.5695364238410596,0.01904651838884494,0.004218560820934946,0.5839328537170264,0.41762164693573167
105,521.0,0.002605,387.0,0.0016534216893177454,0.0,0.49933774834437084,0.01680330602069318,0.0,0.5947242206235012,0.33772378817801363
106,548.0,0.00274,476.0,0.0017723714682459364,2.5125628140690955e-05,0.6172185430463576,0.018012162508628176,0.004222800580553976,0.6270983213429255,0.45132400973266207
107,466.0,0.00233,430.0,0.0008215379765379254,0.0,0.5562913907284768,0.008349082461283071,0.0,0.5287769784172661,0.40600737966458
108,604.0,0.00302,559.0,0.00393032892638492,2.513826043236551e-05,0.7271523178807947,0.03994293781115182,0.004224923657768936,0.6942446043165468,0.5630467980547513
109,679.0,0.003395,638.0,0.0027786977422755554,0.0,0.8317880794701987,0.02823920165322841,0.0,0.7841726618705036,0.6247754825622761
110,430.0,0.00215,424.0,0.006776956928912173,5.012531328318296e-05,0.5483443708609271,0.06887249750095928,0.008424434240904674,0.4856115107913669,0.479957849365381
111,628.0,0.00314,475.0,0.0020512844823047166,0.0,0.6158940397350994,0.020846684856231736,0.0,0.7230215827338129,0.4198342497711873
112,736.0,0.00368,678.0,0.0036371313744630457,4.185501423068671e-05,0.8847682119205298,0.03696324532175776,0.00703446606002258,0.8525179856115108,0.6730105276188569
113,262.0,0.00131,261.0,0.004181359737455068,0.0,0.33245033112582784,0.04249410038890599,0.0,0.28417266187050355,0.2896926329535828
114,580.0,0.0029,546.0,0.005899014059990749,2.5113008538410347e-05,0.7099337748344371,0.05995018639878709,0.004220679636013266,0.6654676258992804,0.5744643530994533
115,216.0,0.00108,181.0,0.001424602237566116,5.0226017076820694e-05,0.22649006622516557,0.014477871864294516,0.008441359272026532,0.2290167865707434,0.1807042613902636
116,540.0,0.0027,513.0,0.004741179513646645,0.0,0.6662251655629139,0.04818340704101879,0.0,0.617505995203837,0.5291567740427816
117,385.0,0.001925,221.0,0.0033526250647610573,0.0015067805123053742,0.27947019867549666,0.03407187972662439,0.2532407781609226,0.4316546762589928,0.4372864536853459
118,859.0,0.004295,562.0,0.0011673413567459276,0.0,0.7311258278145696,0.011863394664979173,0.0,1.0,0.4429892224795488
119,369.0,0.001845,330.0,0.002137661593854373,5.017561465125439e-05,0.423841059602649,0.021724513572239045,0.008432888264227209,0.4124700239808154,0.33025745424487063
120,498.0,0.00249,421.0,0.0011544676904059494,2.5100401606413154e-05,0.5443708609271524,0.011732562853278304,0.004218560820934946,0.567146282973621,0.3901780997092793
121,488.0,0.00244,476.0,0.0019227318262034908,2.5087807325627197e-05,0.6172185430463576,0.019540236758811922,0.0042164441321136045,0.5551558752997602,0.47442846134735506
122,324.0,0.00162,282.0,0.0027579941706448855,0.0,0.36026490066225164,0.02802879649640781,0.0,0.3585131894484412,0.28073974032412713
123,232.0,0.00116,231.0,0.0014276254091121518,0.0,0.29271523178807946,0.014508595591320289,0.0,0.24820143884892082,0.2327633957247235
124,592.0,0.00296,464.0,0.0021494375959442927,0.0,0.6013245033112583,0.021844190100069577,0.0,0.6798561151079137,0.41921185887895374
125,493.0,0.002465,479.0,0.002438195246386094,2.506265664159148e-05,0.6211920529801325,0.024778760994801256,0.004212217120452337,0.5611510791366906,0.4818377073543789
126,320.0,0.0016,301.0,0.0032189486989900986,0.0,0.38543046357615895,0.03271336066503497,0.0,0.3537170263788969,0.3120287163275248
127,195.0,0.000975,50.0,0.000401964160861455,0.0,0.052980132450331126,0.004085059998876161,0.0,0.20383693045563547,-0.004085886687483359
128,309.0,0.001545,243.0,0.0011108901821481887,0.0,0.3086092715231788,0.011289695669664312,0.0,0.3405275779376498,0.21774069381154815
129,396.0,0.00198,366.0,0.004057594177247342,2.513826043236551e-05,0.47152317880794703,0.04123630233507068,0.004224923657768936,0.44484412470023976,0.38353116739071474
130,396.0,0.00198,284.0,0.0012531819360514975,0.0,0.3629139072847682,0.01273577073962729,0.0,0.44484412470023976,0.24219644061432355
131,462.0,0.00231,420.0,0.0024124545926294634,2.5100401606413154e-05,0.543046357615894,0.02451716524760633,0.004218560820934946,0.5239808153477218,0.41458783908011876
132,528.0,0.00264,293.0,0.0018621062264208984,0.0,0.3748344370860927,0.01892411413721058,0.0,0.6031175059952038,0.21282329942474215
133,485.0,0.002425,429.0,0.002160178326685242,0.0,0.5549668874172186,0.021953345427287104,0.0,0.5515587529976019,0.4114526069452251
134,442.0,0.00221,401.0,0.002724707938503908,0.0,0.5178807947019868,0.027690516946457383,0.0,0.5,0.39557131164844417
135,246.0,0.00123,243.0,0.0033078747496278886,0.0,0.3086092715231788,0.033617093603663,0.0,0.26498800959232616,0.26272996224914397
136,452.0,0.00226,416.0,0.00524061027381769,0.0,0.5377483443708609,0.05325899541240657,0.0,0.5119904076738608,0.4374102174811092
137,259.0,0.001295,230.0,0.001782915753180606,0.0,0.2913907284768212,0.018119321406851983,0.0,0.2805755395683453,0.22533738801316955
138,403.0,0.002015,375.0,0.002458509478156763,5.017561465125439e-05,0.48344370860927155,0.02498520938919645,0.008432888264227209,0.4532374100719424,0.38089058324111247
139,591.0,0.002955,569.0,0.0014988573902958012,0.0,0.7403973509933774,0.015232508181811958,0.0,0.6786570743405276,0.5520327368730311
140,480.0,0.0024,278.0,0.004048592803669314,4.172926055748484e-05,0.35496688741721855,0.04114482365433522,0.0070133309591912645,0.5455635491606714,0.2394559772825436
141,342.0,0.00171,272.0,0.002598129977441067,0.0,0.34701986754966885,0.026404137174765904,0.0,0.3800959232613909,0.25939522774601753
142,488.0,0.00244,482.0,0.0006605715597481206,4.189710072061198e-05,0.6251655629139072,0.006713221520394114,0.007041539429615363,0.5551558752997602,0.47237356127398866
143,316.0,0.00158,313.0,0.0017244464329200025,0.0,0.4013245033112583,0.017525112508112888,0.0,0.3489208633093525,0.31417335682656544
144,96.0,0.00048,35.0,0.0001241688842537527,0.0,0.033112582781456956,0.0012618969340028269,0.0,0.08513189448441247,0.00883491137013604
145,532.0,0.00266,469.0,0.0025966238249541993,0.0,0.6079470198675496,0.02638883052836458,0.0,0.6079136690647482,0.4519617496764898
146,449.0,0.002245,397.0,0.003787642239933597,2.5113008538410347e-05,0.5125827814569537,0.0384928491416911,0.004220679636013266,0.5083932853717026,0.40277832462314733
147,518.0,0.00259,511.0,0.0005971634793001114,0.0,0.6635761589403973,0.0060688212522494065,0.0,0.5911270983213428,0.4923068506962439
148,275.0,0.001375,88.0,0.00070724605256606,2.506265664159148e-05,0.10331125827814569,0.007187562574008878,0.004212217120452337,0.29976019184652275,0.024782980418650083
149,287.0,0.001435,285.0,0.007814495435595752,1.675041876046343e-05,0.36423841059602646,0.07941673866381171,0.0028152003870364536,0.31414868105515587,0.3522257453303279
150,617.0,0.003085,507.0,0.0021717956879376706,0.0,0.6582781456953642,0.02207140972845038,0.0,0.709832134292566,0.46739991513604484
151,139.0,0.000695,126.0,0.009573678359101973,4.181301220938145e-05,0.15364238410596026,0.09729486933128237,0.007027406886856475,0.13669064748201437,0.2169574660794948
152,301.0,0.001505,272.0,0.0009693791438287815,2.5087807325627197e-05,0.34701986754966885,0.009851554814521536,0.0042164441321136045,0.3309352517985612,0.2618072909567356
153,231.0,0.001155,25.0,0.00024409306584697124,0.0,0.019867549668874173,0.002480656029526447,0.0,0.2470023980815348,-0.05175251372605981
154,562.0,0.00281,443.0,0.0011789572910095307,2.5201612903213206e-05,0.5735099337748344,0.011981444464016295,0.004235571146825813,0.6438848920863309,0.39656148175977723
155,522.0,0.00261,277.0,0.003049909730074188,2.5087807325627197e-05,0.3536423841059603,0.03099546042067049,0.0042164441321136045,0.5959232613908872,0.21007731024147816
156,450.0,0.00225,317.0,0.0006202243785798465,0.0,0.4066225165562914,0.006303183333147031,0.0,0.5095923261390887,0.26004800204771183
157,585.0,0.002925,560.0,0.0023680100825124693,0.0,0.7284768211920529,0.024065486943601617,0.0,0.671462829736211,0.5511034592147913
158,299.0,0.001495,290.0,0.0024451037013980695,4.191817572097446e-05,0.3708609271523179,0.024848969874028137,0.007045081451461245,0.328537170263789,0.30419382739867057
159,512.0,0.00256,499.0,0.0014762900002084538,0.0,0.6476821192052981,0.015003161509891541,0.0,0.5839328537170264,0.4875054246000817
160,370.0,0.00185,366.0,0.008007358531242745,0.0,0.47152317880794703,0.08137675747643046,0.0,0.4136690647482014,0.42879921685991707
161,396.0,0.00198,301.0,0.0028303943541858863,0.0,0.38543046357615895,0.028764581231695625,0.0,0.44484412470023976,0.28074180739778265
162,395.0,0.001975,371.0,0.002522572891097383,0.0,0.4781456953642384,0.02563626963554864,0.0,0.44364508393285373,0.3706884398199309
163,582.0,0.00291,513.0,0.003324710324809919,0.0,0.6662251655629139,0.03378818929186265,0.0,0.6678657074340527,0.49965364262456075
164,577.0,0.002885,494.0,0.004772195127993842,2.505010020038828e-05,0.6410596026490066,0.04849861087719854,0.004210106791233674,0.6618705035971223,0.49520716923830216
165,437.0,0.002185,413.0,0.002162366908738253,0.0,0.5337748344370861,0.02197558743259388,0.0,0.49400479616306947,0.4075489830207591
166,177.0,0.000885,47.0,0.00015735710778172338,0.005040120361083237,0.04900662251655629,0.0015991804472327603,0.847080242836823,0.18225419664268586,0.8430097868078064
167,236.0,0.00118,235.0,0.0019372900752502018,1.6716817118015158e-05,0.2980132450331126,0.01968818855806423,0.002809553044233973,0.2529976019184652,0.24461170605987126
168,444.0,0.00222,396.0,0.005117136648070386,7.530120481923945e-05,0.5112582781456954,0.05200416421458153,0.012655682462804838,0.5023980815347722,0.42519870036265006
169,492.0,0.00246,459.0,0.0020931737769973105,2.5201612903213206e-05,0.5947019867549669,0.021272395152799273,0.004235571146825813,0.5599520383693045,0.45222434154380053
170,492.0,0.00246,388.0,0.0019319555055456513,0.0,0.5006622516556292,0.019633974676745623,0.0,0.5599520383693045,0.35231061482158343
171,391.0,0.001955,384.0,0.0013496262393174101,0.0,0.495364238410596,0.013715909776268555,0.0,0.43884892086330934,0.37742547192787174
172,662.0,0.00331,469.0,0.0036059781050485004,2.5125628140690955e-05,0.6079470198675496,0.036646642531979606,0.004222800580553976,0.76378896882494,0.41967977233260123
173,433.0,0.002165,131.0,0.003410221802497187,1.6716817118015158e-05,0.16026490066225166,0.03465722079008482,0.002809553044233973,0.4892086330935251,0.05096908456851293
174,796.0,0.00398,725.0,0.001968514916552578,0.0,0.9470198675496688,0.020005518714818073,0.0,0.9244604316546762,0.6896872567680841
175,50.0,0.00025,50.0,0.0010166275267127639,0.0,0.052980132450331126,0.010331728167581902,0.0,0.02997601918465228,0.05431905486251734
176,494.0,0.00247,457.0,0.002599898719826944,0.0,0.5920529801324503,0.026422112455829212,0.0,0.5623501199040767,0.4497700566170566
177,420.0,0.0021,241.0,0.0009274189433799908,2.5037556334489234e-05,0.30596026490066225,0.009425123920705457,0.004207998575514478,0.47362110311750594,0.17750705646163037
178,468.0,0.00234,448.0,0.0028176463662527972,6.683375104424672e-05,0.5801324503311258,0.028635026657825125,0.011232578987873366,0.5311750599520384,0.4606475379912128
179,411.0,0.002055,319.0,0.0011416750947921034,5.017561465125439e-05,0.40927152317880794,0.0116025549428419,0.008432888264227209,0.46282973621103113,0.2904580455225677
180,340.0,0.0017,254.0,0.002255449768883514,0.0,0.32317880794701986,0.02292156497383903,0.0,0.3776978417266187,0.23279102040287328
181,485.0,0.002425,462.0,0.0018174844940562584,0.0,0.5986754966887418,0.018470634768371585,0.0,0.5515587529976019,0.45167850555783284
182,244.0,0.00122,237.0,0.0019286208841156206,1.6742005692276355e-05,0.30066225165562915,0.019600085763400662,0.0028137864240093133,0.262589928057554,0.24429914542577294
183,139.0,0.000695,46.0,0.00018116757904368283,0.0,0.04768211920529802,0.0018411602384115716,0.0,0.13669064748201437,0.008516085199105274
184,540.0,0.0027,291.0,0.0009243393197215287,0.0,0.37218543046357616,0.009393826485153455,0.0,0.617505995203837,0.19632745838757854
185,398.0,0.00199,392.0,0.0026552043816253173,2.5087807325627197e-05,0.5059602649006623,0.02698416989458127,0.0042164441321136045,0.44724220623501193,0.4029882170568536
186,606.0,0.00303,602.0,0.004316602750670015,4.187604690115439e-05,0.7841059602649006,0.04386854089183004,0.007038000967590431,0.6966426858513189,0.6260196963689254
187,470.0,0.00235,393.0,0.0037318837590974295,2.5100401606413154e-05,0.5072847682119205,0.03792618981770117,0.004218560820934946,0.5335731414868106,0.3893575764045134
188,186.0,0.00093,185.0,0.002936556712171736,0.0,0.23178807947019867,0.02984348239807061,0.0,0.1930455635491607,0.2037178928035211
189,603.0,0.003015,527.0,0.0008415190703784327,2.505010020038828e-05,0.6847682119205298,0.008552145259236794,0.004210106791233674,0.6930455635491606,0.4896167949062521
190,402.0,0.00201,302.0,0.002047254719712172,0.0,0.38675496688741723,0.02080573139924569,0.0,0.4520383693045563,0.27194918749529606
191,82.0,0.00041,82.0,0.0018621913635441505,0.0,0.09536423841059603,0.018924979364239453,0.0,0.06834532374100719,0.09378562065253333
192,264.0,0.00132,258.0,0.00032942303273638497,0.0,0.32847682119205296,0.003347842879464334,0.0,0.2865707434052757,0.24585344104993456
193,175.0,0.000875,160.0,0.0012370362635350358,0.0,0.1986754966887417,0.012571686357550538,0.0,0.17985611510791366,0.15729034851391815
194,426.0,0.00213,414.0,0.002795451243724545,1.6725204883754253e-05,0.5350993377483444,0.02840946324685832,0.0028109627547428712,0.4808153477218225,0.4220751594333989
195,124.0,0.00062,70.0,0.0011525255698747402,1.6758840288246466e-05,0.07947019867549669,0.011712825574019288,0.0028166157718464264,0.11870503597122302,0.058388129229995506
196,418.0,0.00209,411.0,0.0006421133474346562,0.00010040160642566099,0.5311258278145695,0.006525635381841613,0.016874243283741194,0.4712230215827337,0.4131588000053322
197,466.0,0.00233,264.0,0.004394983206041634,2.5125628140690955e-05,0.33642384105960266,0.044665101615666954,0.004222800580553976,0.5287769784172661,0.22667864973064375
198,385.0,0.001925,378.0,0.0011551211301102661,2.5113008538410347e-05,0.48741721854304637,0.011739203595557569,0.004220679636013266,0.4316546762589928,0.37388069889691944
199,516.0,0.00258,510.0,0.0011482064964822088,0.0,0.6622516556291391,0.011668931924619728,0.0,0.5887290167865706,0.4973018825177876
200,407.0,0.002035,260.0,0.002612602600628898,5.025125628138191e-05,0.33112582781456956,0.026551218780092884,0.008445601161107952,0.45803357314148674,0.22871257581332435
201,647.0,0.003235,628.0,0.0025731587210694093,2.5100401606413154e-05,0.8185430463576159,0.02615036061840097,0.004218560820934946,0.7458033573141486,0.6251709606027072
202,517.0,0.002585,501.0,0.002548444038834304,6.690081953500864e-05,0.6503311258278146,0.02589919156002722,0.011243851018970078,0.5899280575539568,0.5104957511406248
203,573.0,0.002865,536.0,0.0024885191428330117,0.0,0.6966887417218544,0.025290190013553364,0.0,0.6570743405275778,0.5248566295771344
204,460.0,0.0023,439.0,0.003973830411650476,0.0,0.5682119205298013,0.04038503239234329,0.0,0.5215827338129496,0.45212213277825963
205,804.0,0.00402,687.0,0.001860307137858922,0.0,0.8966887417218543,0.018905830455642512,0.0,0.934052757793765,0.6353787448393673
206,404.0,0.00202,362.0,0.0014062783653642026,0.0,0.46622516556291393,0.014291650990283922,0.0,0.45443645083932854,0.34418588130139927
207,539.0,0.002695,375.0,0.002540292176171548,2.5087807325627197e-05,0.48344370860927155,0.0258163462436473,0.0042164441321136045,0.6163069544364508,0.3285844126540972
208,250.0,0.00125,246.0,0.0021567847536123324,0.0,0.3125827814569536,0.021918857403320748,0.0,0.26978417266187055,0.2535663870617132
209,113.0,0.000565,60.0,0.004747805415690554,0.00010882303699979214,0.06622516556291391,0.04825074440596704,0.018289611756059834,0.105515587529976,0.10111084546594801
210,418.0,0.00209,213.0,0.0019475860034969315,0.0,0.26887417218543047,0.01979282347014663,0.0,0.4712230215827337,0.14730008918075696
211,242.0,0.00121,209.0,0.0022523736299788436,2.5113008538410347e-05,0.2635761589403974,0.022890302952957554,0.004220679636013266,0.26019184652278177,0.21262958757253367
212,554.0,0.00277,466.0,0.001828083629359097,0.0,0.6039735099337749,0.01857835109700026,0.0,0.6342925659472421,0.4322640912466025
213,390.0,0.00195,347.0,0.0016635450558497862,0.0,0.4463576158940397,0.016906187231757804,0.0,0.4376498800959232,0.3319688390970206
214,464.0,0.00232,387.0,0.0017686922006668556,2.5075225677018556e-05,0.49933774834437084,0.017974771043726794,0.004214329566350257,0.526378896882494,0.3636131798896997
215,429.0,0.002145,348.0,0.0031108400715679947,0.0,0.447682119205298,0.03161468005512941,0.0,0.4844124700239808,0.3339730582532332
216,481.0,0.002405,419.0,0.0031397563743125276,0.0,0.5417218543046357,0.03190854911898806,0.0,0.5467625899280575,0.4096016264452066
217,477.0,0.002385,449.0,0.0013470715900811374,0.0,0.5814569536423841,0.013689947522857973,0.0,0.5419664268585132,0.43255697310768826
218,490.0,0.00245,442.0,0.0035628223507606486,0.0,0.5721854304635762,0.03620806152718352,0.0,0.5575539568345323,0.4411273049404
219,508.0,0.00254,481.0,0.0018523193538533798,0.0,0.623841059602649,0.018824652629114962,0.0,0.579136690647482,0.4689247050375194
220,343.0,0.001715,247.0,0.0010255000520137572,0.0,0.31390728476821195,0.010421897395899242,0.0,0.38129496402877694,0.20994069295547807
221,678.0,0.00339,531.0,0.0013576091002793517,0.0,0.6900662251655629,0.013797037571150392,0.0,0.7829736211031174,0.46897117640577807
222,576.0,0.00288,359.0,0.005859141128159619,2.506265664159148e-05,0.46225165562913906,0.05954496788748453,0.004212217120452337,0.6606714628297362,0.32780740178815515
223,319.0,0.001595,281.0,0.0025907386714894578,0.0,0.35894039735099337,0.02632902120368613,0.0,0.35251798561151076,0.2795140228712263
224,425.0,0.002125,414.0,0.0019270924718795364,0.0,0.5350993377483444,0.0195845528968037,0.0,0.47961630695443647,0.4107989985588172
225,476.0,0.00238,458.0,0.0018663963251886186,2.5087807325627197e-05,0.5933774834437087,0.01896771332483388,0.0042164441321136045,0.5407673860911271,0.45433142507331803
226,38.0,0.00019,10.0,5.210886086232894e-05,0.0,0.0,0.0005295691601945395,0.0,0.015587529976019187,-0.004146689832611216
227,498.0,0.00249,480.0,0.0019886114289323553,0.0,0.6225165562913907,0.020209754482165113,0.0,0.567146282973621,0.4725824258814695
228,155.0,0.000775,25.0,0.0005463619385850774,0.0,0.019867549668874173,0.005552538055728828,0.0,0.15587529976019185,-0.021342502203454555
229,580.0,0.0029,563.0,0.006882003810414476,0.00016742005692274684,0.7324503311258278,0.06994006236224463,0.02813786424009032,0.6654676258992804,0.6308879699583786
230,337.0,0.001685,328.0,0.0028194158726281503,0.0,0.42119205298013246,0.02865300970312006,0.0,0.3741007194244605,0.33761484685591436
231,575.0,0.002875,525.0,0.0033206664196167857,5.03271263210619e-05,0.6821192052980133,0.033747092107207395,0.00845835244620273,0.65947242206235,0.5264829232327184
232,37.0,0.000185,32.0,0.0007346354567576808,0.0,0.02913907284768212,0.007465914154449417,0.0,0.014388489208633093,0.03228844023954161
233,661.0,0.003305,488.0,0.0030455010955410208,0.0,0.633112582781457,0.030950656584073446,0.0,0.762589928057554,0.4352862609482643
234,446.0,0.00223,280.0,0.0023214670707562,2.5125628140690955e-05,0.3576158940397351,0.02359248209872867,0.004222800580553976,0.5047961630695443,0.23399232779815443
235,532.0,0.00266,530.0,0.004454638381425057,0.0,0.6887417218543046,0.04527136205978838,0.0,0.6079136690647482,0.5516389831946686
236,182.0,0.00091,25.0,0.0007020845866142055,0.0,0.019867549668874173,0.0071351079023030855,0.0,0.1882494004796163,-0.029472162572707628
237,381.0,0.001905,381.0,0.0030781963352019765,2.513826043236551e-05,0.4913907284768212,0.03128293002707493,0.004224923657768936,0.4268585131894484,0.3988410282048306
238,720.0,0.0036,575.0,0.001176574064842555,0.0,0.7483443708609272,0.011957224339858652,0.0,0.8333333333333333,0.5103015952007859
239,163.0,0.000815,20.0,0.00046535188642118696,0.0,0.013245033112582781,0.00472925340544469,0.0,0.16546762589928057,-0.0316660012517567
240,510.0,0.00255,396.0,0.0022478797868549284,0.0,0.5112582781456954,0.02284463316302557,0.0,0.5815347721822542,0.3596424796540446
241,377.0,0.001885,342.0,0.0025896043882987028,5.010020040077656e-05,0.43973509933774835,0.02631749377079256,0.008420213582467348,0.422062350119904,0.34785410165503705
242,285.0,0.001425,275.0,0.0004235305951311873,0.0,0.3509933774834437,0.004304234210240843,0.0,0.3117505995203837,0.2617724318375695
243,629.0,0.003145,572.0,0.0023087632352048345,0.0,0.7443708609271523,0.02346337623433527,0.0,0.724220623501199,0.5505680501111279
244,595.0,0.002975,480.0,0.002206757614898032,2.506265664159148e-05,0.6225165562913907,0.022426718940603323,0.004212217120452337,0.6834532374100719,0.4441195211294249
245,633.0,0.003165,632.0,0.0011523938002132722,2.5125628140690955e-05,0.823841059602649,0.011711486432310797,0.004222800580553976,0.7290167865707433,0.6210703106442907
246,299.0,0.001495,293.0,0.0007072794195783808,0.0,0.3748344370860927,0.007187901674507345,0.0,0.328537170263789,0.28346118768146333
247,286.0,0.00143,286.0,0.003601217936389854,4.177109440265525e-05,0.3655629139072848,0.036598266143065564,0.00702036186742103,0.31294964028776984,0.31529664983144046
248,488.0,0.00244,465.0,0.008254477330934555,2.5100401606413154e-05,0.6026490066225165,0.08388816327297671,0.004218560820934946,0.5551558752997602,0.5242089681265001
249,368.0,0.00184,306.0,0.0038406401414224005,5.865594100885845e-05,0.3920529801324503,0.03903145339668813,0.009858155201461789,0.41127098321342925,0.31756129376657144
250,261.0,0.001305,50.0,0.007471671814230442,7.697456492634785e-05,0.052980132450331126,0.0759327089948284,0.012936919850869552,0.2829736211031175,0.056957674965093824
251,372.0,0.00186,372.0,0.0007670494753973654,0.0,0.4794701986754967,0.0077953296194103365,0.0,0.4160671462829736,0.36244538441001495
252,583.0,0.002915,552.0,0.004588990461101804,2.506265664159148e-05,0.7178807947019867,0.046636748230727304,0.004212217120452337,0.6690647482014388,0.5680103355927347
253,243.0,0.001215,243.0,0.0053719216919311825,2.5075225677018556e-05,0.3086092715231788,0.0545934801097028,0.004214329566350257,0.2613908872901678,0.2889998150121815
254,432.0,0.00216,290.0,0.004374775591444352,2.506265664159148e-05,0.3708609271523179,0.0444597367446119,0.004212217120452337,0.48800959232613905,0.2731300033195404
255,641.0,0.003205,577.0,0.0011139947263165892,2.506265664159148e-05,0.7509933774834437,0.011321246366049528,0.004212217120452337,0.7386091127098321,0.544944107156996
256,578.0,0.00289,569.0,0.003989201351348851,7.560483870963961e-05,0.7403973509933774,0.04054124336093413,0.012706713440477437,0.6630695443645084,0.5947244444854365
257,266.0,0.00133,256.0,0.0033314737731005182,0.0,0.3258278145695364,0.03385692450449251,0.0,0.28896882494004794,0.27299409159201454
258,366.0,0.00183,357.0,0.0017626471259982875,0.0,0.4596026490066225,0.017913336480342178,0.0,0.40887290167865703,0.35485411498336755
259,716.0,0.00358,701.0,0.0021483995855178066,2.5100401606413154e-05,0.9152317880794701,0.02183364106290525,0.004218560820934946,0.8285371702637889,0.6927228388841737
260,297.0,0.001485,278.0,0.00728255367097502,0.00010045203415364139,0.35496688741721855,0.07401074918523051,0.016882718544053064,0.3261390887290168,0.348018628527797
261,496.0,0.00248,461.0,0.0006062866107128682,0.0,0.5973509933774834,0.006161537327032972,0.0,0.5647482014388489,0.4340880702728617
262,108.0,0.00054,26.0,0.00028218496455812136,5.015045135403711e-05,0.02119205298013245,0.002867774352146744,0.008428659132700514,0.09952038369304556,0.002632371357066045
263,292.0,0.00146,259.0,0.0020611945650454064,0.0,0.32980132450331123,0.020947398518123345,0.0,0.3201438848920863,0.2547055575538087
264,458.0,0.00229,389.0,0.0046958155778358554,0.0,0.5019867549668874,0.047722384846465196,0.0,0.5191846522781774,0.39395374412989936
265,117.0,0.000585,107.0,0.009654453009929424,5.0226017076820694e-05,0.12847682119205298,0.09811576165738241,0.008441359272026532,0.11031175059952038,0.2019404169416058
266,654.0,0.00327,630.0,0.0020956691427904263,0.0,0.8211920529801324,0.021297754923586237,0.0,0.7541966426858513,0.6162308150979633
267,325.0,0.001625,263.0,0.0027563444887635526,0.0,0.3350993377483444,0.028012031197108832,0.0,0.3597122302158273,0.255197699880705
268,417.0,0.002085,385.0,0.003139396265087898,2.5100401606413154e-05,0.4966887417218543,0.03190488942010941,0.004218560820934946,0.4700239808153477,0.39180499771829436
269,424.0,0.00212,358.0,0.0025788291649845416,0.0,0.4609271523178808,0.026207987904286193,0.0,0.4784172661870503,0.34360996036605185
270,81.0,0.000405,10.0,1.8314796765787843e-06,0.0,0.0,1.861286426509392e-05,0.0,0.0671462829736211,-0.020125272027821235
271,366.0,0.00183,365.0,0.002639276690234355,2.5075225677018556e-05,0.47019867549668876,0.026822300799495227,0.004214329566350257,0.40887290167865703,0.37857343535893706
272,578.0,0.00289,574.0,0.009554073645836695,1.6733601070944892e-05,0.7470198675496689,0.09709563159382391,0.0028123738806237666,0.6630695443645084,0.648007009714764
273,507.0,0.002535,489.0,0.0018854283704164893,0.0,0.6344370860927152,0.01916113118201437,0.0,0.5779376498800959,0.4802169223107008
274,453.0,0.002265,411.0,0.0028117518770344008,0.0,0.5311258278145695,0.028575122456245876,0.0,0.513189448441247,0.40574411573844127
275,568.0,0.00284,506.0,0.0004987103102400511,0.0,0.6569536423841059,0.005068266621140226,0.0,0.6510791366906474,0.46669816799805197
276,388.0,0.00194,352.0,0.0055895106069477314,0.00010020040080155312,0.45298013245033114,0.05680478116457305,0.016840427164934696,0.4352517985611511,0.3960498012114936
277,472.0,0.00236,415.0,0.0010583850218409867,0.0,0.5364238410596026,0.010756099018545314,0.0,0.5359712230215827,0.3863885731716732
278,512.0,0.00256,448.0,0.0020833366211388178,2.5100401606413154e-05,0.5801324503311258,0.021172422628348047,0.004218560820934946,0.5839328537170264,0.43034357766530096
279,347.0,0.001735,346.0,0.0032804859801281484,0.0,0.44503311258278144,0.033338748473435355,0.0,0.38609112709832133,0.36254452292672046
280,455.0,0.002275,443.0,0.0024109255470575043,0.0,0.5735099337748344,0.024501625944577218,0.0,0.5155875299760192,0.44333530072660576
281,420.0,0.0021,226.0,0.0021093792130157806,1.6758840288246466e-05,0.2860927152317881,0.02143708689621621,0.0028166157718464264,0.47362110311750594,0.16826008696459896
282,158.0,0.00079,116.0,0.0005727356294693308,0.0,0.1403973509933775,0.005820567198981534,0.0,0.15947242206235013,0.09837619157365399
283,688.0,0.00344,546.0,0.0010169990467185825,2.5100401606413154e-05,0.7099337748344371,0.010335503831340829,0.004218560820934946,0.7949640287769784,0.4859986308536194
284,220.0,0.0011,98.0,0.0035404097765765487,0.0,0.11655629139072848,0.035980288210092026,0.0,0.2338129496402878,0.08239269470873417
285,232.0,0.00116,178.0,0.002369783516871858,1.6725204883754253e-05,0.22251655629139072,0.02408350990800383,0.0028109627547428712,0.24820143884892082,0.17495059729946122
286,423.0,0.002115,317.0,0.005102279970206071,2.5113008538410347e-05,0.4066225165562914,0.05185317955881114,0.004220679636013266,0.47721822541966424,0.3195309081252165
287,515.0,0.002575,481.0,0.0042793609258391565,2.5087807325627197e-05,0.623841059602649,0.043490061654836244,0.0042164441321136045,0.5875299760191847,0.4952885725838435
288,501.0,0.002505,416.0,0.002113668055710416,2.506265664159148e-05,0.5377483443708609,0.02148067331868676,0.004212217120452337,0.5707434052757793,0.3922182132272663
289,357.0,0.001785,320.0,0.0022515688660305635,0.0,0.4105960264900662,0.022882124340698664,0.0,0.3980815347721822,0.3140536903991102
290,469.0,0.002345,239.0,0.01137657883804593,1.6725204883754253e-05,0.3033112582781457,0.11561729044640041,0.0028109627547428712,0.5323741007194244,0.26202728126346164
291,414.0,0.00207,190.0,0.0026657502816243707,5.010020040077656e-05,0.23841059602649006,0.027091345206295515,0.008420213582467348,0.4664268585131894,0.13399409726129613
292,518.0,0.00259,452.0,0.0022732628649634328,0.0,0.5854304635761589,0.023102594959438408,0.0,0.5911270983213428,0.43119492903919454
293,370.0,0.00185,340.0,0.0026154466986004743,5.020080321282631e-05,0.4370860927152318,0.026580122627718684,0.008437121641869893,0.4136690647482014,0.34800261756035994
294,225.0,0.001125,82.0,0.0006800448754956118,0.0,0.09536423841059603,0.006911123898146095,0.0,0.23980815347721823,0.03033291626557666
295,330.0,0.00165,327.0,0.0005872840174413621,0.0,0.4198675496688742,0.005968418782628466,0.0,0.36570743405275774,0.31612373823567536
296,282.0,0.00141,144.0,0.001831063851834741,1.6733601070944892e-05,0.17748344370860927,0.018608638343497345,0.0028123738806237666,0.30815347721822545,0.10645841276726277
297,422.0,0.00211,403.0,0.005215942753494817,0.0,0.5205298013245033,0.05300830564860655,0.0,0.4760191846522781,0.4307323515774265
298,190.0,0.00095,160.0,0.09839859413865137,0.005949991637396905,0.1986754966887417,1.0,1.0,0.19784172661870503,2.13932297870313
299,277.0,0.001385,173.0,0.002486581189299956,7.526342197688158e-05,0.21589403973509932,0.0252704950824416,0.01264933239634081,0.3021582733812949,0.16316638519949322
300,237.0,0.001185,236.0,0.004155691551186739,0.0,0.2993377483443709,0.04223324111044759,0.0,0.25419664268585135,0.265311996649063
301,622.0,0.00311,577.0,0.002240541284446461,0.0,0.7509933774834437,0.02277005382098612,0.0,0.7158273381294964,0.5590152298655809
302,584.0,0.00292,530.0,0.0016173790864709835,0.0,0.6887417218543046,0.016437014173108704,0.0,0.6702637889688249,0.5040995993367658
303,415.0,0.002075,414.0,0.0020996067139133876,0.0,0.5350993377483444,0.02133777146200764,0.0,0.4676258992805755,0.4161493394261794
304,266.0,0.00133,259.0,0.0020934132272755145,0.0,0.32980132450331123,0.02127482862535343,0.0,0.28896882494004794,0.2643855056466503
305,267.0,0.001335,147.0,0.0009458410195873596,0.0,0.1814569536423841,0.009612342817160528,0.0,0.2901678657074341,0.1040189367473144
306,125.0,0.000625,64.0,4.186802999924849e-05,0.0,0.07152317880794702,0.00042549418887279154,0.0,0.11990407673860912,0.03597744997523708
307,289.0,0.001445,285.0,0.0007577128834216016,0.0,0.36423841059602646,0.0077004441989681725,0.0,0.31654676258992803,0.2769748260180162
308,376.0,0.00188,362.0,0.0011547640769605022,0.0,0.46622516556291393,0.011735574954794055,0.0,0.420863309352518,0.3517017477119526
309,364.0,0.00182,275.0,0.0025318748515951923,0.0,0.3509933774834437,0.02573080310504824,0.0,0.40647482014388486,0.2547817345453265
310,459.0,0.002295,328.0,0.0014760325361086687,0.0,0.42119205298013246,0.015000544967429337,0.0,0.5203836930455635,0.28007749003389276
311,442.0,0.00221,433.0,0.002054747573511338,1.6733601070944892e-05,0.5602649006622517,0.020881879375390634,0.0028123738806237666,0.5,0.433959153918266
312,315.0,0.001575,252.0,0.003224274475504811,0.0,0.3205298013245033,0.03276748518339148,0.0,0.3477218225419664,0.24898073974530494
313,393.0,0.001965,354.0,0.004677536993690575,2.5075225677018556e-05,0.4556291390728477,0.04753662422350828,0.004214329566350257,0.4412470023980815,0.3750059921432818
314,357.0,0.001785,144.0,0.0027771982419103848,0.0,0.17748344370860927,0.028223962610655733,0.0,0.3980815347721822,0.08628294588761035
315,409.0,0.002045,382.0,0.002592593244359047,2.506265664159148e-05,0.49271523178807947,0.026347868758225132,0.004212217120452337,0.46043165467625896,0.38514582126387925
316,470.0,0.00235,448.0,0.004143782241880486,0.0,0.5801324503311258,0.04211220981512774,0.0,0.5335731414868106,0.4621727177002104
317,292.0,0.00146,250.0,0.005689095344894922,2.505010020038828e-05,0.31788079470198677,0.057816835643795264,0.004210106791233674,0.3201438848920863,0.28386457166938983
318,340.0,0.0017,306.0,0.0027940310264832806,0.0,0.3920529801324503,0.028395029938601265,0.0,0.3776978417266187,0.307138657553066
319,338.0,0.00169,335.0,0.0016352891151076379,0.0,0.4304635761589404,0.016619029259741118,0.0,0.3752997601918465,0.33449267736112753
320,576.0,0.00288,525.0,0.0010558299160664934,0.0,0.6821192052980133,0.01073013212545238,0.0,0.6606714628297362,0.49464789857454483
321,404.0,0.00202,388.0,0.0014444934383193806,2.5100401606413154e-05,0.5006622516556292,0.014680021101561426,0.004218560820934946,0.45443645083932854,0.383229898326327
322,481.0,0.002405,371.0,0.0014613953352889347,1.6733601070944892e-05,0.4781456953642384,0.014851790801296547,0.0028123738806237666,0.5467625899280575,0.33178108306774146
323,288.0,0.00144,279.0,0.0049833590524445085,0.00012550200803206575,0.3562913907284768,0.050644616379605614,0.02109280410467473,0.315347721822542,0.33342449466599455
324,586.0,0.00293,563.0,0.0027856573158679438,0.0,0.7324503311258278,0.028309930037645994,0.0,0.672661870503597,0.5589617000123948
325,391.0,0.001955,383.0,0.0065277247613472825,0.0,0.49403973509933774,0.06633961408177441,0.0,0.43884892086330934,0.4287246729221194
326,411.0,0.002055,327.0,0.0021713078738660233,1.675041876046343e-05,0.4198675496688742,0.022066452197543385,0.0028152003870364536,0.46282973621103113,0.3059002813901447
327,412.0,0.00206,401.0,0.0025442150321699215,4.179204279503372e-05,0.5178807947019868,0.02585621323598305,0.007023882610584231,0.46402877697841727,0.411552257455029
328,403.0,0.002015,344.0,0.004060596460311943,0.0,0.4423841059602649,0.04126681377774811,0.0,0.4532374100719424,0.3476796967164303
329,65.0,0.000325,50.0,0.002146096441942876,0.0,0.052980132450331126,0.021810234797855516,0.0,0.04796163069544364,0.06040187803955355
330,61.0,0.000305,50.0,0.0001240985996687746,0.0,0.052980132450331126,0.0012611826495601136,0.0,0.043165467625899276,0.041291674812121454
331,561.0,0.002805,551.0,0.003264043662954677,2.5087807325627197e-05,0.7165562913907285,0.033171649366812925,0.0042164441321136045,0.6426858513189448,0.5611386294939716
332,344.0,0.00172,323.0,0.002772477480840067,5.017561465125439e-05,0.41456953642384103,0.028175986711084792,0.008432888264227209,0.3824940047961631,0.33643020996030415
333,306.0,0.00153,298.0,0.002532709217814502,0.0,0.38145695364238413,0.025739282557692998,0.0,0.3369304556354916,0.3061170995094296
334,311.0,0.001555,299.0,0.0014411173523382452,0.0,0.3827814569536424,0.014645710794481445,0.0,0.34292565947242204,0.29454946990639724
335,303.0,0.001515,143.0,0.0001934115031785294,0.0,0.176158940397351,0.001965592139517739,0.0,0.33333333333333337,0.07812453253686874
336,66.0,0.00033,52.0,0.002393656486040642,1.2537612838512412e-05,0.05562913907284768,0.024326124849586683,0.0021071647831756553,0.049160671462829736,0.0673142272667611
337,263.0,0.001315,235.0,0.005098533232159669,2.5087807325627197e-05,0.2980132450331126,0.05181510240863232,0.0042164441321136045,0.2853717026378897,0.26843328078249157
338,580.0,0.0029,489.0,0.0022187560071236204,1.670843776106377e-05,0.6344370860927152,0.022548655563078657,0.002808144746968693,0.6654676258992804,0.46015359863297833
339,655.0,0.003275,628.0,0.002156411627582333,0.0,0.8185430463576159,0.02191506541794468,0.0,0.7553956834532374,0.6138394067395894
340,100.0,0.0005,95.0,0.013768721508605314,0.0002481203007517952,0.11258278145695365,0.1399280307725139,0.04170094949248479,0.08992805755395683,0.26723334445576524
341,374.0,0.00187,356.0,0.0017344638139039658,2.5113008538410347e-05,0.45827814569536424,0.01762691661488547,0.004220679636013266,0.4184652278177458,0.35458617360093925
342,451.0,0.002255,401.0,0.00318049257547586,0.0,0.5178807947019868,0.03232254081795412,0.0,0.5107913669064748,0.3969659254479985
343,536.0,0.00268,523.0,0.003652694552717896,2.513826043236551e-05,0.6794701986754967,0.037121409962127726,0.004224923657768936,0.6127098321342925,0.5370035826551057
344,331.0,0.001655,302.0,0.006136116080562604,0.0,0.38675496688741723,0.06235979420515229,0.0,0.3669064748201439,0.33904281864652636
345,204.0,0.00102,203.0,0.0010801105835150087,0.0,0.2556291390728477,0.01097689040143244,0.0,0.21462829736211034,0.20221754026564703
346,399.0,0.001995,371.0,0.001281217344167701,2.5087807325627197e-05,0.4781456953642384,0.013020687494400222,0.0042164441321136045,0.448441247002398,0.3608504528900328
347,403.0,0.002015,399.0,0.00022709682937645327,0.0,0.5152317880794702,0.0023079275813275946,0.0,0.4532374100719424,0.3815684926392151
348,635.0,0.003175,440.0,0.0012328552512330796,0.0,0.5695364238410596,0.012529195788060644,0.0,0.7314148681055155,0.36264115919746565
349,472.0,0.00236,457.0,0.0008200508938521764,0.0,0.5920529801324503,0.008333969616442487,0.0,0.5359712230215827,0.43959558284241806
350,470.0,0.00235,463.0,0.001364854566038808,0.0,0.6,0.013870671405280652,0.0,0.5335731414868106,0.45379872895923745
351,412.0,0.00206,278.0,0.0040029116394965725,0.0,0.35496688741721855,0.04068057754825394,0.0,0.46402877697841727,0.25643883187194727
352,192.0,0.00096,189.0,0.0012090974415792858,0.0,0.2370860927152318,0.012287751183472929,0.0,0.20023980815347722,0.18930190145266154
353,527.0,0.002635,347.0,0.001683705209423471,0.0,0.4463576158940397,0.017111069768446056,0.0,0.6019184652278178,0.28289314609414046
354,773.0,0.003865,603.0,0.002531820059638801,0.0,0.785430463576159,0.025730246268267483,0.0,0.8968824940047961,0.5420959616429877
355,557.0,0.002785,503.0,0.0019562024605739694,0.0,0.6529801324503312,0.019880390341934416,0.0,0.6378896882494005,0.48149361631744547
356,400.0,0.002,326.0,0.0010353091889282284,0.0,0.4185430463576159,0.010521585170916123,0.0,0.44964028776978415,0.2941725451975968
357,309.0,0.001545,160.0,0.0017472208337917243,2.506265664159148e-05,0.1986754966887417,0.01775656297822459,0.004212217120452337,0.3405275779376498,0.11848600340612368
358,562.0,0.00281,555.0,0.0019249109462026067,0.0,0.7218543046357616,0.01956238260366053,0.0,0.6438848920863309,0.5482512196135229
359,377.0,0.001885,351.0,0.003961210182167394,0.003032581453634073,0.45165562913907287,0.040256776195254744,0.5096782715749856,0.422062350119904,0.8749719718733421
360,501.0,0.002505,424.0,0.003545955396220454,5.8538217093135705e-05,0.5483443708609271,0.03603664693851137,0.009838369641599348,0.5707434052757793,0.4229963658583041
361,438.0,0.00219,382.0,0.0021940295770577125,0.0,0.49271523178807947,0.022297367114474744,0.0,0.4952038369304556,0.36645144782341754
362,588.0,0.00294,496.0,0.002444130952598607,0.0,0.6437086092715232,0.024839084074256525,0.0,0.6750599520383692,0.4660297077342689
363,300.0,0.0015,268.0,0.002602426886631988,0.0,0.34172185430463575,0.026447805574995955,0.0,0.329736211031175,0.26924879657027917
364,336.0,0.00168,253.0,0.0015376508395739603,0.0,0.3218543046357616,0.01562675618522851,0.0,0.3729016786570743,0.2256105572238678
365,505.0,0.002525,368.0,0.0018046128615311222,2.5075225677018556e-05,0.4741721854304636,0.01833982362581604,0.004214329566350257,0.5755395683453237,0.3240644681190328
366,284.0,0.00142,273.0,0.0009250775358978108,0.0,0.3483443708609272,0.009401328789253875,0.0,0.3105515587529976,0.26458023202428177
367,573.0,0.002865,370.0,0.001542496756689829,1.670843776106377e-05,0.4768211920529801,0.01567600401400379,0.002808144746968693,0.6570743405275778,0.2981830386556793
368,322.0,0.00161,283.0,0.0036360829684214937,2.5100401606413154e-05,0.3615894039735099,0.03695259063658944,0.004218560820934946,0.3561151079136691,0.2959260230569336
369,264.0,0.00132,263.0,0.006304524503383554,6.686726847205227e-05,0.3350993377483444,0.06407128636919326,0.011238212176934487,0.2865707434052757,0.32443761327288945
370,510.0,0.00255,466.0,0.0022639839626310615,0.0,0.6039735099337749,0.023008295824236368,0.0,0.5815347721822542,0.45252137410333493
371,219.0,0.001095,217.0,0.002827748853376656,2.5075225677018556e-05,0.27417218543046357,0.028737695676750573,0.004214329566350257,0.23261390887290168,0.2373400380116939
372,646.0,0.00323,513.0,0.0018612760635930696,0.0,0.6662251655629139,0.018915677402569237,0.0,0.7446043165467625,0.4617595480014544
373,437.0,0.002185,433.0,0.0031659566050980825,0.0,0.5602649006622517,0.032174815431173745,0.0,0.49400479616306947,0.44423827724450454
374,484.0,0.00242,370.0,0.0013126671152371918,0.0,0.4768211920529801,0.013340303555430278,0.0,0.5503597122302157,0.32505358193934564
375,294.0,0.00147,286.0,0.0009040046898685787,0.0,0.3655629139072848,0.009187170790212357,0.0,0.32254196642685845,0.2779874947694396
376,519.0,0.002595,496.0,0.0011732320482221359,0.0,0.6437086092715232,0.011923260271066063,0.0,0.592326139088729,0.4779340278159705
377,130.0,0.00065,91.0,0.001632973355534149,0.0,0.10728476821192053,0.01659549478149211,0.0,0.12589928057553956,0.08611047882075076
378,269.0,0.001345,69.0,0.002166884417171904,3.350083752092686e-05,0.0781456953642384,0.02202149772707721,0.005630400774072907,0.29256594724220625,0.018027809692726646
379,392.0,0.00196,273.0,0.001527942750930265,0.0,0.3483443708609272,0.01552809533820446,0.0,0.4400479616306954,0.23185807770992306
380,509.0,0.002545,499.0,0.0013436974343385031,0.0,0.6476821192052981,0.013655656832303189,0.0,0.580335731414868,0.4872370566131409
381,382.0,0.00191,377.0,0.003568777298491044,2.506265664159148e-05,0.4860927152317881,0.03626858015331352,0.004212217120452337,0.42805755395683454,0.3981562463185036
382,532.0,0.00266,520.0,0.002919719964933397,2.506265664159148e-05,0.6754966887417219,0.029672374798559432,0.004212217120452337,0.6079136690647482,0.5270071799413092
383,90.0,0.00045,89.0,0.00335929281363479,0.0,0.10463576158940398,0.034139642370309496,0.0,0.07793764988009592,0.1153941089956847
384,247.0,0.001235,208.0,0.0016662185364267142,0.0,0.26225165562913905,0.01693335713799814,0.0,0.2661870503597122,0.19932889765922354
385,395.0,0.001975,294.0,0.004351921711884905,2.5113008538410347e-05,0.376158940397351,0.044227478552718996,0.004220679636013266,0.44364508393285373,0.29151357340622713
386,321.0,0.001605,277.0,0.0006286006120584277,2.5113008538410347e-05,0.3536423841059603,0.006388308873322721,0.004220679636013266,0.354916067146283,0.25777655247141135
387,152.0,0.00076,25.0,0.0,0.0,0.019867549668874173,0.0,0.0,0.15227817745803357,-0.025815903568535897
388,395.0,0.001975,308.0,0.003585206526543641,0.0,0.39470198675496687,0.03643554623851437,0.0,0.44364508393285373,0.2980440078136251
389,484.0,0.00242,410.0,0.0076474003919549515,0.0,0.5298013245033113,0.0777185940398616,0.0,0.5503597122302157,0.44241200487410814
390,515.0,0.002575,417.0,0.003834351622257421,0.0,0.5390728476821192,0.038967544768520955,0.0,0.5875299760191847,0.4017813996448847
391,472.0,0.00236,463.0,0.0055076102411294155,5.020080321282631e-05,0.6,0.05597244848202566,0.008437121641869893,0.5359712230215827,0.5036182032174208
392,183.0,0.000915,32.0,0.0007123261125184179,0.0,0.02913907284768212,0.007239189937151889,0.0,0.18944844124700239,-0.020456269589266704
393,396.0,0.00198,394.0,0.004561750961437158,0.0001506024096384789,0.5086092715231788,0.04635992009204208,0.025311364925609675,0.44484412470023976,0.4468273191307586
394,231.0,0.001155,231.0,0.0017870229961973031,2.5125628140690955e-05,0.29271523178807946,0.018161062277772453,0.004222800580553976,0.2470023980815348,0.24099837522194545
395,311.0,0.001555,296.0,0.0038950206854785744,5.020080321282631e-05,0.37880794701986753,0.03958410909804446,0.008437121641869893,0.34292565947242204,0.32395147991805523
396,325.0,0.001625,316.0,0.0029537377056152838,0.0,0.4052980132450331,0.0300180884846102,0.0,0.3597122302158273,0.3274024326648951
397,299.0,0.001495,272.0,0.001023462751136414,0.0,0.34701986754966885,0.010401192822879912,0.0,0.328537170263789,0.25885990929341207
398,370.0,0.00185,344.0,0.004143487443824366,4.187604690115439e-05,0.4423841059602649,0.042109213857119396,0.007038000967590431,0.4136690647482014,0.3674306013605143
399,434.0,0.00217,410.0,0.004191406278901322,7.537688442207287e-05,0.5298013245033113,0.042596200846074087,0.012668401741661929,0.4904076738609112,0.43794362493277394
400,501.0,0.002505,429.0,0.0028074591645590175,2.5100401606413154e-05,0.5549668874172186,0.028531496706173325,0.004218560820934946,0.5707434052757793,0.416493923361593
401,398.0,0.00199,393.0,0.003195733090514379,1.6733601070944892e-05,0.5072847682119205,0.032477426313747323,0.0028123738806237666,0.44724220623501193,0.4084019065357879
402,500.0,0.0025,482.0,0.0020785911972703835,0.0,0.6251655629139072,0.02112419608700389,0.0,0.5695443645083933,0.47542644964839315
403,181.0,0.000905,86.0,0.0034845061967345024,3.512293025588108e-05,0.10066225165562914,0.035412154281641045,0.005903021784959551,0.18705035971223022,0.08586231980856068
404,398.0,0.00199,295.0,0.0013227992205378752,2.5075225677018556e-05,0.37748344370860926,0.013443273576388163,0.004214329566350257,0.44724220623501193,0.26096838498084407
405,357.0,0.001785,333.0,0.002949918898647355,0.0,0.4278145695364238,0.02997927891622808,0.0,0.3980815347721822,0.33836938802099725
406,370.0,0.00185,294.0,0.002913576168068248,0.0,0.376158940397351,0.029609936946485123,0.0,0.4136690647482014,0.28166815791937566
407,417.0,0.002085,414.0,0.0017272797283193321,0.0,0.5350993377483444,0.0175539065719319,0.0,0.4700239808153477,0.411646050075672
408,416.0,0.00208,399.0,0.003118600211961427,0.0,0.5152317880794702,0.03169354439726114,0.0,0.46882494004796155,0.4062778504623429
409,145.0,0.000725,41.0,0.0015089868142322419,0.0,0.04105960264900662,0.015335450952743903,0.0,0.14388489208633093,0.013229585975851249
410,330.0,0.00165,285.0,0.002207205536471267,0.0,0.36423841059602646,0.022431271054148806,0.0,0.36570743405275774,0.27695745143434797
411,473.0,0.002365,414.0,0.0016061975401926018,7.526342197688158e-05,0.5350993377483444,0.01632337894918847,0.01264933239634081,0.5371702637889688,0.402920969957183
412,194.0,0.00097,191.0,0.0042287241787604,0.0,0.23973509933774834,0.04297545321431925,0.0,0.20263788968824942,0.22191918564559274
413,374.0,0.00187,370.0,0.0015165515357051438,0.0,0.4768211920529801,0.015412329301861804,0.0,0.4184652278177458,0.36669395300951824
414,417.0,0.002085,403.0,0.0022826306091885016,0.0,0.5205298013245033,0.023197796972303234,0.0,0.4700239808153477,0.40272040405220233
415,366.0,0.00183,315.0,0.0074255626119924065,0.0,0.40397350993377484,0.0754641128462588,0.0,0.40887290167865703,0.35677575227643654
416,434.0,0.00217,404.0,0.004141578602927666,0.0,0.5218543046357615,0.04208981479036027,0.0,0.4904076738609112,0.4168218172678484
417,564.0,0.00282,464.0,0.0029675347157740485,0.0,0.6013245033112583,0.030158304005772258,0.0,0.6462829736211031,0.43759791523069963
418,524.0,0.00262,501.0,0.0018373206732514127,2.506265664159148e-05,0.6503311258278146,0.018672224835473594,0.004212217120452337,0.5983213429256594,0.49371916490604273
419,618.0,0.00309,476.0,0.0011071893920965466,0.0,0.6172185430463576,0.011252085477323278,0.0,0.711031175059952,0.4151612760056953
420,407.0,0.002035,367.0,0.0001799603609871212,0.0,0.4728476821192053,0.0018288915869422164,0.0,0.45803357314148674,0.33726650176370154
421,419.0,0.002095,345.0,0.0016184670108668187,0.0,0.44370860927152317,0.01644807047330647,0.0,0.4724220623501199,0.31843006103979365
422,389.0,0.001945,340.0,0.0008150624958482172,0.0,0.4370860927152318,0.008283273790474383,0.0,0.4364508393285372,0.31443411470714505
423,379.0,0.001895,341.0,0.004880065021059745,0.0,0.4384105960264901,0.049594865290284014,0.0,0.42446043165467623,0.36066733182037125
424,234.0,0.00117,20.0,0.0021659750371997534,0.000502008032128514,0.013245033112582781,0.02201225592865406,0.0843712164187411,0.25059952038369304,0.04444864934487003
425,467.0,0.002335,233.0,0.002566357750300357,0.0,0.295364238410596,0.02608124407432241,0.0,0.5299760191846522,0.16245267672952274
426,493.0,0.002465,477.0,0.004407193892212872,5.022601707682907e-05,0.6185430463576159,0.04478919572776405,0.008441359272027939,0.5611510791366906,0.5034282776164007
427,359.0,0.001795,353.0,0.0001751615656645391,0.0,0.4543046357615894,0.001780122645021967,0.0,0.40047961630695444,0.33594087351452506
428,335.0,0.001675,260.0,0.0018953627874758172,2.5125628140690955e-05,0.33112582781456956,0.019262092147425417,0.004222800580553976,0.37170263788968827,0.24309992917564247
429,27.0,0.000135,27.0,0.0010693291113936698,0.0,0.022516556291390728,0.010867321029880781,0.0,0.002398081534772182,0.032664452860839854
430,372.0,0.00186,352.0,0.0006375369344842475,0.0,0.45298013245033114,0.0064791264556677275,0.0,0.4160671462829736,0.33463911502110677
431,213.0,0.001065,20.0,0.0,0.0,0.013245033112582781,0.0,0.0,0.22541966426858512,-0.05438086616799276
432,343.0,0.001715,247.0,0.0013469285868266644,0.0,0.31390728476821195,0.013688494216987855,0.0,0.38129496402877694,0.21320728977656672
433,39.0,0.000195,39.0,0.0004356237231709756,0.0,0.038410596026490065,0.00442713360881099,0.0,0.016786570743405275,0.03780175841227947
434,351.0,0.001755,348.0,0.001623695502828155,2.5100401606413154e-05,0.447682119205298,0.016501206313377204,0.004218560820934946,0.39088729016786566,0.3511356992892505
435,77.0,0.000385,18.0,6.773101202737967e-05,0.0,0.010596026490066225,0.0006883331273203084,0.0,0.06235011990407673,-0.007420676353836487
436,176.0,0.00088,164.0,0.03767927231343556,0.0003865461847387739,0.20397350993377483,0.3829249050077128,0.06496583664240008,0.18105515587529977,0.5975477048212978
437,502.0,0.00251,474.0,0.0015116020815534256,0.0,0.614569536423841,0.01536202925240435,0.0,0.5719424460431655,0.4583488318632958
438,417.0,0.002085,204.0,0.016566530231303576,0.00022590361445772673,0.25695364238410595,0.16836145248132336,0.03796704738841592,0.4700239808153477,0.32227494800924095
439,333.0,0.001665,315.0,0.0030027995318133477,0.0,0.40397350993377484,0.03051669140294999,0.0,0.3693045563549161,0.32369883443025
440,87.0,0.000435,58.0,0.0005693657608699628,0.0,0.06357615894039735,0.005786320077578361,0.0,0.07434052757793765,0.04706032074459442
441,553.0,0.002765,540.0,0.010612477308881185,0.00010020040080155312,0.7019867549668874,0.1078519200582009,0.016840427164934696,0.6330935251798561,0.6367510446360662
442,320.0,0.0016,289.0,0.0024446011036335967,0.0,0.3695364238410596,0.02484386210019384,0.0,0.3537170263788969,0.2882651780275844
443,130.0,0.00065,30.0,0.00024523202890502867,0.0,0.026490066225165563,0.002492231022726579,0.0,0.12589928057553956,-0.008787486924769723
444,563.0,0.002815,548.0,0.0033818016133784507,2.5075225677018556e-05,0.7125827814569536,0.03436839360340073,0.004214329566350257,0.6450839328537169,0.5576403247705896
445,392.0,0.00196,266.0,0.002028222583566007,5.040322580642641e-05,0.3390728476821192,0.020612312618085594,0.008471142293651627,0.4400479616306954,0.23614191410464785
446,307.0,0.001535,301.0,0.00211195424786673,0.0,0.38543046357615895,0.02146325632346759,0.0,0.33812949640287765,0.3054548709787632
447,545.0,0.002725,526.0,0.002119307975462054,0.0,0.6834437086092715,0.0215379903952264,0.0,0.6235011990407674,0.5179313392922678
448,547.0,0.002735,533.0,0.0027050352173448185,2.5037556334489234e-05,0.6927152317880795,0.027490588061992133,0.004207998575514478,0.6258992805755396,0.5366440342529242
449,520.0,0.0026,484.0,0.001387608616227387,0.0,0.6278145695364239,0.014101915056551896,0.0,0.5935251798561151,0.46385893063614125
450,598.0,0.00299,510.0,0.008529574753506157,5.015045135403711e-05,0.6622516556291391,0.08668390873031492,0.008428659132700514,0.6870503597122302,0.5512491155784855
451,355.0,0.001775,324.0,0.0007252993505157736,0.0,0.41589403973509936,0.007371033670397462,0.0,0.39568345323741005,0.30456003743427384
452,658.0,0.00329,535.0,0.001427346304602166,0.0,0.695364238410596,0.014505759122848063,0.0,0.7589928057553956,0.4821721558068254
453,454.0,0.00227,432.0,0.001652123988194514,0.0,0.5589403973509933,0.016790117812725464,0.0,0.514388489208633,0.4214139684011289
454,226.0,0.00113,199.0,0.0006343320679426016,0.0,0.2503311258278146,0.006446556208402507,0.0,0.24100719424460426,0.18447552376283582
455,159.0,0.000795,30.0,0.00031060987133999895,3.341687552212754e-05,0.026490066225165563,0.003156649483246937,0.005616289493937386,0.1606714628297362,-0.012938433646570976
456,137.0,0.000685,60.0,0.001989797467105947,1.6725204883754253e-05,0.06622516556291391,0.020221807887846097,0.0028109627547428712,0.1342925659472422,0.048970166421330216
457,298.0,0.00149,215.0,0.0005087282959359851,2.506265664159148e-05,0.271523178807947,0.005170076873447469,0.004212217120452337,0.32733812949640284,0.18270403395292595
458,465.0,0.002325,434.0,0.0008366549091440032,0.0,0.56158940397351,0.008502712020103564,0.0,0.52757793764988,0.4118187346986495
459,466.0,0.00233,412.0,0.0011307779984641364,0.0,0.5324503311258278,0.011491810511751632,0.0,0.5287769784172661,0.38530904811239963
460,376.0,0.00188,375.0,0.004267506370286515,1.2562814070348618e-05,0.48344370860927155,0.043369586808051974,0.002111400290277516,0.420863309352518,0.40266570290184567
461,272.0,0.00136,180.0,0.00048042943174665827,0.0,0.2251655629139073,0.004882482681304322,0.0,0.2961630695443645,0.14119912473190227
462,123.0,0.000615,123.0,0.005155558915083712,2.5150905432583e-05,0.14966887417218544,0.05239463998661529,0.004227048870876465,0.11750599520383692,0.17103876446852612
463,562.0,0.00281,528.0,0.004068186940765827,6.676681689197407e-05,0.686092715231788,0.04134395390886816,0.011221329534705742,0.6438848920863309,0.5454925310494627
464,506.0,0.00253,470.0,0.0025008844732416933,0.0,0.609271523178808,0.02541585573588328,0.0,0.5767386091127098,0.4616657961808782
465,233.0,0.001165,160.0,0.0021245064600718387,0.0,0.1986754966887417,0.021590821278180475,0.0,0.24940047961630699,0.1454461740820301
466,267.0,0.001335,185.0,0.001591352108566444,0.00011731188201770849,0.23178807947019867,0.01617250858608918,0.019716310402922165,0.2901678657074341,0.18062653874697976
467,209.0,0.001045,130.0,0.005556555687713842,9.185036740142646e-05,0.15894039735099338,0.05646986866381665,0.015437058234523937,0.22062350119904076,0.16466027388962173
468,739.0,0.003695,727.0,0.005010690171323056,2.5087807325627197e-05,0.9496688741721855,0.050922375621165875,0.0042164441321136045,0.856115107913669,0.7479731615513642
469,153.0,0.000765,152.0,0.004920091291795927,6.680026720103819e-05,0.1880794701986755,0.05000164214605679,0.011226951443290265,0.15347721822541965,0.20326489832039668
470,334.0,0.00167,327.0,0.0010644366745853184,0.0,0.4198675496688742,0.0108176004332485,0.0,0.37050359712230213,0.319534070965432
471,250.0,0.00125,188.0,0.0027307419330295257,1.675041876046343e-05,0.23576158940397351,0.027751838905154428,0.0028152003870364536,0.26978417266187055,0.18539337689760327
472,473.0,0.002365,360.0,0.003102767848051339,2.5113008538410347e-05,0.46357615894039733,0.03153264409122852,0.004220679636013266,0.5371702637889688,0.33817840353094847
473,259.0,0.001295,231.0,0.0021602270379208997,4.181301220938145e-05,0.29271523178807946,0.021953840467242546,0.007027406886856475,0.2805755395683453,0.23752381727167488
474,57.0,0.000285,39.0,0.0004267675567479001,0.0,0.038410596026490065,0.004337130631628243,0.0,0.03836930455635491,0.031236935291211836
475,329.0,0.001645,280.0,0.0011986943824138418,0.0,0.3576158940397351,0.012182027526986687,0.0,0.3645083932853717,0.26044540358111024
476,202.0,0.00101,195.0,0.00499779034059139,0.0,0.24503311258278146,0.0507912779073765,0.0,0.21223021582733814,0.23215532574195652
477,233.0,0.001165,230.0,0.006413310182170257,0.0,0.2913907284768212,0.06517684768070363,0.0,0.24940047961630699,0.2817474322726327
478,152.0,0.00076,134.0,0.007881592023915118,2.505010020038828e-05,0.16423841059602648,0.08009862430360878,0.004210106791233674,0.15227817745803357,0.20286368845345887
479,370.0,0.00185,197.0,0.0007041916922229149,0.0,0.247682119205298,0.00715652188313436,0.0,0.4136690647482014,0.1307379216639719
480,288.0,0.00144,138.0,0.0009278852948549518,0.0,0.1695364238410596,0.00942986333267616,0.0,0.315347721822542,0.08436197062697315
481,441.0,0.002205,410.0,0.0021347253443587443,0.0,0.5298013245033113,0.021694673212004918,0.0,0.49880095923261386,0.40185570994553205
482,449.0,0.002245,339.0,0.0013613082807866317,0.0,0.4357615894039735,0.013834631406099572,0.0,0.5083932853717026,0.29707823519856236
483,125.0,0.000625,37.0,0.0013827922181712427,3.3551417547380194e-05,0.03576158940397351,0.014052967222507056,0.00563890163080276,0.11990407673860912,0.01948223523570059
484,298.0,0.00149,149.0,0.001439998553930104,5.017561465125439e-05,0.18410596026490067,0.014634340729513194,0.008432888264227209,0.32733812949640284,0.10897175040972024
485,505.0,0.002525,484.0,0.003921403494368666,5.017561465125439e-05,0.6278145695364239,0.03985223090528204,0.008432888264227209,0.5755395683453237,0.503437818202336
486,271.0,0.001355,266.0,0.0004948906810070431,0.0,0.3390728476821192,0.005029448696286281,0.0,0.29496402877697847,0.255613087745312
487,432.0,0.00216,414.0,0.0026678663780964544,3.341687552212754e-05,0.5350993377483444,0.027112850558994983,0.005616289493937386,0.48800959232613905,0.42142560010343505
488,108.0,0.00054,95.0,0.004868299302782237,0.0,0.11258278145695365,0.0494752932742354,0.0,0.09952038369304556,0.13220195962327538
489,148.0,0.00074,10.0,3.279242809127107e-05,0.0,0.0,0.00033326114441293696,0.0,0.1474820143884892,-0.04391134317213383
490,480.0,0.0024,419.0,0.004302738866611807,2.5113008538410347e-05,0.5417218543046357,0.04372764574815885,0.004220679636013266,0.5455635491606714,0.42600111494060644
491,353.0,0.001765,312.0,0.0010672894685583023,4.185501423068671e-05,0.4,0.010846592656134978,0.00703446606002258,0.3932853717026379,0.2998954472053662
492,221.0,0.001105,217.0,0.0032980031499070406,0.0,0.27417218543046357,0.033516771034959036,0.0,0.23501199040767384,0.23718535934312046
493,190.0,0.00095,155.0,0.0008654788149227023,0.0,0.19205298013245034,0.008795642076991206,0.0,0.19784172661870503,0.14149610422383005
494,491.0,0.002455,287.0,0.0015907354977968656,0.0,0.36688741721854307,0.016166242126949434,0.0,0.5587529976019184,0.21542776006491698
495,439.0,0.002195,414.0,0.0024203496955327907,2.5037556334489234e-05,0.5350993377483444,0.024597401179556763,0.004207998575514478,0.49640287769784164,0.41498387419406313
496,347.0,0.001735,286.0,0.0027169690542784724,5.017561465125439e-05,0.3655629139072848,0.027611868625379433,0.008432888264227209,0.38609112709832133,0.2857803326673951
497,622.0,0.00311,434.0,0.002424785110130066,2.5100401606413154e-05,0.56158940397351,0.024642477175165257,0.004218560820934946,0.7158273381294964,0.3757022405307613
498,91.0,0.000455,64.0,0.0011938936180850275,0.0,0.07152317880794702,0.012133238574554605,0.0,0.07913669064748201,0.05991541018825702
499,390.0,0.00195,384.0,0.0025377919279148528,2.516356316053095e-05,0.495364238410596,0.025790936853619106,0.004229176223101365,0.4376498800959232,0.3940893874585396
500,265.0,0.001325,221.0,0.0022867150161192643,5.03271263210619e-05,0.27947019867549666,0.023239305765863916,0.00845835244620273,0.2877697841726619,0.22483692163576474
501,218.0,0.00109,191.0,0.000951396898835463,0.0,0.23973509933774834,0.009668805811339842,0.0,0.2314148681055156,0.1799794447174335
502,515.0,0.002575,502.0,0.0028623388568515106,0.0,0.6516556291390728,0.02908922512468267,0.0,0.5875299760191847,0.5044858614580001
503,436.0,0.00218,300.0,0.0006440825981198225,0.0,0.3841059602649007,0.006545648377986573,0.0,0.49280575539568344,0.2428098820241822
504,28.0,0.00014,27.0,0.00039558897440316286,0.0,0.022516556291390728,0.004020270592949192,0.0,0.0035971223021582697,0.02545769019369244
505,488.0,0.00244,366.0,0.001555349774841401,0.0,0.47152317880794703,0.015806625983393528,0.0,0.5551558752997602,0.3207830422014125
506,264.0,0.00132,183.0,0.0002122862791515491,0.0,0.22913907284768212,0.0021574117090780894,0.0,0.2865707434052757,0.1453252615351775
507,346.0,0.00173,282.0,0.0028219931149940317,0.0,0.36026490066225164,0.0286792015647868,0.0,0.38489208633093525,0.2734764763277579
508,267.0,0.001335,194.0,0.0018392940885819315,0.0,0.24370860927152319,0.01869228015585488,0.0,0.2901678657074341,0.1753505297151478
509,323.0,0.001615,153.0,0.0004542995223337718,2.5087807325627197e-05,0.18940397350993377,0.004616931027425331,0.0042164441321136045,0.35731414868105515,0.09104310406515616
510,51.0,0.000255,39.0,0.0009705576730325037,0.0,0.038410596026490065,0.009863531908442833,0.0,0.031175059952038373,0.03892160994932138
511,450.0,0.00225,349.0,0.0030570047641128267,4.185501423068671e-05,0.44900662251655626,0.031067565455307887,0.00703446606002258,0.5095923261390887,0.3342309561901601
