edge_id,src,dst,num_segments,num_episodes,num_unique_starts,num_unique_terminations,min_h,median_h,mean_h,max_h,num_unique_start_goal_pairs,num_unique_episodes,support_density_per_episode,support_count,reverse_support_raw,reverse_support_certified,reverse_support_count,asymmetry,src_density,dst_density,src_bottleneck_score,dst_bottleneck_score,edge_bottleneck_score,cost,cost_support_unit,repair_score,repair_reason
943,234,233,2416,52,418,434,1,7.0,6.69205298013245,10,2416,52,46.46153846153846,2416,798,798,798,0.5034225264467951,0.00283,0.008765,0.3826013493588073,1.1619791581108354,1.1619791581108354,7.048911598804452,unique_starts,4.460883069347467,low_compatibility_junction
752,211,231,429,20,130,85,1,6.0,6.062937062937063,10,429,20,21.45,429,74,74,74,0.7057654075546705,0.002585,0.00262,0.3555979892601036,1.1411627055128797,1.1411627055128797,6.087705801930703,unique_starts,4.4213159674608455,low_compatibility_junction
936,233,253,1083,24,219,191,1,7.0,6.753462603878116,10,1083,24,45.125,1083,878,878,878,0.1045385007649158,0.008765,0.0039,1.1619791581108354,0.2524951217622923,1.1619791581108354,7.067573737839949,unique_starts,4.402279997790131,low_compatibility_junction
1005,253,233,878,20,168,163,1,7.0,6.76879271070615,10,878,20,43.9,878,1083,1083,1083,-0.1045385007649158,0.0039,0.008765,0.2524951217622923,1.1619791581108354,1.1619791581108354,7.077151674981046,unique_starts,4.385194410514464,low_compatibility_junction
933,233,234,798,20,174,126,1,7.0,6.650375939849624,10,798,20,39.9,798,2416,2416,2416,-0.5034225264467951,0.008765,0.00283,1.1619791581108354,0.3826013493588073,1.1619791581108354,7.07580980435789,unique_starts,4.383065754567198,low_compatibility_junction
906,231,211,74,8,22,31,1,4.0,3.932432432432433,9,74,8,9.25,74,429,429,429,-0.7057654075546705,0.00262,0.002585,1.1411627055128797,0.3555979892601036,1.1411627055128797,4.21320071635561,unique_starts,4.32543235901791,low_compatibility_junction
912,231,251,134,3,28,28,1,7.0,6.582089552238806,10,134,3,44.66666666666666,134,16,16,16,0.7866666666666614,0.00262,0.00051,1.1411627055128797,0.0284816747294039,1.1411627055128797,7.188982236504613,unique_starts,4.302977421265303,low_compatibility_junction
994,251,231,16,2,7,6,1,3.5,3.625,7,16,2,8.0,16,134,134,134,-0.7866666666666614,0.00051,0.00262,0.0284816747294039,1.1411627055128797,1.1411627055128797,3.8779644730092273,unique_starts,4.2362216275011715,low_compatibility_junction
926,233,211,5,3,4,4,9,10.0,9.8,10,5,3,1.6666666666666667,5,1,0,0,0.9999999999998,0.008765,0.002585,1.1619791581108354,0.3555979892601036,1.1619791581108354,10.5,unique_starts,4.094424173755554,low_compatibility_junction
940,234,214,214,13,54,64,1,5.0,4.869158878504673,10,214,13,16.46153846153846,214,197,197,197,0.0413625304136252,0.00283,0.001915,0.3826013493588073,0.4101470785549331,0.4101470785549331,5.136082763487955,unique_starts,4.036131008399644,low_compatibility_junction
775,214,234,197,10,48,53,1,5.0,5.060913705583756,10,197,10,19.7,197,214,214,214,-0.0413625304136252,0.001915,0.00283,0.4101470785549331,0.3826013493588073,0.4101470785549331,5.144337567297407,unique_starts,4.0249684988686125,low_compatibility_junction
880,228,207,328,17,91,87,2,8.0,7.716463414634147,10,328,17,19.294117647058822,328,17,17,17,0.901449275362316,0.00165,0.007825,0.2236313956900794,1.3972225133438927,1.3972225133438927,8.104828483672192,unique_starts,3.942475400990333,low_compatibility_junction
719,207,228,17,5,10,10,4,9.0,8.823529411764707,10,17,5,3.4,17,328,328,328,-0.901449275362316,0.007825,0.00165,1.3972225133438927,0.2236313956900794,1.3972225133438927,9.316227766016835,unique_starts,3.7708829816634815,low_compatibility_junction
698,205,225,221,16,63,58,1,5.0,4.972850678733032,10,221,16,13.8125,221,200,200,200,0.0498812351543941,0.002745,0.001425,0.5395771851089068,0.1843441497055417,0.5395771851089068,5.125988157669743,unique_starts,3.766717897002016,low_compatibility_junction
859,225,205,200,13,45,68,1,5.0,5.145,10,200,13,15.384615384615383,200,221,221,221,-0.0498812351543941,0.001425,0.002745,0.1843441497055417,0.5395771851089068,0.5395771851089068,5.149071198499986,unique_starts,3.7509826855382697,low_compatibility_junction
716,207,225,7,3,5,5,9,10.0,9.714285714285714,10,7,3,2.333333333333333,7,4,4,4,0.2727272727272479,0.007825,0.001425,1.3972225133438927,0.1843441497055417,1.3972225133438927,10.447213595499958,unique_starts,3.7184793175113584,low_compatibility_junction
861,225,207,4,3,3,4,9,10.0,9.75,10,4,3,1.3333333333333333,4,7,7,7,-0.2727272727272479,0.001425,0.007825,0.1843441497055417,1.3972225133438927,1.3972225133438927,10.577350269189626,unique_starts,3.6940767947578688,low_compatibility_junction
62,8,28,284,20,100,71,1,4.0,4.73943661971831,10,284,20,14.2,284,132,132,132,0.3653846153846145,0.00467,0.000865,0.442781173300534,0.1387254918458562,0.442781173300534,4.1,unique_starts,3.537516174527053,low_compatibility_junction
726,208,228,412,15,109,65,1,6.0,6.04126213592233,10,412,15,27.466666666666665,412,137,137,137,0.5009107468123852,0.00363,0.00165,0.901984607927955,0.2236313956900794,0.901984607927955,6.095782628522115,unique_starts,3.5020750487893517,low_compatibility_junction
140,25,26,733,17,115,186,1,7.0,6.600272851296044,10,733,17,43.11764705882353,733,606,606,606,0.0948469006721433,0.001285,0.00467,0.1460428580359038,0.6157022221184753,0.6157022221184753,7.093250480824032,unique_starts,3.4935009873424208,low_compatibility_junction
149,26,25,606,15,126,117,1,7.0,6.595709570957096,10,606,15,40.4,606,733,733,733,-0.0948469006721433,0.00467,0.001285,0.6157022221184753,0.1460428580359038,0.6157022221184753,7.089087080637475,unique_starts,3.4869330766008666,low_compatibility_junction
166,28,8,132,14,41,59,1,4.0,4.295454545454546,10,132,14,9.428571428571429,132,284,284,284,-0.3653846153846145,0.000865,0.00467,0.1387254918458562,0.442781173300534,0.442781173300534,4.156173761888606,unique_starts,3.4845309759571994,low_compatibility_junction
707,206,225,239,14,75,58,2,8.0,7.476987447698745,10,239,14,17.071428571428573,239,152,152,152,0.222506393861892,0.007895,0.001425,1.067174264901552,0.1843441497055417,1.067174264901552,8.115470053837925,unique_starts,3.458887984098197,low_compatibility_junction
881,228,208,137,7,37,35,1,5.0,5.45985401459854,10,137,7,19.571428571428573,137,412,412,412,-0.5009107468123852,0.00165,0.00363,0.2236313956900794,0.901984607927955,0.901984607927955,5.164398987305358,unique_starts,3.433957094531214,low_compatibility_junction
860,225,206,152,10,42,44,1,8.0,7.888157894736842,10,152,10,15.2,152,239,239,239,-0.222506393861892,0.001425,0.007895,0.1843441497055417,1.067174264901552,1.067174264901552,8.154303349962092,unique_starts,3.423668817243619,low_compatibility_junction
179,30,8,20,6,13,11,8,10.0,9.4,10,20,6,3.333333333333333,20,1,0,0,0.99999999999995,0.001225,0.00467,0.2051865350558051,0.442781173300534,0.442781173300534,10.277350098112615,unique_starts,3.344725474792826,low_compatibility_junction
151,26,45,28,2,20,4,2,6.0,6.214285714285714,10,28,2,14.0,28,24,0,0,0.9999999999999644,0.00467,2e-05,0.6157022221184753,0.0001275390726461,0.6157022221184753,6.223606797749979,unique_starts,3.3144922565484216,low_compatibility_junction
168,28,26,24,5,14,12,8,9.5,9.333333333333334,10,24,5,4.8,24,2,0,0,0.9999999999999584,0.000865,0.00467,0.1387254918458562,0.6157022221184753,0.6157022221184753,9.767261241912424,unique_starts,3.3031213067361658,low_compatibility_junction
879,228,206,15,4,8,8,7,10.0,9.266666666666667,10,15,4,3.75,15,0,0,0,0.9999999999999332,0.00165,0.007895,0.2236313956900794,1.067174264901552,1.067174264901552,10.353553390593271,unique_starts,3.2904367095221567,low_compatibility_junction
739,210,211,1969,41,361,358,1,7.0,6.8628745556119854,10,1969,41,48.02439024390244,1969,392,392,392,0.667937314697162,0.005835,0.002585,0.665031004775942,0.3555979892601036,0.665031004775942,7.052631578947368,unique_starts,3.268332021806874,low_compatibility_junction
148,26,24,8,3,5,5,8,10.0,9.5,10,8,3,2.6666666666666665,8,6,6,6,0.1428571428571326,0.00467,0.00069,0.6157022221184753,0.098261487066054,0.6157022221184753,10.447213595499958,unique_starts,3.2381442049305154,low_compatibility_junction
154,26,66,4,4,4,4,10,10.0,10.0,10,4,4,1.0,4,4,4,4,0.0,0.00467,0.00398,0.6157022221184753,0.3842525631156757,0.6157022221184753,10.5,unique_starts,3.2208355193803713,low_compatibility_junction
134,24,26,6,2,3,5,8,9.5,9.333333333333334,10,6,2,3.0,6,8,8,8,-0.1428571428571326,0.00069,0.00467,0.098261487066054,0.6157022221184753,0.6157022221184753,10.077350269189626,unique_starts,3.2149277662466997,low_compatibility_junction
320,66,26,4,2,3,3,9,10.0,9.75,10,4,2,2.0,4,4,4,4,0.0,0.00398,0.00467,0.3842525631156757,0.6157022221184753,0.6157022221184753,10.577350269189626,unique_starts,3.2031404269547314,low_compatibility_junction
753,211,232,442,18,105,104,1,8.0,7.425339366515837,10,442,18,24.55555555555556,442,91,91,91,0.6585365853658524,0.002585,0.01199,0.3555979892601036,1.0962254186468878,1.0962254186468878,8.097590007294853,unique_starts,3.202386859425884,low_compatibility_junction
1004,253,232,272,13,66,70,1,8.0,7.422794117647059,10,272,13,20.923076923076923,272,119,119,119,0.3913043478260859,0.0039,0.01199,0.2524951217622923,1.0962254186468878,1.0962254186468878,8.123091490979332,unique_starts,3.1688987748954762,low_compatibility_junction
747,211,210,392,9,70,74,1,7.0,6.660714285714286,10,392,9,43.55555555555556,392,1969,1969,1969,-0.667937314697162,0.002585,0.005835,0.3555979892601036,0.665031004775942,0.665031004775942,7.119522860933439,unique_starts,3.1442942288416496,low_compatibility_junction
84,11,30,308,19,96,82,1,8.0,7.681818181818182,10,308,19,16.210526315789473,308,2,0,0,0.9999999999999968,0.00518,0.001225,0.4773074013808554,0.2051865350558051,0.4773074013808554,8.102062072615965,unique_starts,3.127496854898879,low_compatibility_junction
942,234,232,77,21,43,43,6,10.0,9.337662337662335,10,77,21,3.6666666666666665,77,11,11,11,0.7499999999999916,0.00283,0.01199,0.3826013493588073,1.0962254186468878,1.0962254186468878,10.152498570332604,unique_starts,3.1244197993640235,low_compatibility_junction
925,232,253,119,5,27,34,2,8.0,7.546218487394958,10,119,5,23.8,119,272,272,272,-0.3913043478260859,0.01199,0.0039,1.0962254186468878,0.2524951217622923,1.0962254186468878,8.192450089729876,unique_starts,3.1018555309565845,low_compatibility_junction
915,232,211,91,5,26,24,1,8.0,7.824175824175824,10,91,5,18.2,91,442,442,442,-0.6585365853658524,0.01199,0.002585,1.0962254186468878,0.3555979892601036,1.0962254186468878,8.196116135138183,unique_starts,3.092709647810465,low_compatibility_junction
801,217,237,520,32,123,155,1,5.0,5.055769230769231,10,520,32,16.25,520,155,155,155,0.54074074074074,0.00419,0.00193,0.5697363003069251,0.2059522452592291,0.5697363003069251,5.090166963466743,unique_starts,3.0752982048729454,low_compatibility_junction
748,211,212,1250,27,238,217,1,7.0,6.82,10,1250,27,46.2962962962963,1250,427,427,427,0.4907573047107928,0.002585,0.00752,0.3555979892601036,0.5858748306458231,0.5858748306458231,7.064820372355216,unique_starts,3.0479415958897467,low_compatibility_junction
923,232,251,36,2,8,13,1,7.5,6.833333333333333,10,36,2,18.0,36,0,0,0,0.999999999999972,0.01199,0.00051,1.0962254186468878,0.0284816747294039,1.0962254186468878,7.853553390593274,unique_starts,3.023248127942754,low_compatibility_junction
834,222,202,223,14,68,62,1,5.0,4.79372197309417,10,223,14,15.928571428571429,223,130,130,130,0.2634560906515573,0.001795,0.00165,0.9050989791035348,0.1610378633544082,0.9050989791035348,5.121267812518166,unique_starts,3.0216882892179253,low_compatibility_junction
922,232,234,11,7,9,9,9,10.0,9.818181818181818,10,11,7,1.5714285714285714,11,77,77,77,-0.7499999999999916,0.01199,0.00283,1.0962254186468878,0.3826013493588073,1.0962254186468878,10.333333333333334,unique_starts,3.0060582346239593,low_compatibility_junction
673,202,222,130,10,37,44,1,4.0,4.792307692307692,10,130,10,13.0,130,223,223,223,-0.2634560906515573,0.00165,0.001795,0.1610378633544082,0.9050989791035348,0.9050989791035348,4.164398987305358,unique_starts,2.9956343300591346,low_compatibility_junction
965,237,217,155,11,40,65,1,5.0,5.174193548387096,10,155,11,14.090909090909092,155,520,520,520,-0.54074074074074,0.00193,0.00419,0.2059522452592291,0.5697363003069251,0.5697363003069251,5.1581138830084186,unique_starts,2.9866990155136675,low_compatibility_junction
783,215,234,238,13,65,62,1,8.0,7.558823529411764,10,238,13,18.307692307692307,238,264,264,264,-0.0517928286852588,0.006525,0.00283,0.6704601283040799,0.3826013493588073,0.6704601283040799,8.124034734589209,unique_starts,2.97308550594528,low_compatibility_junction
941,234,215,264,10,62,65,1,8.0,7.390151515151516,10,264,10,26.4,264,238,238,238,0.0517928286852588,0.00283,0.006525,0.3826013493588073,0.6704601283040799,0.6704601283040799,8.12700012700019,unique_starts,2.969363655936864,low_compatibility_junction
755,212,211,427,11,79,82,1,7.0,6.665105386416862,10,427,11,38.81818181818182,427,1250,1250,1250,-0.4907573047107928,0.00752,0.002585,0.5858748306458231,0.3555979892601036,0.5858748306458231,7.112508790092602,unique_starts,2.9677485175319838,low_compatibility_junction
741,210,228,12,5,8,8,8,10.0,9.583333333333334,10,12,5,2.4,12,7,7,7,0.2631578947368282,0.005835,0.00165,0.665031004775942,0.2236313956900794,0.665031004775942,10.353553390593271,unique_starts,2.965379845227826,low_compatibility_junction
794,217,197,84,5,40,13,1,7.0,6.333333333333333,10,84,5,16.8,84,26,26,26,0.5272727272727225,0.00419,0.0003,0.5697363003069251,0.0131414966770855,0.5697363003069251,7.1581138830084186,unique_starts,2.9368052016134207,low_compatibility_junction
883,228,210,7,2,4,4,8,10.0,9.428571428571429,10,7,2,3.5,7,12,12,12,-0.2631578947368282,0.00165,0.005835,0.2236313956900794,0.665031004775942,0.665031004775942,10.5,unique_starts,2.9193883350734082,low_compatibility_junction
169,28,27,675,20,120,159,1,7.0,6.497777777777777,10,675,20,33.75,675,117,117,117,0.7045454545454536,0.000865,0.00359,0.1387254918458562,1.2483050882681392,1.2483050882681392,7.091287092917527,unique_starts,2.889724551108743,low_compatibility_junction
668,201,222,27,2,9,8,5,8.0,7.925925925925926,10,27,2,13.5,27,12,0,0,0.999999999999963,0.003815,0.001795,0.2337683854536567,0.9050989791035348,0.9050989791035348,8.333333333333334,unique_starts,2.852854603211168,low_compatibility_junction
646,197,217,26,2,6,11,1,6.5,6.076923076923077,10,26,2,13.0,26,84,84,84,-0.5272727272727225,0.0003,0.00419,0.0131414966770855,0.5697363003069251,0.5697363003069251,6.908248290463863,unique_starts,2.8445346959162072,low_compatibility_junction
968,237,236,1828,44,285,383,1,7.0,6.597921225382932,10,1828,44,41.54545454545455,1828,305,305,305,0.7140178152836377,0.00193,0.00571,0.2059522452592291,0.6119887066641122,0.6119887066641122,7.059234887775909,unique_starts,2.839300998065715,low_compatibility_junction
552,146,147,816,34,208,221,1,5.0,5.109068627450981,10,816,34,24.0,816,805,805,805,0.0067859346082664,0.006465,0.003625,1.2918859947622392,0.3479352811649138,1.2918859947622392,5.069337524528153,unique_starts,2.8383516299757994,low_compatibility_junction
837,222,220,13,3,7,7,8,10.0,9.384615384615383,10,13,3,4.333333333333333,13,5,5,5,0.4444444444444198,0.001795,0.00349,0.9050989791035348,0.2941172764558474,0.9050989791035348,10.377964473009229,unique_starts,2.82658870749245,low_compatibility_junction
560,147,146,805,34,179,191,1,6.0,5.827329192546584,10,805,34,23.676470588235293,805,816,816,816,-0.0067859346082664,0.003625,0.006465,0.3479352811649138,1.2918859947622392,1.2918859947622392,6.074743509275193,unique_starts,2.8259951274922352,low_compatibility_junction
814,219,217,8,5,6,7,8,10.0,9.5,10,8,5,1.6,8,1,0,0,0.999999999999875,0.001315,0.00419,0.0804725622491539,0.5697363003069251,0.5697363003069251,10.408248290463863,unique_starts,2.8135935245162482,low_compatibility_junction
551,146,145,725,18,141,144,1,7.0,6.637241379310344,10,725,18,40.27777777777778,725,469,469,469,0.2144053601340032,0.006465,0.001775,1.2918859947622392,0.3421796239066125,1.2918859947622392,7.084215192106652,unique_starts,2.7963443187406667,low_compatibility_junction
952,235,234,2177,47,380,375,1,7.0,6.721635277905374,10,2177,47,46.319148936170215,2177,445,445,445,0.6605644546147976,0.00972,0.00283,0.7237432083932548,0.3826013493588073,0.7237432083932548,7.0512989176042575,unique_starts,2.7932036967263247,low_compatibility_junction
822,220,222,5,3,4,4,9,10.0,9.8,10,5,3,1.6666666666666667,5,13,13,13,-0.4444444444444198,0.00349,0.001795,0.2941172764558474,0.9050989791035348,0.9050989791035348,10.5,unique_starts,2.788888245465686,low_compatibility_junction
976,239,217,4,2,3,3,9,10.0,9.75,10,4,2,2.0,4,1,0,0,0.99999999999975,0.001375,0.00419,0.0690038955780456,0.5697363003069251,0.5697363003069251,10.577350269189626,unique_starts,2.7650980994433194,low_compatibility_junction
161,27,28,117,4,21,29,1,7.0,6.658119658119658,10,117,4,29.25,117,675,675,675,-0.7045454545454536,0.00359,0.000865,1.2483050882681392,0.1387254918458562,1.2483050882681392,7.218217890235993,unique_starts,2.75970406328402,low_compatibility_junction
543,145,146,469,10,88,97,1,7.0,6.759061833688699,10,469,10,46.9,469,725,725,725,-0.2144053601340032,0.001775,0.006465,0.3421796239066125,1.2918859947622392,1.2918859947622392,7.106600358177805,unique_starts,2.7583722267618778,low_compatibility_junction
938,234,212,10,3,6,6,8,10.0,9.5,10,10,3,3.333333333333333,10,0,0,0,0.9999999999999,0.00283,0.00752,0.3826013493588073,0.5858748306458231,0.5858748306458231,10.408248290463863,unique_starts,2.7578730549974875,low_compatibility_junction
39,5,25,518,19,123,115,1,7.0,6.361003861003861,10,518,19,27.26315789473684,518,56,56,56,0.8048780487804864,0.00468,0.001285,0.2972332506137532,0.1460428580359038,0.2972332506137532,7.090166963466743,unique_starts,2.7520488222619734,low_compatibility_junction
882,228,209,128,8,32,38,1,8.0,7.484375,10,128,8,16.0,128,124,124,124,0.0158730158730158,0.00165,0.006,0.2236313956900794,1.2040851850136032,1.2040851850136032,8.176776695296637,unique_starts,2.7437544951367965,low_compatibility_junction
733,209,228,124,8,33,36,2,8.0,7.862903225806452,10,124,8,15.5,124,128,128,128,-0.0158730158730158,0.006,0.00165,1.2040851850136032,0.2236313956900794,1.2040851850136032,8.174077655955697,unique_starts,2.743493924802316,low_compatibility_junction
963,237,215,4,2,3,3,9,10.0,9.75,10,4,2,2.0,4,3,0,0,0.99999999999975,0.00193,0.006525,0.2059522452592291,0.6704601283040799,0.6704601283040799,10.577350269189626,unique_starts,2.741763736640957,low_compatibility_junction
462,125,146,264,14,71,68,1,8.0,7.662878787878788,10,264,14,18.857142857142858,264,219,219,219,0.0931677018633538,0.003505,0.006465,0.308879558970617,1.2918859947622392,1.2918859947622392,8.118678165819386,unique_starts,2.738442294296597,low_compatibility_junction
1006,253,252,1028,37,262,229,1,6.0,5.85408560311284,10,1028,37,27.783783783783782,1028,387,387,387,0.4530035335689043,0.0039,0.007445,0.2524951217622923,1.1940024538182468,1.1940024538182468,6.061780206321521,unique_starts,2.735622654205326,low_compatibility_junction
547,146,125,219,11,63,52,1,8.0,7.557077625570776,10,219,11,19.90909090909091,219,264,264,264,-0.0931677018633538,0.006465,0.003505,1.2918859947622392,0.308879558970617,1.2918859947622392,8.125988157669742,unique_starts,2.7244311761749778,low_compatibility_junction
961,236,237,305,9,64,59,1,6.0,6.252459016393443,10,305,9,33.888888888888886,305,1828,1828,1828,-0.7140178152836377,0.00571,0.00193,0.6119887066641122,0.2059522452592291,0.6119887066641122,6.125,unique_starts,2.7176287511527164,low_compatibility_junction
731,209,211,35,14,24,24,8,10.0,9.657142857142857,10,35,14,2.5,35,7,7,7,0.6666666666666508,0.006,0.002585,1.2040851850136032,0.3555979892601036,1.2040851850136032,10.204124145231932,unique_starts,2.703406234914501,low_compatibility_junction
959,236,234,97,29,56,59,7,10.0,9.45360824742268,10,97,29,3.3448275862068964,97,15,15,15,0.7321428571428507,0.00571,0.00283,0.6119887066641122,0.3826013493588073,0.6119887066641122,10.133630620956213,unique_starts,2.6888463370349385,low_compatibility_junction
159,27,25,13,7,10,10,9,10.0,9.76923076923077,10,13,7,1.8571428571428568,13,2,0,0,0.9999999999999232,0.00359,0.001285,1.2483050882681392,0.1460428580359038,1.2483050882681392,10.316227766016835,unique_starts,2.6772704382501082,low_compatibility_junction
944,234,235,445,12,83,92,1,7.0,6.703370786516854,10,445,12,37.083333333333336,445,2177,2177,2177,-0.6605644546147976,0.00283,0.00972,0.3826013493588073,0.7237432083932548,0.7237432083932548,7.10976425998969,unique_starts,2.6759055809874273,low_compatibility_junction
165,28,7,184,14,50,68,1,7.0,6.625,10,184,14,13.142857142857142,184,9,9,9,0.906735751295332,0.000865,0.010105,0.1387254918458562,0.5426091782944411,0.5426091782944411,7.141421356237309,unique_starts,2.662398525325521,low_compatibility_junction
1000,252,253,387,17,85,109,1,6.0,5.695090439276486,10,387,17,22.764705882352946,387,1028,1028,1028,-0.4530035335689043,0.007445,0.0039,1.1940024538182468,0.2524951217622923,1.1940024538182468,6.108465228909328,unique_starts,2.660305245477467,low_compatibility_junction
189,31,30,757,25,164,151,1,7.0,6.408190224570673,10,757,25,30.28,757,97,97,97,0.7728337236533949,0.00336,0.001225,0.7038170681089723,0.2051865350558051,0.7038170681089723,7.078086880944303,unique_starts,2.6516523493532653,low_compatibility_junction
137,25,5,56,4,22,12,1,4.0,4.464285714285714,10,56,4,14.0,56,518,518,518,-0.8048780487804864,0.001285,0.00468,0.1460428580359038,0.2972332506137532,0.2972332506137532,4.21320071635561,unique_starts,2.636051542896953,low_compatibility_junction
38,5,24,48,8,24,20,2,8.0,7.520833333333333,10,48,8,6.0,48,13,0,0,0.9999999999999792,0.00468,0.00069,0.2972332506137532,0.098261487066054,0.2972332506137532,8.204124145231932,unique_starts,2.616276035269641,low_compatibility_junction
241,46,66,1708,46,385,319,1,7.0,6.637587822014051,10,1708,46,37.130434782608695,1708,1509,1509,1509,0.0618588747280074,0.01195,0.00398,1.1664980998843535,0.3842525631156757,1.1664980998843535,7.050964719143763,unique_starts,2.6125350812559716,low_compatibility_junction
995,251,252,307,6,50,70,1,7.0,6.739413680781759,10,307,6,51.16666666666666,307,144,144,144,0.3614190687361411,0.00051,0.007445,0.0284816747294039,1.1940024538182468,1.1940024538182468,7.141421356237309,unique_starts,2.611799558166916,low_compatibility_junction
967,237,235,65,28,45,44,8,10.0,9.615384615384617,10,65,28,2.321428571428572,65,7,7,7,0.8055555555555445,0.00193,0.00972,0.2059522452592291,0.7237432083932548,0.7237432083932548,10.149071198499986,unique_starts,2.6105542716353574,low_compatibility_junction
550,146,144,24,7,15,12,7,9.5,9.25,10,24,7,3.4285714285714284,24,3,0,0,0.9999999999999584,0.006465,0.002645,1.2918859947622392,0.2054002707652713,1.2918859947622392,9.75819888974716,unique_starts,2.6086181287986454,low_compatibility_junction
746,211,209,7,4,6,5,9,10.0,9.714285714285714,10,7,4,1.75,7,35,35,35,-0.6666666666666508,0.002585,0.006,0.3555979892601036,1.2040851850136032,1.2040851850136032,10.408248290463863,unique_starts,2.5994211375999527,low_compatibility_junction
321,66,46,1509,37,296,308,1,7.0,6.59377070907886,10,1509,37,40.78378378378378,1509,1708,1708,1708,-0.0618588747280074,0.00398,0.01195,0.3842525631156757,1.1664980998843535,1.1664980998843535,7.05812381937191,unique_starts,2.597238639045315,low_compatibility_junction
893,229,228,1290,28,221,240,1,7.0,6.702325581395349,10,1290,28,46.07142857142857,1290,307,307,307,0.6155291170945519,0.007375,0.00165,0.6570534259161989,0.2236313956900794,0.6570534259161989,7.067267279399632,unique_starts,2.5965545227131837,low_compatibility_junction
751,211,230,139,8,33,39,2,8.0,7.496402877697841,10,139,8,17.375,139,77,77,77,0.2870370370370357,0.002585,0.006075,0.3555979892601036,0.6928147497270761,0.6928147497270761,8.174077655955697,unique_starts,2.588651258946897,low_compatibility_junction
811,218,237,1023,41,269,229,1,8.0,7.643206256109482,10,1023,41,24.951219512195124,1023,231,231,231,0.6315789473684206,0.008605,0.00193,0.8816696613244259,0.2059522452592291,0.8816696613244259,8.06097107608497,unique_starts,2.587562304683346,low_compatibility_junction
815,219,218,1099,30,172,289,1,6.0,6.112829845313922,10,1099,30,36.63333333333333,1099,204,204,204,0.6868764389869527,0.001315,0.008605,0.0804725622491539,0.8816696613244259,0.8816696613244259,6.076249285166302,unique_starts,2.5821541260116465,low_compatibility_junction
999,252,251,144,3,35,22,1,7.0,6.423611111111111,10,144,3,48.0,144,307,307,307,-0.3614190687361411,0.007445,0.00051,1.1940024538182468,0.0284816747294039,1.1940024538182468,7.169030850945704,unique_starts,2.566464719448693,low_compatibility_junction
196,32,30,13,7,10,10,9,10.0,9.76923076923077,10,13,7,1.8571428571428568,13,6,0,0,0.9999999999999232,0.007805,0.001225,0.5472985106568845,0.2051865350558051,0.5472985106568845,10.316227766016835,unique_starts,2.5635158190190412,low_compatibility_junction
899,230,211,77,6,22,28,1,8.0,7.363636363636363,10,77,6,12.833333333333334,77,139,139,139,-0.2870370370370357,0.006075,0.002585,0.6928147497270761,0.3555979892601036,0.6928147497270761,8.21320071635561,unique_starts,2.554965011159186,low_compatibility_junction
945,234,236,15,4,9,9,8,10.0,9.533333333333331,10,15,4,3.75,15,97,97,97,-0.7321428571428507,0.00283,0.00571,0.3826013493588073,0.6119887066641122,0.6119887066641122,10.333333333333334,unique_starts,2.5472846268639135,low_compatibility_junction
900,230,228,43,11,24,24,7,10.0,9.395348837209305,10,43,11,3.909090909090909,43,9,9,9,0.6538461538461412,0.006075,0.00165,0.6928147497270761,0.2236313956900794,0.6928147497270761,10.204124145231932,unique_starts,2.5459020749154506,low_compatibility_junction
181,30,10,428,23,91,146,1,5.0,5.212616822429907,10,428,23,18.608695652173918,428,292,292,292,0.1888888888888886,0.001225,0.010545,0.2051865350558051,0.6435638621308869,0.6435638621308869,5.104828483672192,unique_starts,2.540442117414263,low_compatibility_junction
813,218,239,528,20,166,132,1,8.0,7.490530303030303,10,528,20,26.4,528,479,479,479,0.0486593843098311,0.008605,0.001375,0.8816696613244259,0.0690038955780456,0.8816696613244259,8.077615052570634,unique_starts,2.538713559156954,low_compatibility_junction
977,239,218,479,22,135,148,1,8.0,7.745302713987474,10,479,22,21.772727272727277,479,528,528,528,-0.0486593843098311,0.001375,0.008605,0.0690038955780456,0.8816696613244259,0.8816696613244259,8.086066296582388,unique_starts,2.5329312174707583,low_compatibility_junction
78,10,30,292,15,82,75,1,5.0,5.205479452054795,10,292,15,19.466666666666665,292,428,428,428,-0.1888888888888886,0.010545,0.001225,0.6435638621308869,0.2051865350558051,0.6435638621308869,5.110431526074847,unique_starts,2.5163187319442786,low_compatibility_junction
863,225,224,901,24,161,176,1,7.0,6.538290788013319,10,901,24,37.54166666666666,901,426,426,426,0.3579502637528257,0.001425,0.005755,0.1843441497055417,0.6191565157353949,0.6191565157353949,7.07881104062391,unique_starts,2.506599218118517,low_compatibility_junction
886,228,229,307,11,59,67,1,6.0,6.013029315960912,10,307,11,27.90909090909091,307,1290,1290,1290,-0.6155291170945519,0.00165,0.007375,0.2236313956900794,0.6570534259161989,0.6570534259161989,6.130188910980824,unique_starts,2.5050918024904267,low_compatibility_junction
809,218,219,204,15,72,54,1,5.0,5.441176470588236,10,204,15,13.6,204,1099,1099,1099,-0.6868764389869527,0.008605,0.001315,0.8816696613244259,0.0804725622491539,0.8816696613244259,5.117851130197758,unique_starts,2.50145414491257,low_compatibility_junction
324,66,86,1158,32,232,237,1,7.0,6.723661485319516,10,1158,32,36.1875,1158,1220,1220,1220,-0.0260723296888141,0.00398,0.008785,0.3842525631156757,1.1216278354671452,1.1216278354671452,7.065653216429861,unique_starts,2.4949977550920805,low_compatibility_junction
55,7,28,9,2,9,2,3,7.0,6.666666666666667,10,9,2,4.5,9,184,184,184,-0.906735751295332,0.010105,0.000865,0.5426091782944411,0.1387254918458562,0.5426091782944411,7.333333333333333,unique_starts,2.4935123242555663,low_compatibility_junction
858,225,204,66,9,29,27,4,9.0,8.393939393939394,10,66,9,7.333333333333333,66,56,56,56,0.0819672131147534,0.001425,0.00524,0.1843441497055417,0.7820937747631929,0.7820937747631929,9.185695338177052,unique_starts,2.492124251280956,low_compatibility_junction
374,86,66,1220,26,223,242,1,7.0,6.920491803278688,10,1220,26,46.92307692307692,1220,1158,1158,1158,0.0260723296888141,0.008785,0.00398,1.1216278354671452,0.3842525631156757,1.1216278354671452,7.066964953018243,unique_starts,2.4908319573678073,low_compatibility_junction
37,5,23,7,2,4,4,8,10.0,9.428571428571429,10,7,2,3.5,7,0,0,0,0.9999999999998572,0.00468,0.00144,0.2972332506137532,0.048884457371901,0.2972332506137532,10.5,unique_starts,2.488334179492213,low_compatibility_junction
209,34,33,74,2,9,24,1,6.0,6.121621621621622,10,74,2,37.0,74,21,21,21,0.5578947368420994,4.5e-05,0.00316,0.0020616907885129,0.586989255123132,0.586989255123132,6.333333333333333,unique_starts,2.487261762219293,low_compatibility_junction
658,199,218,266,13,64,84,1,8.0,7.609022556390977,10,266,13,20.46153846153846,266,106,106,106,0.4301075268817192,0.001125,0.008605,0.0571562659538303,0.8816696613244259,0.8816696613244259,8.125,unique_starts,2.4849100374595814,low_compatibility_junction
184,30,31,97,2,16,17,1,7.0,6.680412371134021,10,97,2,48.5,97,757,757,757,-0.7728337236533949,0.001225,0.00336,0.2051865350558051,0.7038170681089723,0.7038170681089723,7.25,unique_starts,2.48113114919782,low_compatibility_junction
691,204,225,56,7,28,21,2,9.0,8.446428571428571,10,56,7,8.0,56,66,66,66,-0.0819672131147534,0.00524,0.001425,0.7820937747631929,0.1843441497055417,0.7820937747631929,9.188982236504614,unique_starts,2.4808966752697716,low_compatibility_junction
966,237,218,231,8,50,50,1,8.0,7.233766233766234,10,231,8,28.875,231,1023,1023,1023,-0.6315789473684206,0.00193,0.008605,0.2059522452592291,0.8816696613244259,0.8816696613244259,8.14142135623731,unique_starts,2.4640371978652746,low_compatibility_junction
206,33,34,21,2,6,9,1,4.0,3.761904761904762,8,21,2,10.5,21,74,74,74,-0.5578947368420994,0.00316,4.5e-05,0.586989255123132,0.0020616907885129,0.586989255123132,4.408248290463863,unique_starts,2.4613271674376658,low_compatibility_junction
1443,371,372,1523,38,257,363,1,7.0,6.713066316480631,10,1523,38,40.078947368421055,1523,248,248,248,0.7199322416713717,0.001995,0.007635,0.2051846227603442,0.8635553308620566,0.8635553308620566,7.06237828615518,unique_starts,2.4585134262921824,low_compatibility_junction
855,224,225,426,11,91,73,1,7.0,6.542253521126761,10,426,11,38.72727272727273,426,901,901,901,-0.3579502637528257,0.005755,0.001425,0.6191565157353949,0.1843441497055417,0.6191565157353949,7.104828483672192,unique_starts,2.451989526013758,low_compatibility_junction
954,235,237,7,3,5,5,9,10.0,9.714285714285714,10,7,3,2.333333333333333,7,65,65,65,-0.8055555555555445,0.00972,0.00193,0.7237432083932548,0.2059522452592291,0.7237432083932548,10.447213595499958,unique_starts,2.448014871071942,low_compatibility_junction
887,228,230,9,4,6,6,8,10.0,9.555555555555555,10,9,4,2.25,9,43,43,43,-0.6538461538461412,0.00165,0.006075,0.2236313956900794,0.6928147497270761,0.6928147497270761,10.408248290463863,unique_starts,2.447996084596429,low_compatibility_junction
671,202,204,25,9,16,16,8,10.0,9.56,10,25,9,2.7777777777777777,25,13,13,13,0.3157894736842022,0.00165,0.00524,0.1610378633544082,0.7820937747631929,0.7820937747631929,10.25,unique_starts,2.4461935063867863,low_compatibility_junction
1550,391,372,1017,46,240,283,1,8.0,7.63913470993117,10,1017,46,22.108695652173918,1017,436,436,436,0.39986235375086,0.004205,0.007635,0.3524961508106314,0.8635553308620566,0.8635553308620566,8.06454972243679,unique_starts,2.444346665831502,low_compatibility_junction
180,30,9,374,22,96,107,1,8.0,7.548128342245989,10,374,22,17.0,374,143,143,143,0.4468085106382969,0.001225,0.01447,0.2051865350558051,0.8979178206761399,0.8979178206761399,8.102062072615965,unique_starts,2.433077874621657,low_compatibility_junction
1032,273,253,1745,36,368,328,1,7.0,6.437249283667621,10,1745,36,48.47222222222222,1745,1154,1154,1154,0.2038634011728181,0.006425,0.0039,0.8389728572309009,0.2524951217622923,0.8389728572309009,7.0521286035142685,unique_starts,2.430704244127672,low_compatibility_junction
183,30,29,671,19,117,144,1,7.0,6.487332339791356,10,671,19,35.31578947368421,671,128,128,128,0.6795994993742169,0.001225,0.001155,0.2051865350558051,0.6535390451973578,0.6535390451973578,7.092450032704205,unique_starts,2.427031498648788,low_compatibility_junction
1047,281,282,883,25,163,197,1,7.0,6.662514156285391,10,883,25,35.32,883,361,361,361,0.4196141479099675,0.00515,0.00207,0.934839852702454,0.1414273217377868,0.934839852702454,7.078326044998796,unique_starts,2.4222056044384237,low_compatibility_junction
1426,368,388,1009,36,262,176,1,6.0,6.036669970267592,10,1009,36,28.02777777777778,1009,460,460,460,0.3737236215112319,0.00255,0.00401,0.3895040489994134,0.4336919767195041,0.4336919767195041,6.061780206321521,unique_starts,2.422010895940824,low_compatibility_junction
806,218,199,106,6,30,28,3,8.0,8.028301886792454,10,106,6,17.666666666666668,106,266,266,266,-0.4301075268817192,0.008605,0.001125,0.8816696613244259,0.0571562659538303,0.8816696613244259,8.182574185835055,unique_starts,2.4218907841022386,low_compatibility_junction
69,9,28,304,17,94,67,1,8.0,7.223684210526316,10,304,17,17.88235294117647,304,49,49,49,0.7223796033994313,0.01447,0.000865,0.8979178206761399,0.1387254918458562,0.8979178206761399,8.10314212462588,unique_starts,2.420235826796264,low_compatibility_junction
1046,281,280,469,27,155,106,1,5.0,5.309168443496802,10,469,27,17.37037037037037,469,722,722,722,-0.2124265323257765,0.00515,0.00268,0.934839852702454,0.1573221126681728,0.934839852702454,5.08032193289025,unique_starts,2.417412016436593,low_compatibility_junction
1040,280,281,722,24,134,172,1,6.0,6.095567867036011,10,722,24,30.08333333333333,722,469,469,469,0.2124265323257765,0.00268,0.00515,0.1573221126681728,0.934839852702454,0.934839852702454,6.086386842558136,unique_starts,2.416264129671035,low_compatibility_junction
1008,253,273,1154,32,257,230,1,7.0,6.55892547660312,10,1154,32,36.0625,1154,1745,1745,1745,-0.2038634011728181,0.0039,0.006425,0.2524951217622923,0.8389728572309009,0.8389728572309009,7.06237828615518,unique_starts,2.406458657604489,low_compatibility_junction
684,204,202,13,6,9,9,8,10.0,9.538461538461538,10,13,6,2.1666666666666665,13,25,25,25,-0.3157894736842022,0.00524,0.00165,0.7820937747631929,0.1610378633544082,0.7820937747631929,10.333333333333334,unique_starts,2.4055362374027487,low_compatibility_junction
1458,373,372,542,22,142,116,1,6.0,5.74169741697417,10,542,22,24.63636363636364,542,344,344,344,0.223476297968397,0.00141,0.007635,0.1846755010376723,0.8635553308620566,0.8635553308620566,6.083918135829669,unique_starts,2.405390815469388,low_compatibility_junction
176,29,28,386,16,93,74,1,7.0,6.735751295336788,10,386,16,24.125,386,48,48,48,0.7788018433179705,0.001155,0.000865,0.6535390451973578,0.1387254918458562,0.6535390451973578,7.103695169473043,unique_starts,2.400457340006441,low_compatibility_junction
1160,301,302,1657,38,332,297,1,7.0,6.754978877489439,10,1657,38,43.60526315789474,1657,1640,1640,1640,0.0051562026084319,0.01014,0.00392,0.752293892421816,0.3154795153213111,0.752293892421816,7.054882129994845,unique_starts,2.3989092900885174,low_compatibility_junction
1169,302,301,1640,39,324,280,1,7.0,6.623170731707317,10,1640,39,42.05128205128205,1640,1657,1657,1657,-0.0051562026084319,0.00392,0.01014,0.3154795153213111,0.752293892421816,0.752293892421816,7.055555555555555,unique_starts,2.398612664235746,low_compatibility_junction
804,218,197,49,3,18,9,1,5.0,5.755102040816326,10,49,3,16.333333333333332,49,36,36,36,0.1529411764705864,0.008605,0.0003,0.8816696613244259,0.0131414966770855,0.8816696613244259,5.235702260395516,unique_starts,2.3916692480852553,low_compatibility_junction
1451,372,373,344,17,80,89,1,5.0,5.366279069767442,10,344,17,20.235294117647054,344,542,542,542,-0.223476297968397,0.007635,0.00141,0.8635553308620566,0.1846755010376723,0.8635553308620566,5.111803398874989,unique_starts,2.379995574466463,low_compatibility_junction
1453,372,391,436,17,114,97,1,8.0,7.55045871559633,10,436,17,25.647058823529413,436,1017,1017,1017,-0.39986235375086,0.007635,0.004205,0.8635553308620566,0.3524961508106314,0.8635553308620566,8.09365858115817,unique_starts,2.37705208090757,low_compatibility_junction
1165,302,281,360,20,101,97,1,8.0,7.841666666666667,10,360,20,18.0,360,47,47,47,0.7690417690417671,0.00392,0.00515,0.3154795153213111,0.934839852702454,0.934839852702454,8.099503719021,unique_starts,2.3732713678727233,low_compatibility_junction
71,9,30,143,9,60,28,1,8.0,7.153846153846154,10,143,9,15.88888888888889,143,374,374,374,-0.4468085106382969,0.01447,0.001225,0.8979178206761399,0.2051865350558051,0.8979178206761399,8.12909944487358,unique_starts,2.372028054163192,low_compatibility_junction
670,202,203,1348,30,229,260,1,7.0,6.752967359050445,10,1348,30,44.93333333333333,1348,404,404,404,0.5388127853881276,0.00165,0.00391,0.1610378633544082,0.420505443133842,0.420505443133842,7.066081860045509,unique_starts,2.3715834839116954,low_compatibility_junction
1528,388,369,463,30,149,135,1,8.0,7.935205183585313,10,463,30,15.433333333333334,463,44,44,44,0.8264299802761325,0.00401,0.00169,0.4336919767195041,0.1722366221331656,0.4336919767195041,8.081923192051905,unique_starts,2.3695840977021594,low_compatibility_junction
647,197,218,36,5,13,18,1,7.5,7.055555555555555,10,36,5,7.2,36,49,49,49,-0.1529411764705864,0.0003,0.008605,0.0131414966770855,0.8816696613244259,0.8816696613244259,7.777350098112614,unique_starts,2.3680446020911536,low_compatibility_junction
1527,388,368,460,22,111,114,1,6.0,5.610869565217391,10,460,22,20.90909090909091,460,1009,1009,1009,-0.3737236215112319,0.00401,0.00255,0.4336919767195041,0.3895040489994134,0.4336919767195041,6.09491579957525,unique_starts,2.3655595465673938,low_compatibility_junction
1055,282,281,361,11,70,70,1,6.0,6.163434903047092,10,361,11,32.81818181818182,361,883,883,883,-0.4196141479099675,0.00207,0.00515,0.1414273217377868,0.934839852702454,0.934839852702454,6.119522860933439,unique_starts,2.3615480413585903,low_compatibility_junction
1106,293,294,765,20,154,157,1,7.0,6.603921568627451,10,765,20,38.25,765,315,315,315,0.4166666666666663,0.004665,0.00151,0.6637254553314909,0.247049473283392,0.6637254553314909,7.080582296402538,unique_starts,2.349674009287548,low_compatibility_junction
177,29,30,128,9,39,34,1,5.0,5.3125,10,128,9,14.22222222222222,128,671,671,671,-0.6795994993742169,0.001155,0.001225,0.6535390451973578,0.2051865350558051,0.6535390451973578,5.160128153805087,unique_starts,2.347160802850217,low_compatibility_junction
237,45,46,15,2,4,13,1,3.0,4.266666666666667,10,15,2,7.5,15,2,0,0,0.9999999999999332,2e-05,0.01195,0.0001275390726461,1.1664980998843535,1.1664980998843535,3.5,unique_starts,2.3436604040720592,low_compatibility_junction
1450,372,371,248,9,61,49,1,6.0,5.875,10,248,9,27.55555555555556,248,1523,1523,1523,-0.7199322416713717,0.007635,0.001995,0.8635553308620566,0.2051846227603442,0.8635553308620566,6.128036879932896,unique_starts,2.3408983137238617,low_compatibility_junction
46,6,25,154,9,45,44,1,7.0,6.98051948051948,10,154,9,17.11111111111111,154,0,0,0,0.9999999999999936,0.010255,0.001285,0.4942256235210543,0.1460428580359038,0.4942256235210543,7.149071198499986,unique_starts,2.334357895514836,low_compatibility_junction
870,226,225,779,21,139,164,1,7.0,6.721437740693196,10,779,21,37.095238095238095,779,371,371,371,0.3547826086956518,0.005885,0.001425,0.4615167349457846,0.1843441497055417,0.4615167349457846,7.084818892967997,unique_starts,2.3339292406110004,low_compatibility_junction
142,25,46,20,4,11,11,2,8.0,7.25,10,20,4,5.0,20,1,0,0,0.99999999999995,0.001285,0.01195,0.1460428580359038,1.1664980998843535,1.1664980998843535,8.301511344577763,unique_starts,2.3334619282645526,low_compatibility_junction
1155,301,280,487,24,176,118,1,8.0,7.642710472279261,10,487,24,20.291666666666668,487,372,372,372,0.1338766006984864,0.01014,0.00268,0.752293892421816,0.1573221126681728,0.752293892421816,8.07537783614444,unique_starts,2.3304242940755877,low_compatibility_junction
885,228,227,1056,27,222,178,1,7.0,6.543560606060606,10,1056,27,39.11111111111112,1056,116,116,116,0.8020477815699653,0.00165,0.005305,0.2236313956900794,0.3779954333962453,0.3779954333962453,7.067115605521402,unique_starts,2.3226337636239993,low_compatibility_junction
826,221,201,2389,35,570,444,1,6.0,6.23901213897028,10,2389,35,68.25714285714285,2389,1886,1886,1886,0.1176608187134502,0.007795,0.003815,0.5931135772653867,0.2337683854536567,0.5931135772653867,6.04188539082917,unique_starts,2.32246752417477,low_compatibility_junction
821,220,221,2316,45,472,531,1,7.0,6.3000863557858375,10,2316,45,51.46666666666667,2316,1041,1041,1041,0.3798033958891866,0.00349,0.007795,0.2941172764558474,0.5931135772653867,0.5931135772653867,7.046028730894916,unique_starts,2.316919816270624,low_compatibility_junction
1157,301,282,423,22,119,110,2,8.0,7.659574468085107,10,423,22,19.227272727272727,423,70,70,70,0.7160243407707896,0.01014,0.00207,0.752293892421816,0.1414273217377868,0.752293892421816,8.091669849702821,unique_starts,2.3146688676529377,low_compatibility_junction
1278,320,301,401,22,107,120,1,8.0,7.882793017456359,10,401,22,18.227272727272727,401,122,122,122,0.5334608030592723,0.002865,0.01014,0.179092048340529,0.752293892421816,0.752293892421816,8.096673648904567,unique_starts,2.3104705547839277,low_compatibility_junction
76,10,28,10,5,7,7,8,10.0,9.6,10,10,5,2.0,10,1,0,0,0.9999999999999,0.010545,0.000865,0.6435638621308869,0.1387254918458562,0.6435638621308869,10.377964473009229,unique_starts,2.3091224402543746,low_compatibility_junction
1042,280,301,372,21,95,127,1,8.0,7.741935483870968,10,372,21,17.714285714285715,372,487,487,487,-0.1338766006984864,0.00268,0.01014,0.1573221126681728,0.752293892421816,0.752293892421816,8.102597835208515,unique_starts,2.3042290863359938,low_compatibility_junction
558,147,127,1686,29,341,386,1,6.0,6.099051008303677,10,1686,29,58.13793103448276,1686,1613,1613,1613,0.0221279175507729,0.003625,0.00532,0.3479352811649138,1.181694780615308,1.181694780615308,6.0541530361073885,unique_starts,2.2997992398028937,low_compatibility_junction
477,127,147,1613,35,372,331,1,7.0,6.436453812771234,10,1613,35,46.08571428571429,1613,1686,1686,1686,-0.0221279175507729,0.00532,0.003625,1.181694780615308,0.3479352811649138,1.181694780615308,7.051847584736521,unique_starts,2.298957567070004,low_compatibility_junction
667,201,221,1886,31,371,495,1,7.0,6.471898197242842,10,1886,31,60.83870967741935,1886,2389,2389,2389,-0.1176608187134502,0.003815,0.007795,0.2337683854536567,0.5931135772653867,0.5931135772653867,7.051917413165117,unique_starts,2.2959908547330174,low_compatibility_junction
939,234,213,67,8,33,18,2,8.0,7.582089552238806,10,67,8,8.375,67,24,24,24,0.4725274725274673,0.00283,0.004515,0.3826013493588073,0.4052794306819265,0.4052794306819265,8.174077655955697,unique_starts,2.291120214587189,low_compatibility_junction
677,203,202,404,11,93,65,1,7.0,6.492574257425742,10,404,11,36.72727272727273,404,1348,1348,1348,-0.5388127853881276,0.00391,0.00165,0.420505443133842,0.1610378633544082,0.420505443133842,7.103695169473043,unique_starts,2.2896836865733996,low_compatibility_junction
750,211,229,6,4,4,6,8,10.0,9.5,10,6,4,1.5,6,0,0,0,0.9999999999998334,0.002585,0.007375,0.3555979892601036,0.6570534259161989,0.6570534259161989,10.5,unique_starts,2.2896406408022525,low_compatibility_junction
167,28,9,49,4,14,15,3,8.0,7.897959183673469,10,49,4,12.25,49,304,304,304,-0.7223796033994313,0.000865,0.01447,0.1387254918458562,0.8979178206761399,0.8979178206761399,8.267261241912424,unique_starts,2.2885766676036545,low_compatibility_junction
1114,294,293,315,10,56,82,1,7.0,6.511111111111111,10,315,10,31.5,315,765,765,765,-0.4166666666666663,0.00151,0.004665,0.247049473283392,0.6637254553314909,0.6637254553314909,7.133630620956212,unique_starts,2.2824105480593735,low_compatibility_junction
1097,292,291,90,3,40,10,1,6.0,5.944444444444445,10,90,3,30.0,90,71,71,71,0.1180124223602477,0.00642,0.00031,1.1119155647980608,0.0042425431470093,1.1119155647980608,6.1581138830084186,unique_starts,2.2794446010987555,low_compatibility_junction
829,221,220,1041,25,333,244,1,6.0,6.2055715658021136,10,1041,25,41.64,1041,2316,2316,2316,-0.3798033958891866,0.007795,0.00349,0.5931135772653867,0.2941172764558474,0.5931135772653867,6.054799662435119,unique_starts,2.275858078023003,low_compatibility_junction
864,225,226,371,9,70,63,1,7.0,6.506738544474394,10,371,9,41.22222222222222,371,779,779,779,-0.3547826086956518,0.001425,0.005885,0.1843441497055417,0.4615167349457846,0.4615167349457846,7.119522860933439,unique_starts,2.2755091301278214,low_compatibility_junction
1418,367,368,1794,41,347,327,1,7.0,6.672240802675585,10,1794,41,43.75609756097561,1794,122,122,122,0.8726513569937365,0.004065,0.00255,0.4287786546538285,0.3895040489994134,0.4287786546538285,7.053682812709502,unique_starts,2.2702998251580104,low_compatibility_junction
793,216,237,169,7,46,38,1,8.0,7.514792899408284,10,169,7,24.142857142857142,169,11,11,11,0.8777777777777729,0.00407,0.00193,0.4161509650168041,0.2059522452592291,0.4161509650168041,8.147441956154896,unique_starts,2.2645431994228336,low_compatibility_junction
1410,366,367,1578,41,293,333,1,7.0,6.61533586818758,10,1578,41,38.48780487804878,1578,356,356,356,0.6318510858324713,0.002765,0.004065,0.2151351247589065,0.4287786546538285,0.4287786546538285,7.058420623783698,unique_starts,2.2622443384435074,low_compatibility_junction
1110,293,314,212,8,54,47,2,8.0,7.533018867924528,10,212,8,26.5,212,149,149,149,0.1745152354570632,0.004665,0.003895,0.6637254553314909,0.3735448779339313,0.6637254553314909,8.136082763487954,unique_starts,2.2599713088939577,low_compatibility_junction
1230,314,293,149,12,45,51,3,8.0,7.919463087248322,10,149,12,12.416666666666666,149,212,212,212,-0.1745152354570632,0.003895,0.004665,0.3735448779339313,0.6637254553314909,0.6637254553314909,8.149071198499986,unique_starts,2.253615663229411,low_compatibility_junction
457,125,126,1718,39,347,292,1,7.0,6.696740395809081,10,1718,39,44.05128205128205,1718,1193,1193,1193,0.1803503950532462,0.003505,0.009095,0.308879558970617,0.6850386993644425,0.6850386993644425,7.053682812709502,unique_starts,2.2469934269055223,low_compatibility_junction
1051,281,302,47,5,17,20,1,7.0,6.723404255319149,10,47,5,9.4,47,360,360,360,-0.7690417690417671,0.00515,0.00392,0.934839852702454,0.3154795153213111,0.934839852702454,7.242535625036333,unique_starts,2.2429206802983357,low_compatibility_junction
170,28,29,48,2,9,12,1,7.0,6.479166666666667,10,48,2,24.0,48,386,386,386,-0.7788018433179705,0.000865,0.001155,0.1387254918458562,0.6535390451973578,0.6535390451973578,7.333333333333333,unique_starts,2.2403014888229014,low_compatibility_junction
825,221,200,741,19,234,170,1,8.0,7.577597840755735,10,741,19,39.0,741,655,655,655,0.0616045845272205,0.007795,0.00166,0.5931135772653867,0.1033448532993883,0.5931135772653867,8.065372045046061,unique_starts,2.240073291002519,low_compatibility_junction
749,211,213,28,7,15,15,7,10.0,9.321428571428571,10,28,7,4.0,28,7,7,7,0.5999999999999829,0.002585,0.004515,0.3555979892601036,0.4052794306819265,0.4052794306819265,10.25819888974716,unique_starts,2.237335915765045,low_compatibility_junction
1244,315,314,2872,62,493,510,1,7.0,6.687674094707521,10,2872,62,46.32258064516129,2872,939,939,939,0.5072159538178954,0.007305,0.003895,0.6423751221008027,0.3735448779339313,0.6423751221008027,7.045037734911104,unique_starts,2.2369310133237175,low_compatibility_junction
1311,333,332,777,33,177,190,1,6.0,5.715572715572716,10,777,33,23.545454545454547,777,347,347,347,0.3825622775800709,0.002475,0.006355,0.2280906944526442,1.119329782732733,1.119329782732733,6.075164602800283,unique_starts,2.2358130594526617,low_compatibility_junction
662,200,221,655,22,158,211,1,8.0,7.412213740458015,10,655,22,29.772727272727277,655,741,741,741,-0.0616045845272205,0.00166,0.007795,0.1033448532993883,0.5931135772653867,0.5931135772653867,8.079555728417573,unique_starts,2.2301901140472573,low_compatibility_junction
1092,291,292,71,2,8,30,1,6.0,6.0,10,71,2,35.5,71,90,90,90,-0.1180124223602477,0.00031,0.00642,0.0042425431470093,1.1119155647980608,1.1119155647980608,6.353553390593274,unique_starts,2.2286632014929673,low_compatibility_junction
472,126,147,1047,32,324,267,1,8.0,7.632282712511939,10,1047,32,32.71875,1047,825,825,825,0.1185897435897435,0.009095,0.003625,0.6850386993644425,0.3479352811649138,0.6850386993644425,8.055555555555555,unique_starts,2.220841997960716,low_compatibility_junction
467,126,125,1193,29,247,206,1,7.0,6.600167644593462,10,1193,29,41.13793103448276,1193,1718,1718,1718,-0.1803503950532462,0.009095,0.003505,0.6850386993644425,0.308879558970617,0.6850386993644425,7.063628476297578,unique_starts,2.220548594055266,low_compatibility_junction
1162,301,320,122,7,36,35,3,8.5,8.180327868852459,10,122,7,17.428571428571427,122,401,401,401,-0.5334608030592723,0.01014,0.002865,0.752293892421816,0.179092048340529,0.752293892421816,8.666666666666666,unique_starts,2.220490266981603,low_compatibility_junction
769,213,234,24,2,9,8,1,5.5,5.958333333333333,10,24,2,12.0,24,67,67,67,-0.4725274725274673,0.004515,0.00283,0.4052794306819265,0.3826013493588073,0.4052794306819265,5.833333333333333,unique_starts,2.2181936020941073,low_compatibility_junction
325,66,87,498,27,128,144,1,8.0,7.441767068273091,10,498,27,18.444444444444443,498,247,247,247,0.3369127516778519,0.00398,0.00718,0.3842525631156757,0.9820359200257924,0.9820359200257924,8.08838834764832,unique_starts,2.216462762903457,low_compatibility_junction
675,202,224,6,2,4,4,9,10.0,9.666666666666666,10,6,2,3.0,6,2,0,0,0.9999999999998334,0.00165,0.005755,0.1610378633544082,0.6191565157353949,0.6191565157353949,10.5,unique_starts,2.209703288881471,low_compatibility_junction
827,221,202,439,21,118,110,1,8.0,7.856492027334852,10,439,21,20.904761904761905,439,226,226,226,0.3203007518796987,0.007795,0.00165,0.5931135772653867,0.1610378633544082,0.5931135772653867,8.092057461789832,unique_starts,2.2097026531130695,low_compatibility_junction
1099,292,311,31,2,13,5,2,7.0,6.645161290322581,10,31,2,15.5,31,0,0,0,0.9999999999999678,0.00642,2.5e-05,1.1119155647980608,0.0019341517158668,1.1119155647980608,7.277350098112614,unique_starts,2.2081254289056202,low_compatibility_junction
164,28,6,16,5,10,10,8,10.0,9.5625,10,16,5,3.2,16,2,0,0,0.9999999999999376,0.000865,0.010255,0.1387254918458562,0.4942256235210543,0.4942256235210543,10.316227766016835,unique_starts,2.208049410462396,low_compatibility_junction
1235,314,313,2886,62,505,513,1,7.0,6.703049203049203,10,2886,62,46.54838709677419,2886,1035,1035,1035,0.4720734506503442,0.003895,0.011675,0.3735448779339313,1.0310349539355537,1.0310349539355537,7.044499415948999,unique_starts,2.2035262952568604,low_compatibility_junction
