episode_id,segment_source,segment_edge_id,edge_src,edge_dst,attempt_steps,completed,timeout,final_cluster,final_subgoal_l2,mean_selected_policy_action_mse,preplan_policy_action_mse,edge_static_risk_penalty,edge_state_risk_penalty,edge_failure_count,edge_failure_cost,edge_risk_penalty,edge_planning_cost,base_planning_cost,selected_init_distance,trace_source_run,trace_source_path,trace_episode_id,trace_seed,trace_group,split,predicted_failure_prob
0,bank,5,1,3,20,0,1,2,8.504270553588867,0.037892282009124756,0.037892282009124756,0.0,0.0,0,0.0,0.0,10.174077655955696,10.174077655955696,10.70566177368164,edge_outcome_3ep_corebot100k_H10_B120,results/phase3f/antmaze_large_stitch/edge_outcome_3ep_corebot100k_H10_B120/episode_traces.jsonl,0,0,edge_outcome_3ep_corebot100k_H10_B120:seed0:episode0,train,0.8251371032313252
0,bank,15,2,23,15,0,1,1,15.104952812194824,0.092484250664711,0.092484250664711,0.0,0.0,0,0.0,0.0,7.801511344577763,7.801511344577763,7.173795223236084,edge_outcome_3ep_corebot100k_H10_B120,results/phase3f/antmaze_large_stitch/edge_outcome_3ep_corebot100k_H10_B120/episode_traces.jsonl,0,0,edge_outcome_3ep_corebot100k_H10_B120:seed0:episode0,train,0.7132287936793469
0,bank,8,1,22,12,0,1,1,12.972991943359375,0.03642692789435387,0.03642692789435387,0.0,0.0,0,0.0,0.0,6.258198889747161,6.258198889747161,13.256577491760254,edge_outcome_3ep_corebot100k_H10_B120,results/phase3f/antmaze_large_stitch/edge_outcome_3ep_corebot100k_H10_B120/episode_traces.jsonl,0,0,edge_outcome_3ep_corebot100k_H10_B120:seed0:episode0,train,0.8713136227025431
0,graph,0,1,3,20,1,0,3,8.866840362548828,0.037892282009124756,0.037892282009124756,0.0,0.0,0,0.0,3.2109977206184843,13.38507537657418,10.174077655955696,11.575754165649414,edge_outcome_3ep_corebot100k_H10_B120,results/phase3f/antmaze_large_stitch/edge_outcome_3ep_corebot100k_H10_B120/episode_traces.jsonl,0,0,edge_outcome_3ep_corebot100k_H10_B120:seed0:episode0,train,0.8493222986094121
0,bank,23,3,24,16,0,1,2,13.471487998962402,0.2848225235939026,0.2848225235939026,0.0,0.0,0,0.0,0.0,8.316227766016837,8.316227766016837,10.105537414550781,edge_outcome_3ep_corebot100k_H10_B120,results/phase3f/antmaze_large_stitch/edge_outcome_3ep_corebot100k_H10_B120/episode_traces.jsonl,0,0,edge_outcome_3ep_corebot100k_H10_B120:seed0:episode0,train,0.8954553780913227
0,bank,12,2,4,20,0,1,2,14.904102325439453,0.0823717713356018,0.0823717713356018,0.0,0.0,0,0.0,5.877664387285151,16.025106343440047,10.147441956154896,12.405054092407227,edge_outcome_3ep_corebot100k_H10_B120,results/phase3f/antmaze_large_stitch/edge_outcome_3ep_corebot100k_H10_B120/episode_traces.jsonl,0,0,edge_outcome_3ep_corebot100k_H10_B120:seed0:episode0,train,0.884974084086274
0,bank,14,2,22,10,0,1,2,10.78583812713623,0.022053662687540054,0.022053662687540054,0.0,0.0,0,0.0,0.0,5.138675049056308,5.138675049056308,6.601446151733398,edge_outcome_3ep_corebot100k_H10_B120,results/phase3f/antmaze_large_stitch/edge_outcome_3ep_corebot100k_H10_B120/episode_traces.jsonl,0,0,edge_outcome_3ep_corebot100k_H10_B120:seed0:episode0,train,0.6136144279361738
0,bank,11,2,3,4,1,0,3,16.052827835083008,0.04129737615585327,0.04129737615585327,0.0,0.0,0,0.0,5.877664387285151,12.930295966232519,7.052631578947368,7.830536842346191,edge_outcome_3ep_corebot100k_H10_B120,results/phase3f/antmaze_large_stitch/edge_outcome_3ep_corebot100k_H10_B120/episode_traces.jsonl,0,0,edge_outcome_3ep_corebot100k_H10_B120:seed0:episode0,train,0.7008399758796514
0,bank,18,3,4,3,0,1,3,10.242571830749512,0.015023327432572842,0.015023327432572842,0.0,0.0,0,0.0,0.0,7.031388241028718,7.031388241028718,9.839183807373047,edge_outcome_3ep_corebot100k_H10_B120,results/phase3f/antmaze_large_stitch/edge_outcome_3ep_corebot100k_H10_B120/episode_traces.jsonl,0,0,edge_outcome_3ep_corebot100k_H10_B120:seed0:episode0,train,0.7643138287913845
1,bank,1,0,20,14,0,1,0,14.93381404876709,0.06735612452030182,0.06735612452030182,0.0,0.0,0,0.0,5.877664387285151,13.01502495123384,7.13736056394869,14.060397148132324,edge_outcome_3ep_corebot100k_H10_B120,results/phase3f/antmaze_large_stitch/edge_outcome_3ep_corebot100k_H10_B120/episode_traces.jsonl,1,1,edge_outcome_3ep_corebot100k_H10_B120:seed1:episode1,train,0.9012302297126615
1,bank,2,0,21,14,0,1,0,13.700826644897461,0.09793959558010101,0.09793959558010101,0.0,0.0,0,0.0,0.0,7.182574185835056,7.182574185835056,13.747661590576172,edge_outcome_3ep_corebot100k_H10_B120,results/phase3f/antmaze_large_stitch/edge_outcome_3ep_corebot100k_H10_B120/episode_traces.jsonl,1,1,edge_outcome_3ep_corebot100k_H10_B120:seed1:episode1,train,0.9043936831560629
1,bank,0,0,1,8,1,0,1,15.464841842651367,0.03923908621072769,0.03923908621072769,0.0,0.0,0,0.0,3.2109977206184843,10.254312528800906,7.043314808182421,6.607712745666504,edge_outcome_3ep_corebot100k_H10_B120,results/phase3f/antmaze_large_stitch/edge_outcome_3ep_corebot100k_H10_B120/episode_traces.jsonl,1,1,edge_outcome_3ep_corebot100k_H10_B120:seed1:episode1,train,0.6444013622703766
1,bank,5,1,3,20,0,1,2,9.039167404174805,0.037892282009124756,0.037892282009124756,0.0,0.0,0,0.0,0.0,10.174077655955696,10.174077655955696,13.073025703430176,edge_outcome_3ep_corebot100k_H10_B120,results/phase3f/antmaze_large_stitch/edge_outcome_3ep_corebot100k_H10_B120/episode_traces.jsonl,1,1,edge_outcome_3ep_corebot100k_H10_B120:seed1:episode1,train,0.8844403485395015
1,bank,15,2,23,15,0,1,2,9.16357421875,0.10357096791267395,0.10357096791267395,0.0,0.0,0,0.0,0.0,7.801511344577763,7.801511344577763,9.854914665222168,edge_outcome_3ep_corebot100k_H10_B120,results/phase3f/antmaze_large_stitch/edge_outcome_3ep_corebot100k_H10_B120/episode_traces.jsonl,1,1,edge_outcome_3ep_corebot100k_H10_B120:seed1:episode1,train,0.8167399904120297
1,bank,12,2,4,20,0,1,2,15.67773723602295,0.0823717713356018,0.0823717713356018,0.0,0.0,0,0.0,5.877664387285151,16.025106343440047,10.147441956154896,13.423468589782715,edge_outcome_3ep_corebot100k_H10_B120,results/phase3f/antmaze_large_stitch/edge_outcome_3ep_corebot100k_H10_B120/episode_traces.jsonl,1,1,edge_outcome_3ep_corebot100k_H10_B120:seed1:episode1,train,0.9045166995378536
1,bank,14,2,22,10,0,1,1,8.261735916137695,0.022053662687540054,0.022053662687540054,0.0,0.0,0,0.0,0.0,5.138675049056308,5.138675049056308,6.398133277893066,edge_outcome_3ep_corebot100k_H10_B120,results/phase3f/antmaze_large_stitch/edge_outcome_3ep_corebot100k_H10_B120/episode_traces.jsonl,1,1,edge_outcome_3ep_corebot100k_H10_B120:seed1:episode1,train,0.6037217729708064
1,bank,8,1,22,3,1,0,22,12.54716968536377,0.02876284345984459,0.02876284345984459,0.0,0.0,0,0.0,0.0,6.258198889747161,6.258198889747161,14.466971397399902,edge_outcome_3ep_corebot100k_H10_B120,results/phase3f/antmaze_large_stitch/edge_outcome_3ep_corebot100k_H10_B120/episode_traces.jsonl,1,1,edge_outcome_3ep_corebot100k_H10_B120:seed1:episode1,train,0.8942866224980155
1,bank,123,22,23,11,0,1,1,11.871026992797852,0.4857388138771057,0.4857388138771057,0.0,0.0,0,0.0,0.0,5.816227766016838,5.816227766016838,7.834280490875244,edge_outcome_3ep_corebot100k_H10_B120,results/phase3f/antmaze_large_stitch/edge_outcome_3ep_corebot100k_H10_B120/episode_traces.jsonl,1,1,edge_outcome_3ep_corebot100k_H10_B120:seed1:episode1,train,0.9028547524066197
1,graph,0,1,3,5,0,1,1,9.759235382080078,0.037892282009124756,0.037892282009124756,0.0,0.0,0,0.0,3.2109977206184843,13.38507537657418,10.174077655955696,11.864421844482422,edge_outcome_3ep_corebot100k_H10_B120,results/phase3f/antmaze_large_stitch/edge_outcome_3ep_corebot100k_H10_B120/episode_traces.jsonl,1,1,edge_outcome_3ep_corebot100k_H10_B120:seed1:episode1,train,0.8567146207064258
0,bank,1,0,20,14,0,1,0,14.66364860534668,0.06735612452030182,0.06735612452030182,0.0,0.0,0,0.0,6.408050820010326,13.545411383959014,7.137360563948688,14.002419471740723,offline_prior_3ep_corebot100k_H10_B120,results/phase3f/antmaze_large_stitch/offline_prior_3ep_corebot100k_H10_B120/episode_traces.jsonl,0,0,offline_prior_3ep_corebot100k_H10_B120:seed0:episode0,train,0.9001709167621889
0,bank,2,0,21,14,0,1,0,13.446695327758789,0.09793959558010101,0.09793959558010101,0.0,0.0,0,0.0,0.6384726189327998,7.821046804767855,7.182574185835055,13.473893165588379,offline_prior_3ep_corebot100k_H10_B120,results/phase3f/antmaze_large_stitch/offline_prior_3ep_corebot100k_H10_B120/episode_traces.jsonl,0,0,offline_prior_3ep_corebot100k_H10_B120:seed0:episode0,train,0.8994473116980723
0,bank,0,0,1,14,0,1,0,16.057647705078125,0.03923908621072769,0.03923908621072769,0.0,0.0,0,0.0,3.4721401959444593,10.515455004126881,7.043314808182422,6.807446002960205,offline_prior_3ep_corebot100k_H10_B120,results/phase3f/antmaze_large_stitch/offline_prior_3ep_corebot100k_H10_B120/episode_traces.jsonl,0,0,offline_prior_3ep_corebot100k_H10_B120:seed0:episode0,train,0.6536952129393986
0,bank,1,0,20,14,0,1,1,14.505642890930176,0.06735612452030182,0.06735612452030182,0.0,0.0,1,10.0,6.408050820010326,23.545411383959014,7.13736056394869,14.08654499053955,offline_prior_3ep_corebot100k_H10_B120,results/phase3f/antmaze_large_stitch/offline_prior_3ep_corebot100k_H10_B120/episode_traces.jsonl,0,0,offline_prior_3ep_corebot100k_H10_B120:seed0:episode0,train,0.8913774952420129
0,bank,5,1,3,20,0,1,2,8.669551849365234,0.037892282009124756,0.037892282009124756,0.0,0.0,0,0.0,0.6898993604294632,10.863977016385158,10.174077655955696,11.099884033203125,offline_prior_3ep_corebot100k_H10_B120,results/phase3f/antmaze_large_stitch/offline_prior_3ep_corebot100k_H10_B120/episode_traces.jsonl,0,0,offline_prior_3ep_corebot100k_H10_B120:seed0:episode0,train,0.8364546095686491
0,bank,15,2,23,15,0,1,2,12.55926513671875,0.092484250664711,0.092484250664711,0.0,0.0,0,0.0,0.8055087713818384,8.607020115959601,7.801511344577763,7.914009094238281,offline_prior_3ep_corebot100k_H10_B120,results/phase3f/antmaze_large_stitch/offline_prior_3ep_corebot100k_H10_B120/episode_traces.jsonl,0,0,offline_prior_3ep_corebot100k_H10_B120:seed0:episode0,train,0.743136202862379
0,bank,12,2,4,20,0,1,22,12.897547721862793,0.03261202201247215,0.03261202201247215,0.0,0.0,0,0.0,6.527592381143653,16.67503433729855,10.147441956154896,15.4752197265625,offline_prior_3ep_corebot100k_H10_B120,results/phase3f/antmaze_large_stitch/offline_prior_3ep_corebot100k_H10_B120/episode_traces.jsonl,0,0,offline_prior_3ep_corebot100k_H10_B120:seed0:episode0,train,0.9246939248502035
0,bank,123,22,23,9,0,1,21,14.76948356628418,0.4857388138771057,0.4857388138771057,0.0,0.0,0,0.0,0.7304389909782982,6.546666756995136,5.816227766016838,6.4322943687438965,offline_prior_3ep_corebot100k_H10_B120,results/phase3f/antmaze_large_stitch/offline_prior_3ep_corebot100k_H10_B120/episode_traces.jsonl,0,0,offline_prior_3ep_corebot100k_H10_B120:seed0:episode0,train,0.8746755858866588
2,bank,5,1,3,20,0,1,2,6.3634843826293945,0.037892282009124756,0.037892282009124756,0.0,0.0,0,0.0,0.6898993604294632,10.863977016385158,10.174077655955696,10.580052375793457,offline_prior_3ep_corebot100k_H10_B120,results/phase3f/antmaze_large_stitch/offline_prior_3ep_corebot100k_H10_B120/episode_traces.jsonl,2,2,offline_prior_3ep_corebot100k_H10_B120:seed2:episode2,train,0.8214037380648145
2,bank,15,2,23,15,0,1,2,20.53291130065918,0.092484250664711,0.092484250664711,0.0,0.0,0,0.0,0.8055087713818384,8.607020115959601,7.801511344577763,5.965057849884033,offline_prior_3ep_corebot100k_H10_B120,results/phase3f/antmaze_large_stitch/offline_prior_3ep_corebot100k_H10_B120/episode_traces.jsonl,2,2,offline_prior_3ep_corebot100k_H10_B120:seed2:episode2,train,0.6602006770912536
2,bank,12,2,4,20,0,1,1,15.492210388183594,0.03261202201247215,0.03261202201247215,0.0,0.0,0,0.0,6.527592381143653,16.67503433729855,10.147441956154896,15.230024337768555,offline_prior_3ep_corebot100k_H10_B120,results/phase3f/antmaze_large_stitch/offline_prior_3ep_corebot100k_H10_B120/episode_traces.jsonl,2,2,offline_prior_3ep_corebot100k_H10_B120:seed2:episode2,train,0.9211308414808288
2,graph,0,1,3,20,0,1,23,10.729124069213867,0.037892282009124756,0.037892282009124756,0.0,0.0,0,0.0,3.869096217594607,14.043173873550302,10.174077655955696,15.652253150939941,offline_prior_3ep_corebot100k_H10_B120,results/phase3f/antmaze_large_stitch/offline_prior_3ep_corebot100k_H10_B120/episode_traces.jsonl,2,2,offline_prior_3ep_corebot100k_H10_B120:seed2:episode2,train,0.9283802132294979
2,bank,126,23,4,14,0,1,25,8.425670623779297,0.4175277352333069,0.4175277352333069,0.0,0.0,0,0.0,0.7135204088886286,8.067073799481902,7.353553390593273,9.673300743103027,offline_prior_3ep_corebot100k_H10_B120,results/phase3f/antmaze_large_stitch/offline_prior_3ep_corebot100k_H10_B120/episode_traces.jsonl,2,2,offline_prior_3ep_corebot100k_H10_B120:seed2:episode2,train,0.920350415128598
2,bank,142,25,46,16,0,1,24,7.921164512634277,0.1859358549118042,0.1859358549118042,0.0,0.0,0,0.0,0.784558560260542,9.086069904838306,8.301511344577763,11.777135848999023,offline_prior_3ep_corebot100k_H10_B120,results/phase3f/antmaze_large_stitch/offline_prior_3ep_corebot100k_H10_B120/episode_traces.jsonl,2,2,offline_prior_3ep_corebot100k_H10_B120:seed2:episode2,train,0.8976392748593833
2,bank,134,24,26,15,0,1,23,12.220227241516113,0.10816933959722519,0.10816933959722519,0.0,0.0,0,0.0,0.8978132555902782,10.975163524779905,10.077350269189626,9.31653118133545,offline_prior_3ep_corebot100k_H10_B120,results/phase3f/antmaze_large_stitch/offline_prior_3ep_corebot100k_H10_B120/episode_traces.jsonl,2,2,offline_prior_3ep_corebot100k_H10_B120:seed2:episode2,train,0.8159983999006991
0,bank,1,0,20,14,0,1,0,15.315998077392578,0.06735612452030182,0.06735612452030182,6.408050820010326,0.31606027941427883,0,0.0,6.724111099424604,13.861471663373294,7.13736056394869,14.616842269897461,state_conditioned_3ep_corebot100k_H10_B120,results/phase3f/antmaze_large_stitch/state_conditioned_3ep_corebot100k_H10_B120/episode_traces.jsonl,0,0,state_conditioned_3ep_corebot100k_H10_B120:seed0:episode0,train,0.8741447796212841
0,bank,2,0,21,14,0,1,0,14.11247730255127,0.09793959558010101,0.09793959558010101,0.6384726189327998,0.31606027941427883,0,0.0,0.9545328983470787,8.137107084182134,7.182574185835055,14.169112205505371,state_conditioned_3ep_corebot100k_H10_B120,results/phase3f/antmaze_large_stitch/state_conditioned_3ep_corebot100k_H10_B120/episode_traces.jsonl,0,0,state_conditioned_3ep_corebot100k_H10_B120:seed0:episode0,train,0.9289159794541038
0,bank,0,0,1,14,0,1,0,9.68976879119873,0.03923908621072769,0.03923908621072769,3.4721401959444593,0.029534588560389152,0,0.0,3.5016747845048486,10.54498959268727,7.043314808182421,6.9321417808532715,state_conditioned_3ep_corebot100k_H10_B120,results/phase3f/antmaze_large_stitch/state_conditioned_3ep_corebot100k_H10_B120/episode_traces.jsonl,0,0,state_conditioned_3ep_corebot100k_H10_B120:seed0:episode0,train,0.5778936809510647
0,bank,1,0,20,14,0,1,0,15.082559585571289,0.06735612452030182,0.06735612452030182,6.408050820010326,0.31606027941427883,1,10.0,6.724111099424604,23.861471663373294,7.13736056394869,16.429689407348633,state_conditioned_3ep_corebot100k_H10_B120,results/phase3f/antmaze_large_stitch/state_conditioned_3ep_corebot100k_H10_B120/episode_traces.jsonl,0,0,state_conditioned_3ep_corebot100k_H10_B120:seed0:episode0,train,0.8999827462753172
0,bank,2,0,21,14,0,1,0,13.677064895629883,0.09793959558010101,0.09793959558010101,0.6384726189327998,0.31606027941427883,1,10.0,0.9545328983470787,18.137107084182134,7.182574185835055,14.02153491973877,state_conditioned_3ep_corebot100k_H10_B120,results/phase3f/antmaze_large_stitch/state_conditioned_3ep_corebot100k_H10_B120/episode_traces.jsonl,0,0,state_conditioned_3ep_corebot100k_H10_B120:seed0:episode0,train,0.9189813341153831
0,bank,0,0,1,4,1,0,1,12.492879867553711,0.03923908621072769,0.03923908621072769,3.4721401959444593,0.011755129067550163,1,10.0,3.4838953250120097,20.527210133194433,7.043314808182423,6.513204097747803,state_conditioned_3ep_corebot100k_H10_B120,results/phase3f/antmaze_large_stitch/state_conditioned_3ep_corebot100k_H10_B120/episode_traces.jsonl,0,0,state_conditioned_3ep_corebot100k_H10_B120:seed0:episode0,train,0.5249572992786139
0,bank,5,1,3,20,0,1,22,10.268874168395996,0.037892282009124756,0.037892282009124756,0.6898993604294632,0.0,0,0.0,0.6898993604294632,10.863977016385158,10.174077655955696,15.002639770507812,state_conditioned_3ep_corebot100k_H10_B120,results/phase3f/antmaze_large_stitch/state_conditioned_3ep_corebot100k_H10_B120/episode_traces.jsonl,0,0,state_conditioned_3ep_corebot100k_H10_B120:seed0:episode0,train,0.9133149924292211
0,bank,123,22,23,1,1,0,23,12.958612442016602,0.4857388138771057,0.4857388138771057,0.7304389909782982,0.31604714266592915,0,0.0,1.0464861336442275,6.862713899661065,5.816227766016837,9.228181838989258,state_conditioned_3ep_corebot100k_H10_B120,results/phase3f/antmaze_large_stitch/state_conditioned_3ep_corebot100k_H10_B120/episode_traces.jsonl,0,0,state_conditioned_3ep_corebot100k_H10_B120:seed0:episode0,train,0.9394139057638757
0,bank,126,23,4,14,0,1,23,10.742420196533203,0.3552308976650238,0.3552308976650238,0.7135204088886286,0.0,0,0.0,0.7135204088886286,8.067073799481902,7.353553390593273,8.34923267364502,state_conditioned_3ep_corebot100k_H10_B120,results/phase3f/antmaze_large_stitch/state_conditioned_3ep_corebot100k_H10_B120/episode_traces.jsonl,0,0,state_conditioned_3ep_corebot100k_H10_B120:seed0:episode0,train,0.8698445224116921
0,bank,125,23,3,4,1,0,3,12.334110260009766,0.019983407109975815,0.019983407109975815,0.4501031103837372,0.2508985141590828,0,0.0,0.70100162454282,6.829038504475716,6.128036879932896,6.924954414367676,state_conditioned_3ep_corebot100k_H10_B120,results/phase3f/antmaze_large_stitch/state_conditioned_3ep_corebot100k_H10_B120/episode_traces.jsonl,0,0,state_conditioned_3ep_corebot100k_H10_B120:seed0:episode0,train,0.6803799865655964
0,bank,18,3,4,6,1,0,4,13.125789642333984,0.09976588934659958,0.09976588934659958,0.16802205855964336,0.0,0,0.0,0.16802205855964336,7.199410299588361,7.031388241028718,5.08939266204834,state_conditioned_3ep_corebot100k_H10_B120,results/phase3f/antmaze_large_stitch/state_conditioned_3ep_corebot100k_H10_B120/episode_traces.jsonl,0,0,state_conditioned_3ep_corebot100k_H10_B120:seed0:episode0,train,0.6130049865613487
0,bank,32,4,26,1,0,1,4,9.364058494567871,0.30572134256362915,0.30572134256362915,0.8716449481942189,0.0,0,0.0,0.8716449481942189,11.22519833878749,10.353553390593271,7.073169231414795,state_conditioned_3ep_corebot100k_H10_B120,results/phase3f/antmaze_large_stitch/state_conditioned_3ep_corebot100k_H10_B120/episode_traces.jsonl,0,0,state_conditioned_3ep_corebot100k_H10_B120:seed0:episode0,train,0.8294775923707115
1,bank,5,1,3,20,0,1,2,7.68325662612915,0.037892282009124756,0.037892282009124756,0.6898993604294632,0.31606027941427883,0,0.0,1.005959639843742,11.180037295799437,10.174077655955696,10.49176025390625,state_conditioned_3ep_corebot100k_H10_B120,results/phase3f/antmaze_large_stitch/state_conditioned_3ep_corebot100k_H10_B120/episode_traces.jsonl,1,1,state_conditioned_3ep_corebot100k_H10_B120:seed1:episode1,train,0.8506013270946379
1,bank,15,2,23,15,0,1,2,13.127546310424805,0.092484250664711,0.092484250664711,0.8055087713818384,0.31606027941427883,0,0.0,1.1215690507961171,8.92308039537388,7.801511344577763,6.286319255828857,state_conditioned_3ep_corebot100k_H10_B120,results/phase3f/antmaze_large_stitch/state_conditioned_3ep_corebot100k_H10_B120/episode_traces.jsonl,1,1,state_conditioned_3ep_corebot100k_H10_B120:seed1:episode1,train,0.7208734402384763
1,bank,12,2,4,20,0,1,3,14.63924503326416,0.0823717713356018,0.0823717713356018,6.527592381143653,0.3260415029739405,0,0.0,6.853633884117594,17.00107584027249,10.147441956154898,11.932064056396484,state_conditioned_3ep_corebot100k_H10_B120,results/phase3f/antmaze_large_stitch/state_conditioned_3ep_corebot100k_H10_B120/episode_traces.jsonl,1,1,state_conditioned_3ep_corebot100k_H10_B120:seed1:episode1,train,0.8254893534195171
1,bank,18,3,4,14,0,1,3,9.782486915588379,0.09976588934659958,0.09976588934659958,0.16802205855964336,0.11172158919794234,0,0.0,0.2797436477575857,7.311131888786304,7.031388241028718,4.563553810119629,state_conditioned_3ep_corebot100k_H10_B120,results/phase3f/antmaze_large_stitch/state_conditioned_3ep_corebot100k_H10_B120/episode_traces.jsonl,1,1,state_conditioned_3ep_corebot100k_H10_B120:seed1:episode1,train,0.6131845435900527
1,bank,23,3,24,8,1,0,24,16.10090446472168,0.2856288552284241,0.2856288552284241,0.8277852954529725,0.3470357588923877,0,0.0,1.1748210543453603,9.491048820362197,8.316227766016837,7.395604610443115,state_conditioned_3ep_corebot100k_H10_B120,results/phase3f/antmaze_large_stitch/state_conditioned_3ep_corebot100k_H10_B120/episode_traces.jsonl,1,1,state_conditioned_3ep_corebot100k_H10_B120:seed1:episode1,train,0.8633348554522907
1,bank,133,24,25,14,0,1,23,8.408232688903809,0.0597553588449955,0.0597553588449955,0.7736760136192329,0.0,0,0.0,0.7736760136192329,8.22088960911919,7.447213595499957,10.476902961730957,state_conditioned_3ep_corebot100k_H10_B120,results/phase3f/antmaze_large_stitch/state_conditioned_3ep_corebot100k_H10_B120/episode_traces.jsonl,1,1,state_conditioned_3ep_corebot100k_H10_B120:seed1:episode1,train,0.7995029301273585
1,bank,126,23,4,14,0,1,23,12.253859519958496,0.3552308976650238,0.3552308976650238,0.7135204088886286,0.3320146414346272,0,0.0,1.0455350503232559,8.399088440916529,7.353553390593273,10.032064437866211,state_conditioned_3ep_corebot100k_H10_B120,results/phase3f/antmaze_large_stitch/state_conditioned_3ep_corebot100k_H10_B120/episode_traces.jsonl,1,1,state_conditioned_3ep_corebot100k_H10_B120:seed1:episode1,train,0.9285649094108752
1,bank,125,23,3,12,0,1,23,9.017821311950684,0.019983407109975815,0.019983407109975815,0.4501031103837372,0.2335183828115302,0,0.0,0.6836214931952673,6.8116583731281635,6.128036879932896,7.483764171600342,state_conditioned_3ep_corebot100k_H10_B120,results/phase3f/antmaze_large_stitch/state_conditioned_3ep_corebot100k_H10_B120/episode_traces.jsonl,1,1,state_conditioned_3ep_corebot100k_H10_B120:seed1:episode1,train,0.7011640240510923
1,bank,126,23,4,3,0,1,23,11.86349868774414,0.3552308976650238,0.3552308976650238,0.7135204088886286,0.3396911257052445,1,10.0,1.053211534593873,18.406764925187147,7.353553390593273,10.872430801391602,state_conditioned_3ep_corebot100k_H10_B120,results/phase3f/antmaze_large_stitch/state_conditioned_3ep_corebot100k_H10_B120/episode_traces.jsonl,1,1,state_conditioned_3ep_corebot100k_H10_B120:seed1:episode1,train,0.9329265604150409
2,bank,5,1,3,20,0,1,2,4.112112522125244,0.037892282009124756,0.037892282009124756,0.6898993604294632,0.31606027941427883,0,0.0,1.005959639843742,11.180037295799437,10.174077655955696,10.705326080322266,state_conditioned_3ep_corebot100k_H10_B120,results/phase3f/antmaze_large_stitch/state_conditioned_3ep_corebot100k_H10_B120/episode_traces.jsonl,2,2,state_conditioned_3ep_corebot100k_H10_B120:seed2:episode2,train,0.8560612176297823
2,bank,15,2,23,15,0,1,1,17.398107528686523,0.092484250664711,0.092484250664711,0.8055087713818384,0.31606027941427883,0,0.0,1.1215690507961171,8.92308039537388,7.801511344577763,4.6646647453308105,state_conditioned_3ep_corebot100k_H10_B120,results/phase3f/antmaze_large_stitch/state_conditioned_3ep_corebot100k_H10_B120/episode_traces.jsonl,2,2,state_conditioned_3ep_corebot100k_H10_B120:seed2:episode2,train,0.6496533693033407
2,graph,0,1,3,20,0,1,22,4.049285888671875,0.037892282009124756,0.037892282009124756,3.869096217594607,0.31606027941427883,0,0.0,4.185156497008886,14.359234152964582,10.174077655955696,10.324451446533203,state_conditioned_3ep_corebot100k_H10_B120,results/phase3f/antmaze_large_stitch/state_conditioned_3ep_corebot100k_H10_B120/episode_traces.jsonl,2,2,state_conditioned_3ep_corebot100k_H10_B120:seed2:episode2,train,0.7960108293810827
2,bank,123,22,23,11,0,1,22,5.4794745445251465,0.4857388138771057,0.4857388138771057,0.7304389909782982,0.3156055085925874,0,0.0,1.0460444995708857,6.862272265587723,5.816227766016837,3.4754791259765625,state_conditioned_3ep_corebot100k_H10_B120,results/phase3f/antmaze_large_stitch/state_conditioned_3ep_corebot100k_H10_B120/episode_traces.jsonl,2,2,state_conditioned_3ep_corebot100k_H10_B120:seed2:episode2,train,0.827150118463946
2,bank,121,22,3,16,0,1,22,22.296907424926758,0.028081025928258896,0.028081025928258896,0.6485436913957404,0.31606027941427883,0,0.0,0.9646039708100193,9.164603970810019,8.2,19.674652099609375,state_conditioned_3ep_corebot100k_H10_B120,results/phase3f/antmaze_large_stitch/state_conditioned_3ep_corebot100k_H10_B120/episode_traces.jsonl,2,2,state_conditioned_3ep_corebot100k_H10_B120:seed2:episode2,train,0.9709692840918814
2,bank,120,22,2,10,0,1,22,8.519819259643555,0.0545751117169857,0.0545751117169857,0.4765710793984286,0.3097290521141843,0,0.0,0.7863001315126128,5.9464282853177,5.160128153805087,8.120549201965332,state_conditioned_3ep_corebot100k_H10_B120,results/phase3f/antmaze_large_stitch/state_conditioned_3ep_corebot100k_H10_B120/episode_traces.jsonl,2,2,state_conditioned_3ep_corebot100k_H10_B120:seed2:episode2,train,0.7551897200588785
2,bank,123,22,23,11,0,1,21,10.882753372192383,0.4857388138771057,0.4857388138771057,0.7304389909782982,0.31606027941427883,1,10.0,1.046499270392577,16.862727036409414,5.816227766016837,7.3393683433532715,state_conditioned_3ep_corebot100k_H10_B120,results/phase3f/antmaze_large_stitch/state_conditioned_3ep_corebot100k_H10_B120/episode_traces.jsonl,2,2,state_conditioned_3ep_corebot100k_H10_B120:seed2:episode2,train,0.9041250271752472
2,bank,117,21,41,14,0,1,21,12.489373207092285,0.06465958058834076,0.06465958058834076,6.230367579772258,0.3940895864299115,0,0.0,6.62445716620217,13.69218571235003,7.06772854614786,7.037752151489258,state_conditioned_3ep_corebot100k_H10_B120,results/phase3f/antmaze_large_stitch/state_conditioned_3ep_corebot100k_H10_B120/episode_traces.jsonl,2,2,state_conditioned_3ep_corebot100k_H10_B120:seed2:episode2,train,0.6161288468549654
0,bank,1,0,20,14,0,1,21,14.012964248657227,0.06735612452030182,0.06735612452030182,6.408050820010326,0.31606027941427883,0,0.0,6.724111099424604,13.861471663373294,7.13736056394869,13.236844062805176,state_conditioned_w0p5_3ep_corebot100k_H10_B120,results/phase3f/antmaze_large_stitch/state_conditioned_w0p5_3ep_corebot100k_H10_B120/episode_traces.jsonl,0,0,state_conditioned_w0p5_3ep_corebot100k_H10_B120:seed0:episode0,train,0.839727048229298
0,bank,117,21,41,14,0,1,20,6.25169038772583,0.09670224040746689,0.09670224040746689,6.230367579772258,0.484677377297858,0,0.0,6.715044957070116,13.782773503217976,7.06772854614786,5.9940385818481445,state_conditioned_w0p5_3ep_corebot100k_H10_B120,results/phase3f/antmaze_large_stitch/state_conditioned_w0p5_3ep_corebot100k_H10_B120/episode_traces.jsonl,0,0,state_conditioned_w0p5_3ep_corebot100k_H10_B120:seed0:episode0,train,0.6107536715002216
0,bank,109,20,40,1,1,0,40,14.182734489440918,0.06782305240631104,0.06782305240631104,0.5980501112864994,0.3642222727230765,0,0.0,0.9622723840095759,8.147967722186628,7.1856953381770525,13.16736125946045,state_conditioned_w0p5_3ep_corebot100k_H10_B120,results/phase3f/antmaze_large_stitch/state_conditioned_w0p5_3ep_corebot100k_H10_B120/episode_traces.jsonl,0,0,state_conditioned_w0p5_3ep_corebot100k_H10_B120:seed0:episode0,train,0.910518830665227
0,bank,227,40,60,14,0,1,40,9.069979667663574,0.03155674785375595,0.03155674785375595,0.5283147834378565,0.0,0,0.0,0.5283147834378565,7.655314910438047,7.127000127000191,7.920501232147217,state_conditioned_w0p5_3ep_corebot100k_H10_B120,results/phase3f/antmaze_large_stitch/state_conditioned_w0p5_3ep_corebot100k_H10_B120/episode_traces.jsonl,0,0,state_conditioned_w0p5_3ep_corebot100k_H10_B120:seed0:episode0,train,0.6865997048227108
0,bank,228,40,61,14,0,1,40,8.927427291870117,0.016834136098623276,0.016834136098623276,0.5618747127186674,0.143003171017405,0,0.0,0.7048778837360724,7.838508504692284,7.133630620956212,8.527969360351562,state_conditioned_w0p5_3ep_corebot100k_H10_B120,results/phase3f/antmaze_large_stitch/state_conditioned_w0p5_3ep_corebot100k_H10_B120/episode_traces.jsonl,0,0,state_conditioned_w0p5_3ep_corebot100k_H10_B120:seed0:episode0,train,0.7303153793343446
0,bank,226,40,41,5,1,0,41,9.356616020202637,0.0617544986307621,0.0617544986307621,0.4094215678781108,0.1585531287981748,0,0.0,0.5679746966762855,7.644671195561022,7.076696498884736,5.0410943031311035,state_conditioned_w0p5_3ep_corebot100k_H10_B120,results/phase3f/antmaze_large_stitch/state_conditioned_w0p5_3ep_corebot100k_H10_B120/episode_traces.jsonl,0,0,state_conditioned_w0p5_3ep_corebot100k_H10_B120:seed0:episode0,train,0.6123825340447855
0,bank,234,41,61,14,0,1,41,13.167129516601562,0.05378848314285278,0.05378848314285278,0.34525243313798004,0.0,0,0.0,0.34525243313798004,7.409402463047939,7.064150029909959,11.237348556518555,state_conditioned_w0p5_3ep_corebot100k_H10_B120,results/phase3f/antmaze_large_stitch/state_conditioned_w0p5_3ep_corebot100k_H10_B120/episode_traces.jsonl,0,0,state_conditioned_w0p5_3ep_corebot100k_H10_B120:seed0:episode0,train,0.8249855596518125
0,bank,233,41,60,16,0,1,41,9.734819412231445,0.053520310670137405,0.053520310670137405,0.656244752856689,0.30523441425370423,0,0.0,0.9614791671103933,9.13825586240703,8.176776695296637,7.472300052642822,state_conditioned_w0p5_3ep_corebot100k_H10_B120,results/phase3f/antmaze_large_stitch/state_conditioned_w0p5_3ep_corebot100k_H10_B120/episode_traces.jsonl,0,0,state_conditioned_w0p5_3ep_corebot100k_H10_B120:seed0:episode0,train,0.7477349441601296
0,graph,102,41,81,20,0,1,61,14.311639785766602,0.11713172495365143,0.11713172495365143,6.62185302819048,0.3478361562840442,0,0.0,6.969689184474524,17.469689184474525,10.5,10.479049682617188,state_conditioned_w0p5_3ep_corebot100k_H10_B120,results/phase3f/antmaze_large_stitch/state_conditioned_w0p5_3ep_corebot100k_H10_B120/episode_traces.jsonl,0,0,state_conditioned_w0p5_3ep_corebot100k_H10_B120:seed0:episode0,train,0.8011687536560008
0,bank,318,61,81,8,0,1,60,14.14159870147705,0.08777730166912079,0.08777730166912079,0.38430924726456805,0.18923644915680266,0,0.0,0.5735456964213708,7.649138591023216,7.075592894601845,10.327644348144531,state_conditioned_w0p5_3ep_corebot100k_H10_B120,results/phase3f/antmaze_large_stitch/state_conditioned_w0p5_3ep_corebot100k_H10_B120/episode_traces.jsonl,0,0,state_conditioned_w0p5_3ep_corebot100k_H10_B120:seed0:episode0,train,0.8393237274994251
0,bank,117,21,41,14,0,1,21,8.421371459960938,0.09670224040746689,0.09670224040746689,6.230367579772258,1.6696767852069594,0,0.0,7.900044364979218,14.967772911127078,7.06772854614786,5.869434833526611,state_conditioned_w2p0_3ep_corebot100k_H10_B120,results/phase3f/antmaze_large_stitch/state_conditioned_w2p0_3ep_corebot100k_H10_B120/episode_traces.jsonl,0,0,state_conditioned_w2p0_3ep_corebot100k_H10_B120:seed0:episode0,train,0.8281324092828307
0,bank,114,21,20,12,0,1,22,13.545958518981934,0.035140685737133026,0.035140685737133026,0.5175685021460914,1.9216934444647216,0,0.0,2.439261946610813,8.585126938108708,6.145864991497895,12.412795066833496,state_conditioned_w2p0_3ep_corebot100k_H10_B120,results/phase3f/antmaze_large_stitch/state_conditioned_w2p0_3ep_corebot100k_H10_B120/episode_traces.jsonl,0,0,state_conditioned_w2p0_3ep_corebot100k_H10_B120:seed0:episode0,train,0.9717082047774144
0,bank,123,22,23,11,0,1,21,12.132058143615723,0.4857388138771057,0.4857388138771057,0.7304389909782982,1.2642411176571153,0,0.0,1.9946801086354136,7.810907874652251,5.816227766016838,5.748941898345947,state_conditioned_w2p0_3ep_corebot100k_H10_B120,results/phase3f/antmaze_large_stitch/state_conditioned_w2p0_3ep_corebot100k_H10_B120/episode_traces.jsonl,0,0,state_conditioned_w2p0_3ep_corebot100k_H10_B120:seed0:episode0,train,0.9501951274974004
0,bank,116,21,40,16,0,1,21,21.740346908569336,0.04816491901874542,0.04816491901874542,6.538514775857186,1.9994771327945575,0,0.0,8.537991908651744,16.72697414515636,8.188982236504614,22.54257583618164,state_conditioned_w2p0_3ep_corebot100k_H10_B120,results/phase3f/antmaze_large_stitch/state_conditioned_w2p0_3ep_corebot100k_H10_B120/episode_traces.jsonl,0,0,state_conditioned_w2p0_3ep_corebot100k_H10_B120:seed0:episode0,train,0.9942529021736652
0,bank,115,21,22,12,0,1,1,10.412284851074219,0.09301510453224182,0.09301510453224182,0.5201171305591414,1.09730214815866,0,0.0,1.6174192787178014,7.749872514424306,6.132453235706504,4.045896053314209,state_conditioned_w2p0_3ep_corebot100k_H10_B120,results/phase3f/antmaze_large_stitch/state_conditioned_w2p0_3ep_corebot100k_H10_B120/episode_traces.jsonl,0,0,state_conditioned_w2p0_3ep_corebot100k_H10_B120:seed0:episode0,train,0.7709911310934765
0,bank,5,1,3,20,0,1,2,10.79101276397705,0.037892282009124756,0.037892282009124756,0.6898993604294632,1.2642411176571153,0,0.0,1.9541404780865785,12.128218134042275,10.174077655955696,8.6864595413208,state_conditioned_w2p0_3ep_corebot100k_H10_B120,results/phase3f/antmaze_large_stitch/state_conditioned_w2p0_3ep_corebot100k_H10_B120/episode_traces.jsonl,0,0,state_conditioned_w2p0_3ep_corebot100k_H10_B120:seed0:episode0,train,0.9079317993554962
0,bank,15,2,23,15,0,1,2,15.487884521484375,0.092484250664711,0.092484250664711,0.8055087713818384,1.2642411176571153,0,0.0,2.069749889038954,9.871261233616718,7.801511344577763,10.120474815368652,state_conditioned_w2p0_3ep_corebot100k_H10_B120,results/phase3f/antmaze_large_stitch/state_conditioned_w2p0_3ep_corebot100k_H10_B120/episode_traces.jsonl,0,0,state_conditioned_w2p0_3ep_corebot100k_H10_B120:seed0:episode0,train,0.9340219901482257
0,bank,12,2,4,20,0,1,2,16.20689582824707,0.03261202201247215,0.03261202201247215,6.527592381143653,1.2952328292579405,0,0.0,7.822825210401593,17.97026716655649,10.147441956154896,14.506060600280762,state_conditioned_w2p0_3ep_corebot100k_H10_B120,results/phase3f/antmaze_large_stitch/state_conditioned_w2p0_3ep_corebot100k_H10_B120/episode_traces.jsonl,0,0,state_conditioned_w2p0_3ep_corebot100k_H10_B120:seed0:episode0,train,0.9457609415694147
1,bank,1,0,20,14,0,1,0,14.572307586669922,0.06735612452030182,0.06735612452030182,6.408050820010326,1.2642411176571153,0,0.0,7.672291937667441,14.80965250161613,7.137360563948689,13.678601264953613,state_conditioned_w2p0_3ep_corebot100k_H10_B120,results/phase3f/antmaze_large_stitch/state_conditioned_w2p0_3ep_corebot100k_H10_B120/episode_traces.jsonl,1,1,state_conditioned_w2p0_3ep_corebot100k_H10_B120:seed1:episode1,train,0.9349025573770028
1,bank,2,0,21,14,0,1,0,13.123329162597656,0.09793959558010101,0.09793959558010101,0.6384726189327998,1.2642411176571153,0,0.0,1.9027137365899152,9.085287922424971,7.1825741858350565,13.276238441467285,state_conditioned_w2p0_3ep_corebot100k_H10_B120,results/phase3f/antmaze_large_stitch/state_conditioned_w2p0_3ep_corebot100k_H10_B120/episode_traces.jsonl,1,1,state_conditioned_w2p0_3ep_corebot100k_H10_B120:seed1:episode1,train,0.9646295317220424
1,bank,0,0,1,13,1,0,1,12.185835838317871,0.03923908621072769,0.03923908621072769,3.4721401959444593,0.09771383356921137,0,0.0,3.569854029513671,10.613168837696092,7.043314808182421,6.77839994430542,state_conditioned_w2p0_3ep_corebot100k_H10_B120,results/phase3f/antmaze_large_stitch/state_conditioned_w2p0_3ep_corebot100k_H10_B120/episode_traces.jsonl,1,1,state_conditioned_w2p0_3ep_corebot100k_H10_B120:seed1:episode1,train,0.5863126081821716
1,bank,5,1,3,20,0,1,2,9.838150978088379,0.037892282009124756,0.037892282009124756,0.6898993604294632,0.0,0,0.0,0.6898993604294632,10.863977016385158,10.174077655955696,16.57152557373047,state_conditioned_w2p0_3ep_corebot100k_H10_B120,results/phase3f/antmaze_large_stitch/state_conditioned_w2p0_3ep_corebot100k_H10_B120/episode_traces.jsonl,1,1,state_conditioned_w2p0_3ep_corebot100k_H10_B120:seed1:episode1,train,0.9355534647369391
1,bank,15,2,23,15,0,1,2,6.9812140464782715,0.10357096791267395,0.10357096791267395,0.8055087713818384,1.2249329649316167,0,0.0,2.0304417363134553,9.831953080891218,7.801511344577762,9.571089744567871,state_conditioned_w2p0_3ep_corebot100k_H10_B120,results/phase3f/antmaze_large_stitch/state_conditioned_w2p0_3ep_corebot100k_H10_B120/episode_traces.jsonl,1,1,state_conditioned_w2p0_3ep_corebot100k_H10_B120:seed1:episode1,train,0.9265909593719723
1,bank,12,2,4,20,0,1,2,15.154277801513672,0.0823717713356018,0.0823717713356018,6.527592381143653,1.3005165983220044,0,0.0,7.828108979465657,17.975550935620554,10.147441956154896,14.279141426086426,state_conditioned_w2p0_3ep_corebot100k_H10_B120,results/phase3f/antmaze_large_stitch/state_conditioned_w2p0_3ep_corebot100k_H10_B120/episode_traces.jsonl,1,1,state_conditioned_w2p0_3ep_corebot100k_H10_B120:seed1:episode1,train,0.9515260725830296
1,bank,14,2,22,6,1,0,22,12.35421371459961,0.022053662687540054,0.022053662687540054,0.46752177847356113,1.272514292443893,0,0.0,1.740036070917454,6.878711119973762,5.138675049056308,6.259663105010986,state_conditioned_w2p0_3ep_corebot100k_H10_B120,results/phase3f/antmaze_large_stitch/state_conditioned_w2p0_3ep_corebot100k_H10_B120/episode_traces.jsonl,1,1,state_conditioned_w2p0_3ep_corebot100k_H10_B120:seed1:episode1,train,0.8284017942491768
1,bank,123,22,23,11,0,1,21,11.558188438415527,0.4857388138771057,0.4857388138771057,0.7304389909782982,0.0,0,0.0,0.7304389909782982,6.546666756995136,5.816227766016838,9.626241683959961,state_conditioned_w2p0_3ep_corebot100k_H10_B120,results/phase3f/antmaze_large_stitch/state_conditioned_w2p0_3ep_corebot100k_H10_B120/episode_traces.jsonl,1,1,state_conditioned_w2p0_3ep_corebot100k_H10_B120:seed1:episode1,train,0.925289362651746
1,bank,117,21,41,7,0,1,21,11.119502067565918,0.033584024757146835,0.033584024757146835,6.230367579772258,1.7855771552125188,0,0.0,8.015944734984776,15.083673281132636,7.06772854614786,10.150374412536621,state_conditioned_w2p0_3ep_corebot100k_H10_B120,results/phase3f/antmaze_large_stitch/state_conditioned_w2p0_3ep_corebot100k_H10_B120/episode_traces.jsonl,1,1,state_conditioned_w2p0_3ep_corebot100k_H10_B120:seed1:episode1,train,0.9134612616493518
2,bank,1,0,20,8,1,0,20,14.238389015197754,0.06735612452030182,0.06735612452030182,6.408050820010326,1.2642411176571153,0,0.0,7.672291937667441,14.80965250161613,7.137360563948689,13.277475357055664,state_conditioned_w2p0_3ep_corebot100k_H10_B120,results/phase3f/antmaze_large_stitch/state_conditioned_w2p0_3ep_corebot100k_H10_B120/episode_traces.jsonl,2,2,state_conditioned_w2p0_3ep_corebot100k_H10_B120:seed2:episode2,train,0.9297341232578529
2,bank,109,20,40,14,0,1,20,14.091228485107422,0.05294928699731827,0.05294928699731827,0.5980501112864994,0.0,0,0.0,0.5980501112864994,7.783745449463551,7.185695338177052,14.061083793640137,state_conditioned_w2p0_3ep_corebot100k_H10_B120,results/phase3f/antmaze_large_stitch/state_conditioned_w2p0_3ep_corebot100k_H10_B120/episode_traces.jsonl,2,2,state_conditioned_w2p0_3ep_corebot100k_H10_B120:seed2:episode2,train,0.8911124969582467
2,bank,110,20,41,14,0,1,20,11.173831939697266,0.053104791790246964,0.053104791790246964,0.6500687099617347,1.1419004701509023,0,0.0,1.7919691801126372,9.050168069859799,7.258198889747161,9.494025230407715,state_conditioned_w2p0_3ep_corebot100k_H10_B120,results/phase3f/antmaze_large_stitch/state_conditioned_w2p0_3ep_corebot100k_H10_B120/episode_traces.jsonl,2,2,state_conditioned_w2p0_3ep_corebot100k_H10_B120:seed2:episode2,train,0.9065830143210306
2,bank,109,20,40,14,0,1,20,16.046077728271484,0.05294928699731827,0.05294928699731827,0.5980501112864994,1.4229508733745477,1,10.0,2.0210009846610473,19.2066963228381,7.185695338177052,13.724428176879883,state_conditioned_w2p0_3ep_corebot100k_H10_B120,results/phase3f/antmaze_large_stitch/state_conditioned_w2p0_3ep_corebot100k_H10_B120/episode_traces.jsonl,2,2,state_conditioned_w2p0_3ep_corebot100k_H10_B120:seed2:episode2,train,0.9644215315734417
2,bank,110,20,41,14,0,1,20,10.746155738830566,0.0501602441072464,0.0501602441072464,0.6500687099617347,1.1310982496473478,1,10.0,1.7811669596090827,19.039365849356244,7.258198889747163,11.303091049194336,state_conditioned_w2p0_3ep_corebot100k_H10_B120,results/phase3f/antmaze_large_stitch/state_conditioned_w2p0_3ep_corebot100k_H10_B120/episode_traces.jsonl,2,2,state_conditioned_w2p0_3ep_corebot100k_H10_B120:seed2:episode2,train,0.9248987084360498
2,bank,108,20,21,12,0,1,41,12.161970138549805,0.03369520232081413,0.03369520232081413,0.35031748617762326,0.3851507914886916,0,0.0,0.7354682776663148,6.80414855964066,6.068680281974345,8.435647010803223,state_conditioned_w2p0_3ep_corebot100k_H10_B120,results/phase3f/antmaze_large_stitch/state_conditioned_w2p0_3ep_corebot100k_H10_B120/episode_traces.jsonl,2,2,state_conditioned_w2p0_3ep_corebot100k_H10_B120:seed2:episode2,train,0.7767043216058755
2,bank,234,41,61,14,0,1,41,10.982217788696289,0.05378848314285278,0.05378848314285278,0.34525243313798004,0.8771680110408364,0,0.0,1.2224204441788165,8.286570474088775,7.064150029909959,10.458884239196777,state_conditioned_w2p0_3ep_corebot100k_H10_B120,results/phase3f/antmaze_large_stitch/state_conditioned_w2p0_3ep_corebot100k_H10_B120/episode_traces.jsonl,2,2,state_conditioned_w2p0_3ep_corebot100k_H10_B120:seed2:episode2,train,0.9038557327139701
2,bank,233,41,60,16,0,1,21,11.457332611083984,0.03738653287291527,0.03738653287291527,0.656244752856689,0.8856960062810355,0,0.0,1.5419407591377245,9.718717454434362,8.176776695296638,7.548682689666748,state_conditioned_w2p0_3ep_corebot100k_H10_B120,results/phase3f/antmaze_large_stitch/state_conditioned_w2p0_3ep_corebot100k_H10_B120/episode_traces.jsonl,2,2,state_conditioned_w2p0_3ep_corebot100k_H10_B120:seed2:episode2,train,0.8337511422102213
2,bank,116,21,40,14,0,1,21,20.36101722717285,0.04816491901874542,0.04816491901874542,6.538514775857186,1.9733339970989094,0,0.0,8.511848772956096,16.70083100946071,8.188982236504614,21.520246505737305,state_conditioned_w2p0_3ep_corebot100k_H10_B120,results/phase3f/antmaze_large_stitch/state_conditioned_w2p0_3ep_corebot100k_H10_B120/episode_traces.jsonl,2,2,state_conditioned_w2p0_3ep_corebot100k_H10_B120:seed2:episode2,train,0.9927475296857234
1,bank,109,20,40,14,0,1,20,13.803531646728516,0.05294928699731827,0.05294928699731827,0.5980501112864994,0.17758316455957082,0,0.0,1.2257060948637486,8.411401433040801,7.1856953381770525,13.411860466003418,state_outcome_w0p5_3ep_corebot100k_H10_B120,results/phase3f/antmaze_large_stitch/state_outcome_w0p5_3ep_corebot100k_H10_B120/episode_traces.jsonl,1,1,state_outcome_w0p5_3ep_corebot100k_H10_B120:seed1:episode1,train,0.8948698914118309
1,bank,110,20,41,14,0,1,20,12.616143226623535,0.053104791790246964,0.053104791790246964,0.6500687099617347,0.14212439186426523,0,0.0,1.2041748869044482,8.46237377665161,7.258198889747161,9.211109161376953,state_outcome_w0p5_3ep_corebot100k_H10_B120,results/phase3f/antmaze_large_stitch/state_outcome_w0p5_3ep_corebot100k_H10_B120/episode_traces.jsonl,1,1,state_outcome_w0p5_3ep_corebot100k_H10_B120:seed1:episode1,train,0.7767351967029826
1,bank,109,20,40,14,0,1,20,17.31002426147461,0.05294928699731827,0.05294928699731827,0.5980501112864994,0.17919667410707113,1,10.0,1.2179014360983842,18.403596774275435,7.185695338177052,13.43315315246582,state_outcome_w0p5_3ep_corebot100k_H10_B120,results/phase3f/antmaze_large_stitch/state_outcome_w0p5_3ep_corebot100k_H10_B120/episode_traces.jsonl,1,1,state_outcome_w0p5_3ep_corebot100k_H10_B120:seed1:episode1,train,0.8845223075817202
1,bank,110,20,41,9,1,0,41,10.747562408447266,0.0501602441072464,0.0501602441072464,0.6500687099617347,0.14017003904146483,1,10.0,1.1781952418560273,18.43639413160319,7.258198889747163,12.473617553710938,state_outcome_w0p5_3ep_corebot100k_H10_B120,results/phase3f/antmaze_large_stitch/state_outcome_w0p5_3ep_corebot100k_H10_B120/episode_traces.jsonl,1,1,state_outcome_w0p5_3ep_corebot100k_H10_B120:seed1:episode1,train,0.8569841850310351
1,bank,234,41,61,14,1,0,61,13.669405937194824,0.05378848314285278,0.05378848314285278,0.34525243313798004,0.0,0,0.0,0.34525243313798004,7.409402463047939,7.064150029909959,10.602105140686035,state_outcome_w0p5_3ep_corebot100k_H10_B120,results/phase3f/antmaze_large_stitch/state_outcome_w0p5_3ep_corebot100k_H10_B120/episode_traces.jsonl,1,1,state_outcome_w0p5_3ep_corebot100k_H10_B120:seed1:episode1,train,0.805452148602338
1,bank,318,61,81,14,0,1,80,5.123545169830322,0.058198023587465286,0.058198023587465286,0.38430924726456805,0.0,0,0.0,0.38430924726456805,7.459902141866413,7.075592894601845,9.278741836547852,state_outcome_w0p5_3ep_corebot100k_H10_B120,results/phase3f/antmaze_large_stitch/state_outcome_w0p5_3ep_corebot100k_H10_B120/episode_traces.jsonl,1,1,state_outcome_w0p5_3ep_corebot100k_H10_B120:seed1:episode1,train,0.7614715754055259
1,bank,366,80,101,16,0,1,80,10.40565299987793,0.05368296802043915,0.05368296802043915,0.48660174242634235,0.15284317840870743,0,0.0,0.9350544594025454,9.039882943074737,8.104828483672192,6.055084228515625,state_outcome_w0p5_3ep_corebot100k_H10_B120,results/phase3f/antmaze_large_stitch/state_outcome_w0p5_3ep_corebot100k_H10_B120/episode_traces.jsonl,1,1,state_outcome_w0p5_3ep_corebot100k_H10_B120:seed1:episode1,train,0.660493380207695
1,bank,365,80,100,14,0,1,101,10.808903694152832,0.02528616413474083,0.02528616413474083,0.35320500313985315,0.18365881784056734,0,0.0,0.826939317447339,7.893605984114005,7.066666666666666,9.457859992980957,state_outcome_w0p5_3ep_corebot100k_H10_B120,results/phase3f/antmaze_large_stitch/state_outcome_w0p5_3ep_corebot100k_H10_B120/episode_traces.jsonl,1,1,state_outcome_w0p5_3ep_corebot100k_H10_B120:seed1:episode1,train,0.7811832253856476
1,bank,397,101,122,11,0,1,101,11.201948165893555,0.07741473615169525,0.07741473615169525,0.727615539426118,0.20796887267201147,0,0.0,1.3482701520330405,10.590805777069372,9.242535625036332,12.732510566711426,state_outcome_w0p5_3ep_corebot100k_H10_B120,results/phase3f/antmaze_large_stitch/state_outcome_w0p5_3ep_corebot100k_H10_B120/episode_traces.jsonl,1,1,state_outcome_w0p5_3ep_corebot100k_H10_B120:seed1:episode1,train,0.8982770582873005
2,bank,109,20,40,14,0,1,20,14.146111488342285,0.05294928699731827,0.05294928699731827,0.5980501112864994,0.17713996234157398,0,0.0,1.2272773564756907,8.412972694652742,7.185695338177052,13.765409469604492,state_outcome_w0p5_3ep_corebot100k_H10_B120,results/phase3f/antmaze_large_stitch/state_outcome_w0p5_3ep_corebot100k_H10_B120/episode_traces.jsonl,2,2,state_outcome_w0p5_3ep_corebot100k_H10_B120:seed2:episode2,train,0.9014353652615982
2,bank,110,20,41,14,0,1,20,11.292576789855957,0.053104791790246964,0.053104791790246964,0.6500687099617347,0.14283398828552954,0,0.0,1.209628681335905,8.467827571083067,7.258198889747161,9.554681777954102,state_outcome_w0p5_3ep_corebot100k_H10_B120,results/phase3f/antmaze_large_stitch/state_outcome_w0p5_3ep_corebot100k_H10_B120/episode_traces.jsonl,2,2,state_outcome_w0p5_3ep_corebot100k_H10_B120:seed2:episode2,train,0.7887846912495011
2,bank,109,20,40,14,0,1,20,15.956266403198242,0.05294928699731827,0.05294928699731827,0.5980501112864994,0.17735219094067717,1,10.0,1.2193881434165652,18.405083481593618,7.185695338177052,13.637468338012695,state_outcome_w0p5_3ep_corebot100k_H10_B120,results/phase3f/antmaze_large_stitch/state_outcome_w0p5_3ep_corebot100k_H10_B120/episode_traces.jsonl,2,2,state_outcome_w0p5_3ep_corebot100k_H10_B120:seed2:episode2,train,0.8885409261252477
2,bank,110,20,41,14,0,1,20,11.132791519165039,0.053104791790246964,0.053104791790246964,0.6500687099617347,0.14192608925325334,1,10.0,1.1919700777093085,18.45016896745647,7.258198889747163,9.689377784729004,state_outcome_w0p5_3ep_corebot100k_H10_B120,results/phase3f/antmaze_large_stitch/state_outcome_w0p5_3ep_corebot100k_H10_B120/episode_traces.jsonl,2,2,state_outcome_w0p5_3ep_corebot100k_H10_B120:seed2:episode2,train,0.774313757130003
2,bank,108,20,21,12,0,1,20,7.653229713439941,0.03261657804250717,0.03261657804250717,0.35031748617762326,0.027366692462353653,0,0.0,0.6677145790515058,6.73639486102585,6.068680281974345,7.546595573425293,state_outcome_w0p5_3ep_corebot100k_H10_B120,results/phase3f/antmaze_large_stitch/state_outcome_w0p5_3ep_corebot100k_H10_B120/episode_traces.jsonl,2,2,state_outcome_w0p5_3ep_corebot100k_H10_B120:seed2:episode2,train,0.6715141815938186
2,bank,106,20,1,4,1,0,1,13.704155921936035,0.02480478584766388,0.02480478584766388,0.41656835168972595,0.02283647353287191,0,0.0,0.7336761217136474,8.812733063217857,8.07905694150421,5.122885227203369,state_outcome_w0p5_3ep_corebot100k_H10_B120,results/phase3f/antmaze_large_stitch/state_outcome_w0p5_3ep_corebot100k_H10_B120/episode_traces.jsonl,2,2,state_outcome_w0p5_3ep_corebot100k_H10_B120:seed2:episode2,train,0.56538402666488
2,bank,5,1,3,18,1,0,3,10.04670238494873,0.037892282009124756,0.037892282009124756,0.6898993604294632,0.0,0,0.0,0.6898993604294632,10.863977016385158,10.174077655955696,8.528481483459473,state_outcome_w0p5_3ep_corebot100k_H10_B120,results/phase3f/antmaze_large_stitch/state_outcome_w0p5_3ep_corebot100k_H10_B120/episode_traces.jsonl,2,2,state_outcome_w0p5_3ep_corebot100k_H10_B120:seed2:episode2,train,0.7373452307980743
2,bank,18,3,4,8,1,0,4,8.680495262145996,0.11535872519016266,0.11535872519016266,0.16802205855964336,0.0,0,0.0,0.16802205855964336,7.199410299588361,7.031388241028718,4.2954182624816895,state_outcome_w0p5_3ep_corebot100k_H10_B120,results/phase3f/antmaze_large_stitch/state_outcome_w0p5_3ep_corebot100k_H10_B120/episode_traces.jsonl,2,2,state_outcome_w0p5_3ep_corebot100k_H10_B120:seed2:episode2,train,0.586085101509419
2,bank,32,4,26,20,0,1,4,13.697797775268555,0.2119767963886261,0.2119767963886261,0.8716449481942189,0.0,0,0.0,0.8716449481942189,11.22519833878749,10.353553390593271,13.129151344299316,state_outcome_w0p5_3ep_corebot100k_H10_B120,results/phase3f/antmaze_large_stitch/state_outcome_w0p5_3ep_corebot100k_H10_B120/episode_traces.jsonl,2,2,state_outcome_w0p5_3ep_corebot100k_H10_B120:seed2:episode2,train,0.9254102154198124
2,bank,30,4,24,2,0,1,4,12.898757934570312,0.027516791597008705,0.027516791597008705,0.4724679577509374,0.05943486220036834,0,0.0,0.8269024353782823,5.961742407870931,5.134839972492649,11.89854907989502,state_outcome_w0p5_3ep_corebot100k_H10_B120,results/phase3f/antmaze_large_stitch/state_outcome_w0p5_3ep_corebot100k_H10_B120/episode_traces.jsonl,2,2,state_outcome_w0p5_3ep_corebot100k_H10_B120:seed2:episode2,train,0.8275733644722996
0,bank,5,1,3,20,0,1,2,5.296449184417725,0.037892282009124756,0.037892282009124756,0.6898993604294632,0.15803013970713942,0,0.0,1.544261108953891,11.718338764909586,10.174077655955696,10.747295379638672,state_outcome_3ep_corebot100k_H10_B120,results/phase3f/antmaze_large_stitch/state_outcome_3ep_corebot100k_H10_B120/episode_traces.jsonl,0,0,state_outcome_3ep_corebot100k_H10_B120:seed0:episode0,train,0.8373319109176056
0,bank,15,2,23,15,0,1,1,14.237017631530762,0.092484250664711,0.092484250664711,0.8055087713818384,0.15725409095481432,0,0.0,1.594487501104789,9.395998845682552,7.801511344577763,5.592061996459961,state_outcome_3ep_corebot100k_H10_B120,results/phase3f/antmaze_large_stitch/state_outcome_3ep_corebot100k_H10_B120/episode_traces.jsonl,0,0,state_outcome_3ep_corebot100k_H10_B120:seed0:episode0,train,0.6577313163681328
0,graph,0,1,3,20,0,1,2,7.548782825469971,0.037892282009124756,0.037892282009124756,3.869096217594607,0.15803013970713942,0,0.0,4.731779604261078,14.905857260216774,10.174077655955696,12.281647682189941,state_outcome_3ep_corebot100k_H10_B120,results/phase3f/antmaze_large_stitch/state_outcome_3ep_corebot100k_H10_B120/episode_traces.jsonl,0,0,state_outcome_3ep_corebot100k_H10_B120:seed0:episode0,train,0.8331830239470168
0,bank,12,2,4,20,0,1,2,15.070670127868652,0.0823717713356018,0.0823717713356018,6.527592381143653,0.16116268102489742,0,0.0,7.404561528133441,17.55200348428834,10.147441956154896,11.936120986938477,state_outcome_3ep_corebot100k_H10_B120,results/phase3f/antmaze_large_stitch/state_outcome_3ep_corebot100k_H10_B120/episode_traces.jsonl,0,0,state_outcome_3ep_corebot100k_H10_B120:seed0:episode0,train,0.801416161505173
0,bank,14,2,22,10,0,1,2,8.472630500793457,0.022053662687540054,0.022053662687540054,0.46752177847356113,0.1688472912537054,0,0.0,1.2861698848212513,6.424844933877559,5.138675049056308,7.101348400115967,state_outcome_3ep_corebot100k_H10_B120,results/phase3f/antmaze_large_stitch/state_outcome_3ep_corebot100k_H10_B120/episode_traces.jsonl,0,0,state_outcome_3ep_corebot100k_H10_B120:seed0:episode0,train,0.6632070096829199
0,bank,11,2,3,8,1,0,3,4.430431365966797,0.098394975066185,0.098394975066185,6.156739000712761,0.1362083229779636,0,0.0,6.980812569122813,14.033444148070181,7.052631578947368,8.362201690673828,state_outcome_3ep_corebot100k_H10_B120,results/phase3f/antmaze_large_stitch/state_outcome_3ep_corebot100k_H10_B120/episode_traces.jsonl,0,0,state_outcome_3ep_corebot100k_H10_B120:seed0:episode0,train,0.6478581758869487
0,bank,18,3,4,14,0,1,3,11.953797340393066,0.021555712446570396,0.021555712446570396,0.16802205855964336,0.0,0,0.0,0.16802205855964336,7.199410299588361,7.031388241028718,10.670380592346191,state_outcome_3ep_corebot100k_H10_B120,results/phase3f/antmaze_large_stitch/state_outcome_3ep_corebot100k_H10_B120/episode_traces.jsonl,0,0,state_outcome_3ep_corebot100k_H10_B120:seed0:episode0,train,0.7939799224899098
0,bank,23,3,24,13,0,1,22,10.549701690673828,0.2856288552284241,0.2856288552284241,0.8277852954529725,0.17533784494553467,0,0.0,1.7244582295053053,10.040685995522143,8.316227766016837,10.037965774536133,state_outcome_3ep_corebot100k_H10_B120,results/phase3f/antmaze_large_stitch/state_outcome_3ep_corebot100k_H10_B120/episode_traces.jsonl,0,0,state_outcome_3ep_corebot100k_H10_B120:seed0:episode0,train,0.901749354506938
1,bank,1,0,20,14,0,1,0,14.470733642578125,0.06735612452030182,0.06735612452030182,6.408050820010326,0.15803013970713942,0,0.0,7.500426167327281,14.63778673127597,7.137360563948689,13.557785987854004,state_outcome_3ep_corebot100k_H10_B120,results/phase3f/antmaze_large_stitch/state_outcome_3ep_corebot100k_H10_B120/episode_traces.jsonl,1,1,state_outcome_3ep_corebot100k_H10_B120:seed1:episode1,train,0.8276044601636222
1,bank,2,0,21,14,0,1,0,13.294046401977539,0.09793959558010101,0.09793959558010101,0.6384726189327998,0.15803013970713942,0,0.0,1.7106299722201976,8.893204158055253,7.182574185835056,13.233863830566406,state_outcome_3ep_corebot100k_H10_B120,results/phase3f/antmaze_large_stitch/state_outcome_3ep_corebot100k_H10_B120/episode_traces.jsonl,1,1,state_outcome_3ep_corebot100k_H10_B120:seed1:episode1,train,0.9025670091690742
1,bank,0,0,1,11,1,0,1,7.967166900634766,0.03923908621072769,0.03923908621072769,3.4721401959444593,0.0070677584497560175,0,0.0,4.075839847297,11.11915465547942,7.04331480818242,6.737247467041016,state_outcome_3ep_corebot100k_H10_B120,results/phase3f/antmaze_large_stitch/state_outcome_3ep_corebot100k_H10_B120/episode_traces.jsonl,1,1,state_outcome_3ep_corebot100k_H10_B120:seed1:episode1,train,0.562807484278718
1,bank,5,1,3,20,0,1,2,16.67413902282715,0.037892282009124756,0.037892282009124756,0.6898993604294632,0.0,0,0.0,0.6898993604294632,10.863977016385158,10.174077655955696,11.083245277404785,state_outcome_3ep_corebot100k_H10_B120,results/phase3f/antmaze_large_stitch/state_outcome_3ep_corebot100k_H10_B120/episode_traces.jsonl,1,1,state_outcome_3ep_corebot100k_H10_B120:seed1:episode1,train,0.8255079726808788
1,bank,15,2,23,15,0,1,2,8.078523635864258,0.092484250664711,0.092484250664711,0.8055087713818384,0.15803013970713942,0,0.0,1.6217610379379668,9.42327238251573,7.801511344577763,7.42933464050293,state_outcome_3ep_corebot100k_H10_B120,results/phase3f/antmaze_large_stitch/state_outcome_3ep_corebot100k_H10_B120/episode_traces.jsonl,1,1,state_outcome_3ep_corebot100k_H10_B120:seed1:episode1,train,0.7367767105650055
1,bank,12,2,4,20,0,1,1,15.848978996276855,0.0823717713356018,0.0823717713356018,6.527592381143653,0.16354588002621667,0,0.0,7.391395796966281,17.53883775312118,10.147441956154898,15.94999885559082,state_outcome_3ep_corebot100k_H10_B120,results/phase3f/antmaze_large_stitch/state_outcome_3ep_corebot100k_H10_B120/episode_traces.jsonl,1,1,state_outcome_3ep_corebot100k_H10_B120:seed1:episode1,train,0.9018063560873868
1,graph,0,1,3,15,1,0,3,10.757662773132324,0.037892282009124756,0.037892282009124756,3.869096217594607,0.15803013970713942,0,0.0,4.72941004905047,14.903487705006166,10.174077655955696,10.506341934204102,state_outcome_3ep_corebot100k_H10_B120,results/phase3f/antmaze_large_stitch/state_outcome_3ep_corebot100k_H10_B120/episode_traces.jsonl,1,1,state_outcome_3ep_corebot100k_H10_B120:seed1:episode1,train,0.7765519841816435
1,bank,18,3,4,11,0,1,24,9.936230659484863,0.015023327432572842,0.015023327432572842,0.16802205855964336,0.0,0,0.0,0.16802205855964336,7.199410299588361,7.031388241028718,10.17914867401123,state_outcome_3ep_corebot100k_H10_B120,results/phase3f/antmaze_large_stitch/state_outcome_3ep_corebot100k_H10_B120/episode_traces.jsonl,1,1,state_outcome_3ep_corebot100k_H10_B120:seed1:episode1,train,0.7734277160572708
2,bank,109,20,40,14,0,1,20,14.070868492126465,0.05294928699731827,0.05294928699731827,0.5980501112864994,0.17842916669796022,0,0.0,1.6787599017776316,8.864455239954683,7.185695338177052,13.643067359924316,state_outcome_3ep_corebot100k_H10_B120,results/phase3f/antmaze_large_stitch/state_outcome_3ep_corebot100k_H10_B120/episode_traces.jsonl,2,2,state_outcome_3ep_corebot100k_H10_B120:seed2:episode2,train,0.8993054695239214
2,bank,110,20,41,14,0,1,20,8.814617156982422,0.053104791790246964,0.053104791790246964,0.6500687099617347,0.1425635753492135,0,0.0,1.6213962795821426,8.879595169329304,7.258198889747161,9.395634651184082,state_outcome_3ep_corebot100k_H10_B120,results/phase3f/antmaze_large_stitch/state_outcome_3ep_corebot100k_H10_B120/episode_traces.jsonl,2,2,state_outcome_3ep_corebot100k_H10_B120:seed2:episode2,train,0.7832763136250032
2,bank,109,20,40,14,0,1,20,14.030257225036621,0.05294928699731827,0.05294928699731827,0.5980501112864994,0.1785252353313134,1,10.0,1.6647815035434843,18.850476841720536,7.185695338177052,13.713188171386719,state_outcome_3ep_corebot100k_H10_B120,results/phase3f/antmaze_large_stitch/state_outcome_3ep_corebot100k_H10_B120/episode_traces.jsonl,2,2,state_outcome_3ep_corebot100k_H10_B120:seed2:episode2,train,0.8901747801307323
2,bank,110,20,41,14,0,1,20,9.957080841064453,0.053104791790246964,0.053104791790246964,0.6500687099617347,0.14247648778762095,1,10.0,1.5991135459808978,18.857312435728062,7.258198889747163,9.351972579956055,state_outcome_3ep_corebot100k_H10_B120,results/phase3f/antmaze_large_stitch/state_outcome_3ep_corebot100k_H10_B120/episode_traces.jsonl,2,2,state_outcome_3ep_corebot100k_H10_B120:seed2:episode2,train,0.7621380050523052
2,bank,108,20,21,12,0,1,20,7.2801923751831055,0.03261657804250717,0.03261657804250717,0.35031748617762326,0.02565610119325276,0,0.0,0.955204967681981,7.023885249656326,6.068680281974345,6.844563961029053,state_outcome_3ep_corebot100k_H10_B120,results/phase3f/antmaze_large_stitch/state_outcome_3ep_corebot100k_H10_B120/episode_traces.jsonl,2,2,state_outcome_3ep_corebot100k_H10_B120:seed2:episode2,train,0.6387561206924537
2,bank,106,20,1,16,1,0,1,7.150345325469971,0.06689700484275818,0.06689700484275818,0.41656835168972595,0.034431714171572564,0,0.0,1.0606111890471746,9.139668130551383,8.07905694150421,4.102670192718506,state_outcome_3ep_corebot100k_H10_B120,results/phase3f/antmaze_large_stitch/state_outcome_3ep_corebot100k_H10_B120/episode_traces.jsonl,2,2,state_outcome_3ep_corebot100k_H10_B120:seed2:episode2,train,0.5500664485533096
2,bank,5,1,3,14,1,0,3,9.60963249206543,0.037892282009124756,0.037892282009124756,0.6898993604294632,0.0,0,0.0,0.6898993604294632,10.863977016385158,10.174077655955696,13.037420272827148,state_outcome_3ep_corebot100k_H10_B120,results/phase3f/antmaze_large_stitch/state_outcome_3ep_corebot100k_H10_B120/episode_traces.jsonl,2,2,state_outcome_3ep_corebot100k_H10_B120:seed2:episode2,train,0.8758094814777222
2,bank,18,3,4,8,1,0,4,11.146574974060059,0.015023327432572842,0.015023327432572842,0.16802205855964336,0.0,0,0.0,0.16802205855964336,7.199410299588361,7.031388241028718,10.239206314086914,state_outcome_3ep_corebot100k_H10_B120,results/phase3f/antmaze_large_stitch/state_outcome_3ep_corebot100k_H10_B120/episode_traces.jsonl,2,2,state_outcome_3ep_corebot100k_H10_B120:seed2:episode2,train,0.775570482701921
2,bank,32,4,26,14,0,1,3,12.787956237792969,0.30572134256362915,0.30572134256362915,0.8716449481942189,0.0,0,0.0,0.8716449481942189,11.22519833878749,10.353553390593271,7.593296527862549,state_outcome_3ep_corebot100k_H10_B120,results/phase3f/antmaze_large_stitch/state_outcome_3ep_corebot100k_H10_B120/episode_traces.jsonl,2,2,state_outcome_3ep_corebot100k_H10_B120:seed2:episode2,train,0.8439852485921141
2,bank,1,0,20,14,0,1,0,14.422606468200684,0.06735612452030182,0.06735612452030182,6.408050820010326,0.15803013970713942,0,0.0,8.435873118224315,15.573233682173004,7.13736056394869,13.580338478088379,state_outcome_w2p0_3ep_corebot100k_H10_B120,results/phase3f/antmaze_large_stitch/state_outcome_w2p0_3ep_corebot100k_H10_B120/episode_traces.jsonl,2,2,state_outcome_w2p0_3ep_corebot100k_H10_B120:seed2:episode2,train,0.828260798232575
2,bank,2,0,21,14,0,1,0,13.318536758422852,0.09793959558010101,0.09793959558010101,0.6384726189327998,0.15803013970713942,0,0.0,2.623824061494607,9.806398247329662,7.182574185835055,13.197480201721191,state_outcome_w2p0_3ep_corebot100k_H10_B120,results/phase3f/antmaze_large_stitch/state_outcome_w2p0_3ep_corebot100k_H10_B120/episode_traces.jsonl,2,2,state_outcome_w2p0_3ep_corebot100k_H10_B120:seed2:episode2,train,0.9019114212662968
2,bank,0,0,1,13,1,0,1,9.49478816986084,0.03923908621072769,0.03923908621072769,3.4721401959444593,0.010091137735969952,0,0.0,4.688634632329999,11.73194944051242,7.04331480818242,6.781739234924316,state_outcome_w2p0_3ep_corebot100k_H10_B120,results/phase3f/antmaze_large_stitch/state_outcome_w2p0_3ep_corebot100k_H10_B120/episode_traces.jsonl,2,2,state_outcome_w2p0_3ep_corebot100k_H10_B120:seed2:episode2,train,0.5657619612463263
2,bank,5,1,3,17,1,0,3,4.847259521484375,0.037892282009124756,0.037892282009124756,0.6898993604294632,0.0,0,0.0,0.6898993604294632,10.863977016385158,10.174077655955696,12.422457695007324,state_outcome_w2p0_3ep_corebot100k_H10_B120,results/phase3f/antmaze_large_stitch/state_outcome_w2p0_3ep_corebot100k_H10_B120/episode_traces.jsonl,2,2,state_outcome_w2p0_3ep_corebot100k_H10_B120:seed2:episode2,train,0.8614878735558319
2,bank,18,3,4,9,1,0,4,11.923648834228516,0.09976588934659958,0.09976588934659958,0.16802205855964336,0.0,0,0.0,0.16802205855964336,7.199410299588361,7.031388241028718,6.696196556091309,state_outcome_w2p0_3ep_corebot100k_H10_B120,results/phase3f/antmaze_large_stitch/state_outcome_w2p0_3ep_corebot100k_H10_B120/episode_traces.jsonl,2,2,state_outcome_w2p0_3ep_corebot100k_H10_B120:seed2:episode2,train,0.6874468247350268
2,bank,32,4,26,20,0,1,5,13.429171562194824,0.2119767963886261,0.2119767963886261,0.8716449481942189,0.0,0,0.0,0.8716449481942189,11.22519833878749,10.353553390593271,13.515644073486328,state_outcome_w2p0_3ep_corebot100k_H10_B120,results/phase3f/antmaze_large_stitch/state_outcome_w2p0_3ep_corebot100k_H10_B120/episode_traces.jsonl,2,2,state_outcome_w2p0_3ep_corebot100k_H10_B120:seed2:episode2,train,0.9306804403536059
2,bank,40,5,26,16,0,1,27,9.734491348266602,0.09327129274606705,0.09327129274606705,0.4720015307376694,0.1420115822985682,0,0.0,2.002503285521959,10.101036213338388,8.098532927816429,5.8968186378479,state_outcome_w2p0_3ep_corebot100k_H10_B120,results/phase3f/antmaze_large_stitch/state_outcome_w2p0_3ep_corebot100k_H10_B120/episode_traces.jsonl,2,2,state_outcome_w2p0_3ep_corebot100k_H10_B120:seed2:episode2,train,0.6794079030909557
2,bank,163,27,47,14,0,1,28,9.337623596191406,0.018597528338432312,0.018597528338432312,0.3402213500914042,0.19405333704598401,0,0.0,1.9926526638555646,9.057068326495648,7.064415662640083,12.244171142578125,state_outcome_w2p0_3ep_corebot100k_H10_B120,results/phase3f/antmaze_large_stitch/state_outcome_w2p0_3ep_corebot100k_H10_B120/episode_traces.jsonl,2,2,state_outcome_w2p0_3ep_corebot100k_H10_B120:seed2:episode2,train,0.8619634495579953
2,bank,169,28,27,3,0,1,28,9.996162414550781,0.0069359587505459785,0.0069359587505459785,0.477952051582601,0.15803013970713942,0,0.0,1.9781507239663534,9.06943781688388,7.091287092917527,6.049737930297852,state_outcome_w2p0_3ep_corebot100k_H10_B120,results/phase3f/antmaze_large_stitch/state_outcome_w2p0_3ep_corebot100k_H10_B120/episode_traces.jsonl,2,2,state_outcome_w2p0_3ep_corebot100k_H10_B120:seed2:episode2,train,0.6177782283084685
2,bank,5,1,3,20,0,1,2,9.021746635437012,0.037892282009124756,0.037892282009124756,0.0,0.0,0,0.0,0.0,10.174077655955696,10.174077655955696,10.562081336975098,edge_outcome_3ep_corebot100k_H10_B120,results/phase3f/antmaze_large_stitch/edge_outcome_3ep_corebot100k_H10_B120/episode_traces.jsonl,2,2,edge_outcome_3ep_corebot100k_H10_B120:seed2:episode2,val,0.8208645323424146
2,bank,15,2,23,15,0,1,2,13.360448837280273,0.092484250664711,0.092484250664711,0.0,0.0,0,0.0,0.0,7.801511344577763,7.801511344577763,6.2821455001831055,edge_outcome_3ep_corebot100k_H10_B120,results/phase3f/antmaze_large_stitch/edge_outcome_3ep_corebot100k_H10_B120/episode_traces.jsonl,2,2,edge_outcome_3ep_corebot100k_H10_B120:seed2:episode2,val,0.6745781969375483
2,bank,12,2,4,20,0,1,1,15.996481895446777,0.0823717713356018,0.0823717713356018,0.0,0.0,0,0.0,5.877664387285151,16.025106343440047,10.147441956154896,13.180256843566895,edge_outcome_3ep_corebot100k_H10_B120,results/phase3f/antmaze_large_stitch/edge_outcome_3ep_corebot100k_H10_B120/episode_traces.jsonl,2,2,edge_outcome_3ep_corebot100k_H10_B120:seed2:episode2,val,0.9001385062509093
2,bank,8,1,22,12,0,1,1,11.918560028076172,0.02876284345984459,0.02876284345984459,0.0,0.0,0,0.0,0.0,6.258198889747161,6.258198889747161,12.287574768066406,edge_outcome_3ep_corebot100k_H10_B120,results/phase3f/antmaze_large_stitch/edge_outcome_3ep_corebot100k_H10_B120/episode_traces.jsonl,2,2,edge_outcome_3ep_corebot100k_H10_B120:seed2:episode2,val,0.8442337893498546
2,graph,0,1,3,19,1,0,3,9.310829162597656,0.037892282009124756,0.037892282009124756,0.0,0.0,0,0.0,3.2109977206184843,13.38507537657418,10.174077655955696,10.917864799499512,edge_outcome_3ep_corebot100k_H10_B120,results/phase3f/antmaze_large_stitch/edge_outcome_3ep_corebot100k_H10_B120/episode_traces.jsonl,2,2,edge_outcome_3ep_corebot100k_H10_B120:seed2:episode2,val,0.8313040437959041
2,bank,23,3,24,16,0,1,2,10.376978874206543,0.2848225235939026,0.2848225235939026,0.0,0.0,0,0.0,0.0,8.316227766016837,8.316227766016837,10.058073997497559,edge_outcome_3ep_corebot100k_H10_B120,results/phase3f/antmaze_large_stitch/edge_outcome_3ep_corebot100k_H10_B120/episode_traces.jsonl,2,2,edge_outcome_3ep_corebot100k_H10_B120:seed2:episode2,val,0.8945441865126681
2,bank,14,2,22,10,0,1,2,11.275660514831543,0.07028425484895706,0.07028425484895706,0.0,0.0,0,0.0,0.0,5.138675049056308,5.138675049056308,7.355703830718994,edge_outcome_3ep_corebot100k_H10_B120,results/phase3f/antmaze_large_stitch/edge_outcome_3ep_corebot100k_H10_B120/episode_traces.jsonl,2,2,edge_outcome_3ep_corebot100k_H10_B120:seed2:episode2,val,0.6838239026491169
2,bank,11,2,3,8,0,1,2,7.816069602966309,0.04129737615585327,0.04129737615585327,0.0,0.0,0,0.0,5.877664387285151,12.930295966232519,7.052631578947368,7.7088212966918945,edge_outcome_3ep_corebot100k_H10_B120,results/phase3f/antmaze_large_stitch/edge_outcome_3ep_corebot100k_H10_B120/episode_traces.jsonl,2,2,edge_outcome_3ep_corebot100k_H10_B120:seed2:episode2,val,0.6956008330610643
1,bank,1,0,20,14,0,1,0,15.064023971557617,0.06735612452030182,0.06735612452030182,0.0,0.0,0,0.0,6.408050820010326,13.545411383959014,7.137360563948688,14.225922584533691,offline_prior_3ep_corebot100k_H10_B120,results/phase3f/antmaze_large_stitch/offline_prior_3ep_corebot100k_H10_B120/episode_traces.jsonl,1,1,offline_prior_3ep_corebot100k_H10_B120:seed1:episode1,val,0.9041996458421878
1,bank,2,0,21,14,0,1,0,13.924741744995117,0.09793959558010101,0.09793959558010101,0.0,0.0,0,0.0,0.6384726189327998,7.821046804767855,7.182574185835055,13.89944076538086,offline_prior_3ep_corebot100k_H10_B120,results/phase3f/antmaze_large_stitch/offline_prior_3ep_corebot100k_H10_B120/episode_traces.jsonl,1,1,offline_prior_3ep_corebot100k_H10_B120:seed1:episode1,val,0.907041270293012
1,bank,0,0,1,14,0,1,0,10.994823455810547,0.03923908621072769,0.03923908621072769,0.0,0.0,0,0.0,3.4721401959444593,10.515455004126881,7.043314808182422,6.901254177093506,offline_prior_3ep_corebot100k_H10_B120,results/phase3f/antmaze_large_stitch/offline_prior_3ep_corebot100k_H10_B120/episode_traces.jsonl,1,1,offline_prior_3ep_corebot100k_H10_B120:seed1:episode1,val,0.6580205898681287
1,bank,1,0,20,14,0,1,1,14.58031940460205,0.06735612452030182,0.06735612452030182,0.0,0.0,1,10.0,6.408050820010326,23.545411383959014,7.13736056394869,14.846752166748047,offline_prior_3ep_corebot100k_H10_B120,results/phase3f/antmaze_large_stitch/offline_prior_3ep_corebot100k_H10_B120/episode_traces.jsonl,1,1,offline_prior_3ep_corebot100k_H10_B120:seed1:episode1,val,0.9055258512488777
1,bank,5,1,3,20,0,1,2,12.057171821594238,0.037892282009124756,0.037892282009124756,0.0,0.0,0,0.0,0.6898993604294632,10.863977016385158,10.174077655955696,11.339157104492188,offline_prior_3ep_corebot100k_H10_B120,results/phase3f/antmaze_large_stitch/offline_prior_3ep_corebot100k_H10_B120/episode_traces.jsonl,1,1,offline_prior_3ep_corebot100k_H10_B120:seed1:episode1,val,0.8430318716765565
1,bank,15,2,23,5,1,0,23,10.490293502807617,0.092484250664711,0.092484250664711,0.0,0.0,0,0.0,0.8055087713818384,8.607020115959601,7.801511344577763,7.704475402832031,offline_prior_3ep_corebot100k_H10_B120,results/phase3f/antmaze_large_stitch/offline_prior_3ep_corebot100k_H10_B120/episode_traces.jsonl,1,1,offline_prior_3ep_corebot100k_H10_B120:seed1:episode1,val,0.7348807336196393
1,bank,126,23,4,14,0,1,23,14.331639289855957,0.3552308976650238,0.3552308976650238,0.0,0.0,0,0.0,0.7135204088886286,8.067073799481902,7.353553390593273,10.722636222839355,offline_prior_3ep_corebot100k_H10_B120,results/phase3f/antmaze_large_stitch/offline_prior_3ep_corebot100k_H10_B120/episode_traces.jsonl,1,1,offline_prior_3ep_corebot100k_H10_B120:seed1:episode1,val,0.9214023574978072
1,bank,125,23,3,12,0,1,23,8.355156898498535,0.019983407109975815,0.019983407109975815,0.0,0.0,0,0.0,0.4501031103837372,6.578139990316633,6.128036879932896,9.335336685180664,offline_prior_3ep_corebot100k_H10_B120,results/phase3f/antmaze_large_stitch/offline_prior_3ep_corebot100k_H10_B120/episode_traces.jsonl,1,1,offline_prior_3ep_corebot100k_H10_B120:seed1:episode1,val,0.7414716038570517
1,bank,126,23,4,13,0,1,23,12.918753623962402,0.3552308976650238,0.3552308976650238,0.0,0.0,1,10.0,0.7135204088886286,18.0670737994819,7.353553390593273,9.899026870727539,offline_prior_3ep_corebot100k_H10_B120,results/phase3f/antmaze_large_stitch/offline_prior_3ep_corebot100k_H10_B120/episode_traces.jsonl,1,1,offline_prior_3ep_corebot100k_H10_B120:seed1:episode1,val,0.8986106037515664
1,bank,117,21,41,14,0,1,21,9.60908317565918,0.09670224040746689,0.09670224040746689,6.230367579772258,0.46151993899797816,0,0.0,6.691887518770236,13.759616064918095,7.067728546147859,5.832017421722412,state_conditioned_w0p5_3ep_corebot100k_H10_B120,results/phase3f/antmaze_large_stitch/state_conditioned_w0p5_3ep_corebot100k_H10_B120/episode_traces.jsonl,1,1,state_conditioned_w0p5_3ep_corebot100k_H10_B120:seed1:episode1,val,0.5974760213040334
1,bank,114,21,20,12,0,1,41,12.964900970458984,0.04016575962305069,0.04016575962305069,0.5175685021460914,0.45108444477478526,0,0.0,0.9686529469208767,7.114517938418771,6.145864991497895,11.301468849182129,state_conditioned_w0p5_3ep_corebot100k_H10_B120,results/phase3f/antmaze_large_stitch/state_conditioned_w0p5_3ep_corebot100k_H10_B120/episode_traces.jsonl,1,1,state_conditioned_w0p5_3ep_corebot100k_H10_B120:seed1:episode1,val,0.8700732418042897
1,bank,234,41,61,14,0,1,41,14.231346130371094,0.08044571429491043,0.08044571429491043,0.34525243313798004,0.2013249106380831,0,0.0,0.5465773437760632,7.6107273736860215,7.064150029909959,8.958166122436523,state_conditioned_w0p5_3ep_corebot100k_H10_B120,results/phase3f/antmaze_large_stitch/state_conditioned_w0p5_3ep_corebot100k_H10_B120/episode_traces.jsonl,1,1,state_conditioned_w0p5_3ep_corebot100k_H10_B120:seed1:episode1,val,0.796633023930368
1,bank,233,41,60,16,0,1,41,12.122881889343262,0.03738653287291527,0.03738653287291527,0.656244752856689,0.28985159460888466,0,0.0,0.9460963474655737,9.12287304276221,8.176776695296637,9.20112419128418,state_conditioned_w0p5_3ep_corebot100k_H10_B120,results/phase3f/antmaze_large_stitch/state_conditioned_w0p5_3ep_corebot100k_H10_B120/episode_traces.jsonl,1,1,state_conditioned_w0p5_3ep_corebot100k_H10_B120:seed1:episode1,val,0.797875891129809
1,graph,102,41,81,20,0,1,41,13.835007667541504,0.11713172495365143,0.11713172495365143,6.62185302819048,0.37906651792323803,0,0.0,7.000919546113718,17.500919546113717,10.5,10.938600540161133,state_conditioned_w0p5_3ep_corebot100k_H10_B120,results/phase3f/antmaze_large_stitch/state_conditioned_w0p5_3ep_corebot100k_H10_B120/episode_traces.jsonl,1,1,state_conditioned_w0p5_3ep_corebot100k_H10_B120:seed1:episode1,val,0.820204747226264
1,bank,235,41,81,20,0,1,80,9.608924865722656,0.11713172495365143,0.11713172495365143,6.825948760631473,0.3590247320457079,0,0.0,7.184973492677181,17.68497349267718,10.5,10.441973686218262,state_conditioned_w0p5_3ep_corebot100k_H10_B120,results/phase3f/antmaze_large_stitch/state_conditioned_w0p5_3ep_corebot100k_H10_B120/episode_traces.jsonl,1,1,state_conditioned_w0p5_3ep_corebot100k_H10_B120:seed1:episode1,val,0.7981572322993009
1,bank,366,80,101,16,0,1,80,14.455314636230469,0.07528720796108246,0.07528720796108246,0.48660174242634235,0.338160446710857,0,0.0,0.8247621891371993,8.929590672809391,8.104828483672192,4.832913875579834,state_conditioned_w0p5_3ep_corebot100k_H10_B120,results/phase3f/antmaze_large_stitch/state_conditioned_w0p5_3ep_corebot100k_H10_B120/episode_traces.jsonl,1,1,state_conditioned_w0p5_3ep_corebot100k_H10_B120:seed1:episode1,val,0.6602918949057375
1,bank,365,80,100,8,0,1,80,11.86122989654541,0.026153214275836945,0.026153214275836945,0.35320500313985315,0.23760218207937472,0,0.0,0.5908071852192278,7.657473851885895,7.066666666666666,12.133536338806152,state_conditioned_w0p5_3ep_corebot100k_H10_B120,results/phase3f/antmaze_large_stitch/state_conditioned_w0p5_3ep_corebot100k_H10_B120/episode_traces.jsonl,1,1,state_conditioned_w0p5_3ep_corebot100k_H10_B120:seed1:episode1,val,0.8669429701708498
2,bank,1,0,20,14,0,1,0,15.282794952392578,0.06735612452030182,0.06735612452030182,6.408050820010326,0.31606027941427883,0,0.0,6.724111099424604,13.861471663373294,7.13736056394869,14.446911811828613,state_conditioned_w0p5_3ep_corebot100k_H10_B120,results/phase3f/antmaze_large_stitch/state_conditioned_w0p5_3ep_corebot100k_H10_B120/episode_traces.jsonl,2,2,state_conditioned_w0p5_3ep_corebot100k_H10_B120:seed2:episode2,val,0.8702757742099605
2,bank,2,0,21,14,0,1,0,14.200191497802734,0.09793959558010101,0.09793959558010101,0.6384726189327998,0.31606027941427883,0,0.0,0.9545328983470787,8.137107084182134,7.182574185835055,14.166441917419434,state_conditioned_w0p5_3ep_corebot100k_H10_B120,results/phase3f/antmaze_large_stitch/state_conditioned_w0p5_3ep_corebot100k_H10_B120/episode_traces.jsonl,2,2,state_conditioned_w0p5_3ep_corebot100k_H10_B120:seed2:episode2,val,0.9288799507898642
2,bank,0,0,1,14,0,1,0,11.523571014404297,0.03923908621072769,0.03923908621072769,3.4721401959444593,0.0297362851936952,0,0.0,3.5018764811381544,10.545191289320575,7.043314808182421,6.84193754196167,state_conditioned_w0p5_3ep_corebot100k_H10_B120,results/phase3f/antmaze_large_stitch/state_conditioned_w0p5_3ep_corebot100k_H10_B120/episode_traces.jsonl,2,2,state_conditioned_w0p5_3ep_corebot100k_H10_B120:seed2:episode2,val,0.5734400465115943
2,bank,1,0,20,14,0,1,0,14.823075294494629,0.06735612452030182,0.06735612452030182,6.408050820010326,0.31606027941427883,1,10.0,6.724111099424604,23.861471663373294,7.13736056394869,15.438718795776367,state_conditioned_w0p5_3ep_corebot100k_H10_B120,results/phase3f/antmaze_large_stitch/state_conditioned_w0p5_3ep_corebot100k_H10_B120/episode_traces.jsonl,2,2,state_conditioned_w0p5_3ep_corebot100k_H10_B120:seed2:episode2,val,0.8802279765208847
2,bank,2,0,21,14,0,1,0,13.494903564453125,0.09793959558010101,0.09793959558010101,0.6384726189327998,0.31606027941427883,1,10.0,0.9545328983470787,18.137107084182134,7.182574185835055,13.689154624938965,state_conditioned_w0p5_3ep_corebot100k_H10_B120,results/phase3f/antmaze_large_stitch/state_conditioned_w0p5_3ep_corebot100k_H10_B120/episode_traces.jsonl,2,2,state_conditioned_w0p5_3ep_corebot100k_H10_B120:seed2:episode2,val,0.9137798192945941
2,bank,0,0,1,4,1,0,1,10.919148445129395,0.03923908621072769,0.03923908621072769,3.4721401959444593,0.014799305866172896,1,10.0,3.486939501810632,20.530254309993055,7.043314808182423,6.598341464996338,state_conditioned_w0p5_3ep_corebot100k_H10_B120,results/phase3f/antmaze_large_stitch/state_conditioned_w0p5_3ep_corebot100k_H10_B120/episode_traces.jsonl,2,2,state_conditioned_w0p5_3ep_corebot100k_H10_B120:seed2:episode2,val,0.5300268999131615
2,bank,5,1,3,20,0,1,2,7.86552095413208,0.037892282009124756,0.037892282009124756,0.6898993604294632,0.0,0,0.0,0.6898993604294632,10.863977016385158,10.174077655955696,14.348716735839844,state_conditioned_w0p5_3ep_corebot100k_H10_B120,results/phase3f/antmaze_large_stitch/state_conditioned_w0p5_3ep_corebot100k_H10_B120/episode_traces.jsonl,2,2,state_conditioned_w0p5_3ep_corebot100k_H10_B120:seed2:episode2,val,0.9021382605707443
2,bank,15,2,23,1,1,0,23,15.449579238891602,0.10357096791267395,0.10357096791267395,0.8055087713818384,0.2994595941736611,0,0.0,1.1049683655554996,8.906479710133263,7.801511344577763,7.699483871459961,state_conditioned_w0p5_3ep_corebot100k_H10_B120,results/phase3f/antmaze_large_stitch/state_conditioned_w0p5_3ep_corebot100k_H10_B120/episode_traces.jsonl,2,2,state_conditioned_w0p5_3ep_corebot100k_H10_B120:seed2:episode2,val,0.7785083885589766
2,bank,126,23,4,14,0,1,23,9.275161743164062,0.3552308976650238,0.3552308976650238,0.7135204088886286,0.0,0,0.0,0.7135204088886286,8.067073799481902,7.353553390593273,11.613179206848145,state_conditioned_w0p5_3ep_corebot100k_H10_B120,results/phase3f/antmaze_large_stitch/state_conditioned_w0p5_3ep_corebot100k_H10_B120/episode_traces.jsonl,2,2,state_conditioned_w0p5_3ep_corebot100k_H10_B120:seed2:episode2,val,0.9286652998937263
2,bank,125,23,3,11,0,1,4,7.703617572784424,0.019983407109975815,0.019983407109975815,0.4501031103837372,0.20823661870603072,0,0.0,0.6583397290897679,6.786376609022664,6.128036879932896,8.954626083374023,state_conditioned_w0p5_3ep_corebot100k_H10_B120,results/phase3f/antmaze_large_stitch/state_conditioned_w0p5_3ep_corebot100k_H10_B120/episode_traces.jsonl,2,2,state_conditioned_w0p5_3ep_corebot100k_H10_B120:seed2:episode2,val,0.7556255751348011
0,bank,1,0,20,12,1,0,20,14.227046012878418,0.06735612452030182,0.06735612452030182,6.408050820010326,0.15803013970713942,0,0.0,7.032753459432632,14.17011402338132,7.137360563948688,13.471100807189941,state_outcome_w0p5_3ep_corebot100k_H10_B120,results/phase3f/antmaze_large_stitch/state_outcome_w0p5_3ep_corebot100k_H10_B120/episode_traces.jsonl,0,0,state_outcome_w0p5_3ep_corebot100k_H10_B120:seed0:episode0,val,0.8250631997862505
0,bank,109,20,40,14,0,1,20,14.407267570495605,0.06782305240631104,0.06782305240631104,0.5980501112864994,0.0,0,0.0,0.5980501112864994,7.783745449463551,7.185695338177052,13.416755676269531,state_outcome_w0p5_3ep_corebot100k_H10_B120,results/phase3f/antmaze_large_stitch/state_outcome_w0p5_3ep_corebot100k_H10_B120/episode_traces.jsonl,0,0,state_outcome_w0p5_3ep_corebot100k_H10_B120:seed0:episode0,val,0.8827011560969604
0,bank,110,20,41,14,0,1,20,11.707472801208496,0.053104791790246964,0.053104791790246964,0.6500687099617347,0.14282455141780775,0,0.0,1.209377017336063,8.467575907083225,7.258198889747161,9.68163013458252,state_outcome_w0p5_3ep_corebot100k_H10_B120,results/phase3f/antmaze_large_stitch/state_outcome_w0p5_3ep_corebot100k_H10_B120/episode_traces.jsonl,0,0,state_outcome_w0p5_3ep_corebot100k_H10_B120:seed0:episode0,val,0.7930715035076018
0,bank,109,20,40,14,0,1,20,17.712608337402344,0.05294928699731827,0.05294928699731827,0.5980501112864994,0.17852937922027354,1,10.0,1.2194424316277355,18.40513776980479,7.185695338177052,13.235655784606934,state_outcome_w0p5_3ep_corebot100k_H10_B120,results/phase3f/antmaze_large_stitch/state_outcome_w0p5_3ep_corebot100k_H10_B120/episode_traces.jsonl,0,0,state_outcome_w0p5_3ep_corebot100k_H10_B120:seed0:episode0,val,0.8802688067763808
0,bank,110,20,41,7,1,0,41,12.033381462097168,0.0501602441072464,0.0501602441072464,0.6500687099617347,0.13998284000842254,1,10.0,1.1763360775162037,18.434534967263367,7.258198889747163,9.49438762664795,state_outcome_w0p5_3ep_corebot100k_H10_B120,results/phase3f/antmaze_large_stitch/state_outcome_w0p5_3ep_corebot100k_H10_B120/episode_traces.jsonl,0,0,state_outcome_w0p5_3ep_corebot100k_H10_B120:seed0:episode0,val,0.7652472316270666
0,bank,234,41,61,14,0,1,41,12.016427040100098,0.08044571429491043,0.08044571429491043,0.34525243313798004,0.0,0,0.0,0.34525243313798004,7.409402463047939,7.064150029909959,10.410470962524414,state_outcome_w0p5_3ep_corebot100k_H10_B120,results/phase3f/antmaze_large_stitch/state_outcome_w0p5_3ep_corebot100k_H10_B120/episode_traces.jsonl,0,0,state_outcome_w0p5_3ep_corebot100k_H10_B120:seed0:episode0,val,0.8126204280739877
0,bank,233,41,60,16,0,1,41,10.772795677185059,0.04466595500707626,0.04466595500707626,0.656244752856689,0.14252285005922624,0,0.0,1.1426623960154856,9.319439091312121,8.176776695296637,7.545642852783203,state_outcome_w0p5_3ep_corebot100k_H10_B120,results/phase3f/antmaze_large_stitch/state_outcome_w0p5_3ep_corebot100k_H10_B120/episode_traces.jsonl,0,0,state_outcome_w0p5_3ep_corebot100k_H10_B120:seed0:episode0,val,0.7141413044958983
0,graph,102,41,81,20,0,1,41,13.695310592651367,0.11713172495365143,0.11713172495365143,6.62185302819048,0.18944835355988965,0,0.0,7.2246597312377725,17.72465973123777,10.5,12.203377723693848,state_outcome_w0p5_3ep_corebot100k_H10_B120,results/phase3f/antmaze_large_stitch/state_outcome_w0p5_3ep_corebot100k_H10_B120/episode_traces.jsonl,0,0,state_outcome_w0p5_3ep_corebot100k_H10_B120:seed0:episode0,val,0.8309685493862676
0,bank,235,41,81,9,0,1,41,11.15235424041748,0.11713172495365143,0.11713172495365143,6.825948760631473,0.17786456670613104,0,0.0,7.406892541390665,17.906892541390665,10.5,9.594786643981934,state_outcome_w0p5_3ep_corebot100k_H10_B120,results/phase3f/antmaze_large_stitch/state_outcome_w0p5_3ep_corebot100k_H10_B120/episode_traces.jsonl,0,0,state_outcome_w0p5_3ep_corebot100k_H10_B120:seed0:episode0,val,0.7362041858594597
0,bank,1,0,20,14,0,1,0,14.855306625366211,0.06735612452030182,0.06735612452030182,6.408050820010326,0.15803013970713942,0,0.0,8.444388822734457,15.581749386683146,7.13736056394869,14.020768165588379,state_outcome_w2p0_3ep_corebot100k_H10_B120,results/phase3f/antmaze_large_stitch/state_outcome_w2p0_3ep_corebot100k_H10_B120/episode_traces.jsonl,0,0,state_outcome_w2p0_3ep_corebot100k_H10_B120:seed0:episode0,val,0.8406838307774659
0,bank,2,0,21,14,0,1,0,13.59829044342041,0.09793959558010101,0.09793959558010101,0.6384726189327998,0.15803013970713942,0,0.0,2.6351655838245422,9.817739769659598,7.182574185835056,13.641711235046387,state_outcome_w2p0_3ep_corebot100k_H10_B120,results/phase3f/antmaze_large_stitch/state_outcome_w2p0_3ep_corebot100k_H10_B120/episode_traces.jsonl,0,0,state_outcome_w2p0_3ep_corebot100k_H10_B120:seed0:episode0,val,0.909652215650383
0,bank,0,0,1,14,0,1,0,11.896017074584961,0.03923908621072769,0.03923908621072769,3.4721401959444593,0.004266528800376895,0,0.0,4.658048468244865,11.701363276427287,7.043314808182422,6.709630012512207,state_outcome_w2p0_3ep_corebot100k_H10_B120,results/phase3f/antmaze_large_stitch/state_outcome_w2p0_3ep_corebot100k_H10_B120/episode_traces.jsonl,0,0,state_outcome_w2p0_3ep_corebot100k_H10_B120:seed0:episode0,val,0.560750803306487
0,bank,1,0,20,14,0,1,1,14.819666862487793,0.06735612452030182,0.06735612452030182,6.408050820010326,0.15803013970713942,1,10.0,8.421316125490197,25.558676689438887,7.13736056394869,16.13471221923828,state_outcome_w2p0_3ep_corebot100k_H10_B120,results/phase3f/antmaze_large_stitch/state_outcome_w2p0_3ep_corebot100k_H10_B120/episode_traces.jsonl,0,0,state_outcome_w2p0_3ep_corebot100k_H10_B120:seed0:episode0,val,0.8790807813876312
0,bank,5,1,3,20,0,1,2,8.880924224853516,0.037892282009124756,0.037892282009124756,0.6898993604294632,0.15803013970713942,0,0.0,2.2580764634961614,12.432154119451857,10.174077655955696,10.807941436767578,state_outcome_w2p0_3ep_corebot100k_H10_B120,results/phase3f/antmaze_large_stitch/state_outcome_w2p0_3ep_corebot100k_H10_B120/episode_traces.jsonl,0,0,state_outcome_w2p0_3ep_corebot100k_H10_B120:seed0:episode0,val,0.8390123617354699
0,bank,15,2,23,15,0,1,2,10.239985466003418,0.092484250664711,0.092484250664711,0.8055087713818384,0.15266884812855644,0,0.0,2.2581059201964617,10.059617264774225,7.801511344577763,5.847973346710205,state_outcome_w2p0_3ep_corebot100k_H10_B120,results/phase3f/antmaze_large_stitch/state_outcome_w2p0_3ep_corebot100k_H10_B120/episode_traces.jsonl,0,0,state_outcome_w2p0_3ep_corebot100k_H10_B120:seed0:episode0,val,0.6684182898475735
0,bank,12,2,4,20,0,1,22,15.057412147521973,0.0823717713356018,0.0823717713356018,6.527592381143653,0.1626050912394335,0,0.0,8.133068502124214,18.28051045827911,10.147441956154896,11.767641067504883,state_outcome_w2p0_3ep_corebot100k_H10_B120,results/phase3f/antmaze_large_stitch/state_outcome_w2p0_3ep_corebot100k_H10_B120/episode_traces.jsonl,0,0,state_outcome_w2p0_3ep_corebot100k_H10_B120:seed0:episode0,val,0.7961084951564584
0,bank,123,22,23,9,0,1,2,10.553563117980957,0.4857388138771057,0.4857388138771057,0.7304389909782982,0.15805756266256205,0,0.0,2.166649859918678,7.982877625935516,5.816227766016838,5.67427921295166,state_outcome_w2p0_3ep_corebot100k_H10_B120,results/phase3f/antmaze_large_stitch/state_outcome_w2p0_3ep_corebot100k_H10_B120/episode_traces.jsonl,0,0,state_outcome_w2p0_3ep_corebot100k_H10_B120:seed0:episode0,val,0.8655527344943968
1,bank,5,1,3,20,0,1,2,9.570107460021973,0.037892282009124756,0.037892282009124756,0.6898993604294632,0.15803013970713942,0,0.0,2.2244357387639626,12.398513394719657,10.174077655955696,10.53627872467041,state_outcome_w2p0_3ep_corebot100k_H10_B120,results/phase3f/antmaze_large_stitch/state_outcome_w2p0_3ep_corebot100k_H10_B120/episode_traces.jsonl,1,1,state_outcome_w2p0_3ep_corebot100k_H10_B120:seed1:episode1,val,0.831374600279535
1,bank,15,2,23,15,0,1,1,14.561528205871582,0.092484250664711,0.092484250664711,0.8055087713818384,0.15803013970713942,0,0.0,2.2306915960415425,10.032202940619307,7.801511344577764,7.653606414794922,state_outcome_w2p0_3ep_corebot100k_H10_B120,results/phase3f/antmaze_large_stitch/state_outcome_w2p0_3ep_corebot100k_H10_B120/episode_traces.jsonl,1,1,state_outcome_w2p0_3ep_corebot100k_H10_B120:seed1:episode1,val,0.74556519095795
1,graph,0,1,3,20,0,1,2,10.144397735595703,0.037892282009124756,0.037892282009124756,3.869096217594607,0.15803013970713942,0,0.0,5.470283696889727,15.644361352845422,10.174077655955696,12.665371894836426,state_outcome_w2p0_3ep_corebot100k_H10_B120,results/phase3f/antmaze_large_stitch/state_outcome_w2p0_3ep_corebot100k_H10_B120/episode_traces.jsonl,1,1,state_outcome_w2p0_3ep_corebot100k_H10_B120:seed1:episode1,val,0.8437957231053274
1,bank,12,2,4,20,0,1,22,14.047945022583008,0.03261202201247215,0.03261202201247215,6.527592381143653,0.16093112986283717,0,0.0,8.068909584089473,18.216351540244368,10.147441956154895,15.833772659301758,state_outcome_w2p0_3ep_corebot100k_H10_B120,results/phase3f/antmaze_large_stitch/state_outcome_w2p0_3ep_corebot100k_H10_B120/episode_traces.jsonl,1,1,state_outcome_w2p0_3ep_corebot100k_H10_B120:seed1:episode1,val,0.8840639055766355
1,bank,123,22,23,11,0,1,21,11.626798629760742,0.4696210026741028,0.4696210026741028,0.7304389909782982,0.15803013970713942,0,0.0,2.113182265092569,7.929410031109407,5.816227766016839,8.901725769042969,state_outcome_w2p0_3ep_corebot100k_H10_B120,results/phase3f/antmaze_large_stitch/state_outcome_w2p0_3ep_corebot100k_H10_B120/episode_traces.jsonl,1,1,state_outcome_w2p0_3ep_corebot100k_H10_B120:seed1:episode1,val,0.9219950427549204
1,bank,117,21,41,14,0,1,20,13.157062530517578,0.06465958058834076,0.06465958058834076,6.230367579772258,0.19404561148112653,0,0.0,7.858951333259776,14.926679879407637,7.067728546147861,6.499566078186035,state_outcome_w2p0_3ep_corebot100k_H10_B120,results/phase3f/antmaze_large_stitch/state_outcome_w2p0_3ep_corebot100k_H10_B120/episode_traces.jsonl,1,1,state_outcome_w2p0_3ep_corebot100k_H10_B120:seed1:episode1,val,0.5422749480025244
1,bank,109,20,40,1,1,0,40,18.402790069580078,0.05294928699731827,0.05294928699731827,0.5980501112864994,0.18227278882455947,0,0.0,2.5416648087118836,9.727360146888936,7.185695338177052,17.23676872253418,state_outcome_w2p0_3ep_corebot100k_H10_B120,results/phase3f/antmaze_large_stitch/state_outcome_w2p0_3ep_corebot100k_H10_B120/episode_traces.jsonl,1,1,state_outcome_w2p0_3ep_corebot100k_H10_B120:seed1:episode1,val,0.9491843313267518
1,bank,227,40,60,14,0,1,40,10.906624794006348,0.0373665988445282,0.0373665988445282,0.5283147834378565,0.0,0,0.0,0.5283147834378565,7.655314910438047,7.127000127000191,8.368936538696289,state_outcome_w2p0_3ep_corebot100k_H10_B120,results/phase3f/antmaze_large_stitch/state_outcome_w2p0_3ep_corebot100k_H10_B120/episode_traces.jsonl,1,1,state_outcome_w2p0_3ep_corebot100k_H10_B120:seed1:episode1,val,0.7098230801527968
1,bank,228,40,61,5,0,1,60,9.901114463806152,0.03340858221054077,0.03340858221054077,0.5618747127186674,0.06368220747102499,0,0.0,1.798607932686034,8.932238553642247,7.133630620956213,6.521989822387695,state_outcome_w2p0_3ep_corebot100k_H10_B120,results/phase3f/antmaze_large_stitch/state_outcome_w2p0_3ep_corebot100k_H10_B120/episode_traces.jsonl,1,1,state_outcome_w2p0_3ep_corebot100k_H10_B120:seed1:episode1,val,0.6371035678151051
