,146,207,167,127,32,67,187,231,232,47,206,10,147,221,301,241,293,233,126,27,166,53,234,218,186,26,59,7,11,227,208,281,125,381,145,9,202,107,8,106,58,87,212,66,300,211,317,86,252,178,46,209,230,138,222,228,313,12,210,158,229,261,136,273,213,52,286,226,198,6,382,306,18,385,223,179,280,121,81,217,224,380,236,225,1,253,272,204,205,31,238,54,101,216,30,235,33,292,159,133,260,318,240,57,307,19,56,55,215,333,239,237,203,214,392,372,219,352,312,220,387,399,393,338,332,5,139,361
146,0,35,3,-148,0,2,23,0,0,-7,-4,0,-217,0,0,0,0,0,-376,-1,334,0,0,0,-16,-2,0,0,0,-60,172,0,-265,0,378,0,0,-69,0,-54,0,-31,0,-116,0,0,0,-27,0,0,-25,88,-3,0,0,-96,0,0,6,0,-40,0,0,0,0,0,0,8,0,0,0,0,0,0,-1,0,0,106,0,0,13,0,0,12,0,0,0,-23,-117,0,0,0,20,0,0,0,0,0,0,0,0,0,0,0,0,0,0,0,0,0,0,0,-1,0,0,0,0,0,0,0,0,0,0,0,0,0,0,0
207,-35,0,327,29,0,0,470,-227,-318,0,-209,0,115,85,0,6,0,-125,-38,0,-176,0,-36,0,-252,0,0,0,0,-731,1218,0,-55,0,57,0,-39,-55,0,-64,0,0,162,0,0,315,0,-5,-46,0,0,488,-202,0,-4,-596,0,0,321,0,-481,0,0,0,-14,0,0,-13,0,0,0,0,0,0,7,0,0,0,0,0,108,0,0,8,0,-14,0,-64,-87,0,0,0,0,0,0,0,0,0,0,0,0,0,1,0,0,0,0,0,0,0,0,0,-38,-6,0,0,0,0,0,2,0,0,0,0,0,0,0,0
167,-3,-327,0,69,0,-43,-624,-6,0,-1,79,0,548,0,0,0,0,0,26,0,-30,0,0,0,28,0,0,0,0,-124,31,0,-4,0,87,0,-3,105,0,2,0,130,0,-75,0,5,0,-17,0,0,-7,107,-97,0,-5,-214,0,0,70,0,-346,0,0,0,0,0,0,2,0,0,0,0,0,0,62,0,0,2,0,0,114,0,0,1,0,0,0,-10,-22,0,0,0,0,0,0,0,0,0,0,0,0,0,0,0,0,0,0,0,0,0,0,0,-17,0,0,0,0,0,0,0,0,0,0,0,0,0,0,0
127,148,-29,-69,0,0,37,-88,0,0,50,116,0,-223,0,0,0,0,0,136,-119,98,0,0,0,9,-69,0,-2,0,-43,62,0,-40,0,2,0,0,-16,0,-178,0,127,0,-68,0,0,0,-95,0,0,-31,0,0,0,0,-16,0,0,0,0,0,0,0,0,0,0,0,36,0,0,0,0,0,0,0,0,0,4,0,0,0,0,0,16,0,0,0,0,5,0,0,0,0,0,0,0,0,0,0,0,0,0,0,0,0,0,0,0,0,0,0,0,0,0,0,0,0,0,0,0,0,0,0,0,0,0,0,0
32,0,0,0,0,0,0,0,0,0,18,0,-198,0,0,0,0,0,0,0,171,0,215,0,0,0,46,-1,26,-440,0,0,0,0,0,0,17,0,0,-225,0,-3,0,0,0,0,0,0,0,0,0,0,0,0,0,0,0,0,-648,0,0,0,0,0,0,0,665,0,0,0,46,0,0,0,0,0,0,0,0,0,0,0,0,0,0,0,0,0,0,0,-30,0,256,0,0,60,0,-343,0,0,0,0,0,0,49,0,0,128,131,0,0,0,0,0,0,0,0,0,0,0,0,0,0,0,0,0,22,0,0
67,-2,0,43,-37,0,0,3,0,0,53,0,-42,-101,0,0,0,0,0,-11,49,42,0,0,0,-4,-29,0,22,-12,0,0,0,-3,0,-2,47,0,-132,43,-7,0,-204,0,33,0,0,0,68,0,0,-39,0,0,0,0,0,0,0,0,0,0,0,0,0,0,0,0,0,0,27,0,0,0,0,0,0,0,0,0,0,0,0,0,0,0,0,0,0,0,-8,0,0,0,0,-47,0,0,0,0,0,0,0,0,0,0,0,0,0,0,0,0,0,0,0,0,0,0,0,0,0,0,0,0,0,0,-39,0,0
187,-23,-470,624,88,0,-3,0,-256,-33,0,211,0,310,15,0,0,0,0,-19,0,-100,0,0,0,5,0,0,0,0,-303,86,0,2,0,83,0,25,162,0,3,0,-34,-3,-7,0,47,0,-78,0,0,0,129,-351,0,67,-365,0,0,89,0,-111,0,0,0,0,0,0,22,0,0,0,0,0,0,102,0,0,3,0,0,1,0,0,87,0,0,0,-18,19,0,0,0,0,0,0,0,0,0,0,0,0,0,0,0,0,0,0,0,0,0,0,0,-11,0,0,0,0,0,0,0,0,0,0,0,0,0,0,0
231,0,227,6,0,0,0,256,0,-1175,0,6,0,0,0,0,0,-118,-256,0,0,3,0,-253,-22,15,0,0,0,0,114,-67,0,0,0,0,0,0,0,0,0,0,0,-103,0,0,-181,0,0,86,0,0,-77,1128,0,0,519,-2,0,-140,0,312,0,0,-70,-9,0,0,37,0,0,0,0,0,0,0,0,0,0,0,-66,25,0,-73,94,0,-122,-4,9,12,0,-15,0,0,-18,0,-57,0,-63,0,0,0,0,0,0,0,0,0,0,3,0,0,-142,0,-26,0,0,0,0,-35,0,0,0,0,0,0,0,0,0
232,0,318,0,0,0,0,33,1175,0,0,38,0,0,0,0,0,-16,-776,0,0,0,0,-102,-121,10,0,0,0,0,100,-114,0,0,0,0,0,0,0,0,0,0,0,-363,0,0,-229,0,0,114,0,0,-87,330,0,0,147,-24,0,-202,0,534,0,0,-140,33,0,0,120,5,0,0,0,0,0,0,0,0,0,0,11,0,0,-36,29,0,-193,2,0,13,0,-90,0,0,-9,0,-238,0,-25,0,0,0,0,0,0,0,0,0,0,-22,14,-5,-60,0,26,0,0,-20,2,-114,0,0,0,0,0,-39,0,0,0
47,7,0,1,-50,-18,-53,0,0,0,0,0,76,120,0,0,0,0,0,-21,22,-1,0,0,0,0,-41,0,19,-23,0,0,0,0,0,0,32,0,-59,-1,-32,0,-104,0,45,0,0,0,69,0,0,-61,0,0,0,0,0,0,-18,0,0,0,0,0,0,0,0,0,0,0,21,0,0,0,0,0,0,0,0,0,0,0,0,0,0,0,0,0,0,0,-84,0,0,0,0,-29,0,0,0,0,0,0,0,0,0,0,0,0,0,0,0,0,0,0,0,0,0,0,0,0,0,0,0,0,0,0,0,0,0
206,4,209,-79,-116,0,0,-211,-6,-38,0,0,0,-34,-35,0,61,0,-21,-24,0,-61,0,0,0,1,0,0,0,0,-159,289,0,11,0,92,0,-78,-75,0,-44,0,-3,57,0,0,133,0,-4,-2,0,0,163,-30,0,21,-69,0,0,110,0,-54,0,0,0,1,0,0,38,0,0,0,0,0,0,187,0,0,0,0,0,112,0,0,105,0,0,0,-212,-296,0,0,0,0,0,0,0,0,0,0,0,1,0,20,0,0,0,0,0,0,0,0,0,-149,0,0,0,0,0,0,-30,0,0,0,0,0,0,0,0
10,0,0,0,0,198,42,0,0,0,-76,0,0,0,0,0,0,0,0,0,28,0,-44,0,0,0,-20,0,-108,574,0,0,0,0,0,0,-319,0,0,-121,0,0,2,0,-2,0,0,0,1,0,0,-147,0,0,0,0,0,0,211,0,0,0,0,0,0,0,-18,0,0,0,11,0,0,0,0,0,0,0,0,0,0,0,0,0,0,0,0,0,0,0,-100,0,5,0,0,-58,0,-177,0,0,0,0,0,0,0,0,0,0,0,0,0,0,0,0,0,0,0,0,0,0,0,0,0,0,0,0,-33,0,0
147,217,-115,-548,223,0,101,-310,0,0,-120,34,0,0,0,0,0,0,0,-66,-7,109,0,0,0,60,-3,0,0,0,-184,146,0,16,0,108,0,0,123,0,-56,0,71,0,-37,0,0,0,-37,0,0,-59,61,0,0,0,-244,0,0,0,0,-27,0,0,0,0,0,0,-7,0,0,0,0,0,0,-2,0,0,77,0,0,29,0,0,85,0,0,0,-8,40,0,0,0,0,0,0,0,0,0,0,0,0,0,0,0,0,0,0,0,0,0,0,0,0,0,0,0,0,0,0,0,0,0,0,0,0,0,0,0
221,0,-85,0,0,0,0,-15,0,0,0,35,0,0,0,95,357,0,0,0,0,0,0,0,0,16,0,0,0,0,-107,-7,3,0,0,0,0,192,0,0,0,0,0,0,0,-8,0,0,0,0,0,0,0,0,0,-192,-25,0,0,0,0,0,157,0,0,0,0,0,-40,0,0,0,0,0,0,-168,0,-43,0,0,0,-271,0,0,-7,0,0,0,158,70,0,0,0,0,0,0,0,0,0,0,0,-55,0,-105,0,0,0,0,0,0,0,0,0,150,0,0,0,0,0,0,-341,0,0,0,0,0,0,0,0
301,0,0,0,0,0,0,0,0,0,0,0,0,0,-95,0,-29,0,0,0,0,0,0,0,0,0,0,0,0,0,0,0,325,0,-57,0,0,3,0,0,0,0,0,0,0,-97,0,0,0,0,0,0,0,0,0,-18,0,0,0,0,0,0,-15,0,0,0,0,10,0,0,0,-38,-13,0,0,0,0,74,0,0,0,0,-15,0,0,0,0,0,0,0,0,0,0,0,0,0,0,0,0,0,0,117,0,45,0,-32,0,0,0,0,0,0,0,1,0,0,0,0,0,0,111,0,0,0,0,0,0,0,-68
241,0,-6,0,0,0,0,0,0,0,0,-61,0,0,-357,29,0,0,0,0,0,0,0,0,0,0,0,0,0,0,-2,0,110,0,0,0,0,-12,0,0,0,0,0,0,0,46,0,0,0,0,0,0,0,0,0,-130,0,0,0,0,0,0,169,0,0,0,0,0,-64,0,0,0,0,0,0,-148,0,170,0,0,0,-61,0,0,-179,0,0,0,55,-9,0,0,0,0,0,0,0,0,0,0,0,102,0,55,0,0,0,0,0,0,0,0,0,28,0,0,0,0,0,0,40,0,0,0,0,0,0,0,-1
293,0,0,0,0,0,0,0,118,16,0,0,0,0,0,0,0,0,77,0,0,0,0,52,0,0,0,0,0,0,0,0,0,0,0,0,0,0,0,0,0,0,0,-31,0,0,-57,-128,0,-79,0,0,4,37,0,0,0,-255,0,19,0,2,0,0,502,-9,0,0,0,0,0,0,0,0,0,0,0,0,0,0,0,0,0,-8,0,0,188,-84,0,0,0,0,0,0,0,0,-25,0,-292,0,0,0,-124,0,0,0,0,0,0,10,-18,0,0,0,8,19,-36,0,-12,8,0,0,0,17,-24,-47,0,0,0
233,0,125,0,0,0,0,0,256,776,0,21,0,0,0,0,0,-77,0,0,0,0,0,-408,-74,1,0,0,0,0,282,-37,0,0,0,0,0,0,0,0,0,0,0,0,0,0,-47,0,0,-14,0,0,-20,372,0,0,125,-87,0,-34,0,130,0,0,-199,31,0,0,33,1,0,0,0,0,0,0,2,0,0,0,9,0,0,-214,0,0,-435,-11,0,0,0,-105,0,0,-17,0,-139,0,-4,0,0,0,0,0,0,0,0,0,0,35,6,-31,-48,0,-3,0,0,-87,0,-64,0,0,0,0,0,-36,0,0,0
126,376,38,-26,-136,0,11,19,0,0,21,24,0,66,0,0,0,0,0,0,6,49,0,0,0,-25,23,0,0,0,-25,27,0,-191,0,54,0,0,-86,0,47,0,-33,0,28,0,0,0,-28,0,0,-23,4,0,0,0,-16,0,0,0,0,-2,0,0,0,0,0,0,24,0,-3,0,0,0,0,0,0,0,-50,0,0,0,0,0,0,0,0,0,0,-8,0,0,0,0,0,0,0,0,0,0,0,0,0,0,0,0,0,0,0,0,0,0,0,0,0,0,0,0,0,0,0,0,0,0,0,0,0,0,0
27,1,0,0,119,-171,-49,0,0,0,-22,0,-28,7,0,0,0,0,0,-6,0,0,-7,0,0,0,10,0,-14,142,0,0,0,0,0,0,42,0,-15,-39,-41,0,-73,0,67,0,0,0,13,0,0,61,0,0,0,0,0,0,50,0,0,0,0,0,0,0,-2,0,0,0,80,0,0,0,0,0,0,0,0,0,0,0,0,0,0,8,0,0,0,0,-47,0,0,0,0,-81,0,-123,0,0,0,0,0,0,0,0,0,0,0,0,0,0,0,0,0,0,0,0,0,0,0,0,0,0,0,0,12,0,0
166,-334,176,30,-98,0,-42,100,-3,0,1,61,0,-109,0,0,0,0,0,-49,0,0,0,0,0,322,0,0,0,0,-29,105,0,-114,0,-92,0,-3,-43,0,20,0,-7,0,-1,0,1,0,-65,0,0,-2,124,-37,0,-4,-28,0,0,85,0,-87,0,0,0,0,0,0,11,0,0,0,0,0,0,27,0,0,11,0,0,61,0,0,8,0,0,0,-111,-38,0,0,0,0,0,0,0,0,0,0,0,0,0,0,0,0,0,0,0,0,0,0,0,-65,0,0,0,0,0,0,0,0,0,0,0,0,0,0,0
53,0,0,0,0,-215,0,0,0,0,0,0,44,0,0,0,0,0,0,0,7,0,0,0,0,0,0,-38,20,36,0,0,0,0,0,0,113,0,0,153,0,-48,0,0,0,0,0,0,0,0,0,0,0,0,0,0,0,0,-78,0,0,0,0,0,0,0,-478,0,0,0,0,0,0,0,0,0,0,0,0,0,0,0,0,0,0,0,0,0,0,0,15,0,232,0,0,76,0,742,0,0,0,0,0,0,4,0,0,34,63,0,0,0,0,0,0,0,0,0,0,0,0,0,0,0,0,0,0,0,0
234,0,36,0,0,0,0,0,253,102,0,0,0,0,0,0,0,-52,408,0,0,0,0,0,-83,0,0,0,0,0,65,2,0,0,0,0,0,0,0,0,0,0,0,-10,0,0,1,0,0,-7,12,0,-30,78,0,0,194,-2,0,-11,0,40,0,0,-32,35,0,0,0,-85,0,0,0,0,0,0,6,0,0,0,-23,0,0,-104,0,0,-87,-12,0,0,0,-13,0,0,21,0,-452,0,-2,0,0,0,0,0,0,0,0,0,0,-34,4,-33,-202,0,-10,0,0,-29,0,-7,0,0,0,0,0,0,0,0,0
218,0,0,0,0,0,0,0,22,121,0,0,0,0,0,0,0,0,74,0,0,0,0,83,0,0,0,0,0,0,0,0,0,0,0,0,0,0,0,0,0,0,0,-23,0,0,8,0,0,0,-273,0,0,0,10,0,0,0,0,0,-58,0,0,15,0,-135,0,0,0,-217,0,0,0,0,0,0,96,0,0,0,-294,0,0,156,0,0,7,0,0,0,0,270,0,0,-237,0,196,0,0,49,0,0,0,0,0,0,0,0,0,-77,0,58,253,0,-140,0,0,-100,0,0,0,0,0,0,0,0,0,14,0
186,16,252,-28,-9,0,4,-5,-15,-10,0,-1,0,-60,-16,0,0,0,-1,25,0,-322,0,0,0,0,0,0,0,0,-89,241,0,-28,0,14,0,-45,-27,0,14,0,-33,10,-2,0,78,0,-58,0,0,0,105,-47,0,-9,-40,0,0,150,0,-28,0,0,0,0,0,0,14,0,0,0,0,0,0,39,0,0,1,0,0,38,0,0,8,0,0,0,-84,-109,0,0,0,0,0,0,0,0,0,0,0,0,0,0,0,0,0,0,0,0,0,0,0,-85,0,0,0,0,0,0,0,0,0,0,0,0,0,0,0
26,2,0,0,69,-46,29,0,0,0,41,0,20,3,0,0,0,0,0,-23,-10,0,0,0,0,0,0,0,26,175,0,0,0,0,0,0,61,0,-11,117,37,0,-3,0,148,0,0,0,96,0,0,535,0,0,0,0,0,0,30,0,0,0,0,0,0,0,0,0,0,0,-298,0,0,0,0,0,0,0,0,0,0,0,0,0,0,-98,0,0,0,0,-13,0,0,0,0,-14,0,-4,0,0,0,0,0,0,0,0,0,0,0,0,0,0,0,0,0,0,0,0,0,0,0,0,0,0,0,0,-283,0,0
59,0,0,0,0,1,0,0,0,0,0,0,0,0,0,0,0,0,0,0,0,0,38,0,0,0,0,0,0,0,0,0,0,0,0,0,0,0,0,0,0,-70,0,0,0,0,0,0,0,0,0,0,0,0,0,0,0,0,0,0,0,0,0,0,0,0,2,0,0,0,0,0,0,-8,0,0,0,0,0,0,0,0,0,0,0,0,0,0,0,0,0,0,-19,0,0,0,0,0,0,0,0,0,0,0,-29,0,-27,-11,-55,0,0,0,0,0,0,0,0,0,0,0,0,0,0,0,0,0,0,0,0
7,0,0,0,2,-26,-22,0,0,0,-19,0,108,0,0,0,0,0,0,0,14,0,-20,0,0,0,-26,0,0,61,0,0,0,0,0,0,22,0,32,151,-10,0,-50,0,17,0,0,0,-10,0,0,-82,0,0,0,0,0,0,155,0,0,0,0,0,0,0,-11,0,0,0,22,0,0,0,0,0,0,0,0,0,0,0,0,0,0,-1,0,0,0,0,-21,0,0,0,0,-45,0,-117,0,0,0,0,0,0,0,0,0,0,0,0,0,0,0,0,0,0,0,0,0,0,0,0,0,0,0,0,-37,0,0
11,0,0,0,0,440,12,0,0,0,23,0,-574,0,0,0,0,0,0,0,-142,0,-36,0,0,0,-175,0,-61,0,0,0,0,0,0,0,-270,0,0,-228,0,0,0,0,1,0,0,0,0,0,0,-17,0,0,0,0,0,0,388,0,0,0,0,0,0,0,118,0,0,0,-71,0,0,0,0,0,0,0,0,0,0,0,0,0,0,0,0,0,0,0,480,0,65,0,0,91,0,-127,0,0,0,0,0,0,0,0,0,3,12,0,0,0,0,0,0,0,0,0,0,0,0,0,0,0,0,0,2,0,0
227,60,731,124,43,0,0,303,-114,-100,0,159,0,184,107,0,2,0,-282,25,0,29,0,-65,0,89,0,0,0,0,0,64,0,0,0,6,0,-13,-1,0,0,0,0,-2,0,0,6,0,0,-52,0,0,18,-392,0,14,-879,0,0,-42,0,-245,0,0,-1,-45,0,0,46,0,0,0,0,0,0,17,0,0,0,0,0,77,0,0,37,0,-9,0,-18,16,0,0,0,0,0,0,0,0,0,0,0,0,0,0,0,0,0,0,0,0,0,0,0,16,-12,0,0,0,0,0,8,0,0,0,0,0,0,0,0
208,-172,-1218,-31,-62,0,0,-86,67,114,0,-289,0,-146,7,0,0,0,37,-27,0,-105,0,-2,0,-241,0,0,0,0,-64,0,0,5,0,14,0,-26,1,0,-3,0,0,219,0,0,367,0,0,46,0,0,1156,-7,0,-22,-63,0,0,531,0,-52,0,0,-1,181,0,0,-19,0,0,0,0,0,0,-27,0,0,0,0,0,0,0,0,-17,0,-15,-13,-71,-85,0,0,0,0,0,0,-16,0,0,0,0,0,0,0,0,0,0,0,0,-4,0,0,0,-71,20,0,0,0,0,0,0,0,0,0,0,0,0,0,0
281,0,0,0,0,0,0,0,0,0,0,0,0,0,-3,-325,-110,0,0,0,0,0,0,0,0,0,0,0,0,0,0,0,0,0,-10,0,0,24,0,0,0,0,0,0,0,40,0,0,0,0,0,0,0,0,0,-124,0,0,0,0,0,0,-188,0,0,0,0,49,0,0,0,-2,32,0,0,-133,0,60,0,0,0,-13,-3,0,0,0,0,0,0,0,0,0,0,0,0,0,0,0,0,0,0,16,0,98,0,9,0,0,0,0,0,0,0,-45,0,0,0,0,0,0,30,0,0,0,0,0,0,0,-68
125,265,55,4,40,0,3,-2,0,0,0,-11,0,-16,0,0,0,0,0,191,0,114,0,0,0,28,0,0,0,0,0,-5,0,0,0,151,0,0,-6,0,18,0,-8,0,15,0,0,0,-7,0,0,10,0,0,0,0,-3,0,0,0,0,0,0,0,0,0,0,0,0,0,0,0,0,0,0,0,0,0,-115,0,0,0,0,0,0,0,0,0,0,0,0,0,0,6,0,0,0,0,0,0,0,0,0,0,0,0,0,0,0,0,0,0,0,0,0,0,0,0,0,0,0,0,0,0,0,0,0,0,0
381,0,0,0,0,0,0,0,0,0,0,0,0,0,0,57,0,0,0,0,0,0,0,0,0,0,0,0,0,0,0,0,10,0,0,0,0,0,0,0,0,0,0,0,0,15,0,0,0,0,0,0,0,0,0,0,0,0,0,0,0,0,-1,0,0,0,0,0,0,0,0,-231,0,0,-58,0,0,5,0,0,0,0,-54,0,0,0,0,0,0,0,0,0,0,0,0,0,0,0,0,0,0,0,0,0,0,0,0,0,0,0,0,0,0,0,0,0,0,0,0,0,0,-59,0,0,0,0,0,0,261
145,-378,-57,-87,-2,0,2,-83,0,0,0,-92,0,-108,0,0,0,0,0,-54,0,92,0,0,0,-14,0,0,0,0,-6,-14,0,-151,0,0,0,0,0,0,-31,0,0,0,-5,0,0,0,-9,0,0,-2,0,0,0,0,-6,0,0,0,0,0,0,0,0,0,0,0,-13,0,0,0,0,0,0,0,0,0,98,4,0,0,0,0,-2,0,0,0,0,-10,0,0,0,57,0,0,0,0,0,0,0,0,0,0,0,0,0,0,0,0,0,0,0,0,0,0,0,0,0,0,0,0,0,0,0,0,0,0,0
9,0,0,0,0,-17,-47,0,0,0,-32,0,319,0,0,0,0,0,0,0,-42,0,-113,0,0,0,-61,0,-22,270,0,0,0,0,0,0,0,0,1,-251,0,0,38,0,-69,0,0,0,-5,0,0,-44,0,0,0,0,0,0,208,0,0,0,0,0,0,0,25,0,0,0,-18,0,0,0,0,0,0,0,0,0,0,0,0,0,0,0,0,0,0,0,27,0,-48,0,0,-73,0,-89,0,0,0,0,0,0,0,0,0,0,0,0,0,0,0,0,0,0,0,0,0,0,0,0,0,0,0,0,11,0,0
202,0,39,3,0,0,0,-25,0,0,0,78,0,0,-192,-3,12,0,0,0,0,3,0,0,0,45,0,0,0,0,13,26,-24,0,0,0,0,0,0,0,0,0,0,0,0,6,0,0,0,0,0,0,0,0,0,-53,-15,0,0,0,0,-14,-28,0,0,0,0,0,-19,0,0,0,0,0,0,-67,0,-58,0,0,0,-29,0,0,-5,0,0,0,161,113,0,0,0,0,0,0,0,0,0,0,0,-48,0,-103,0,0,0,0,0,0,0,0,0,356,0,0,0,0,0,0,-114,0,0,0,0,0,0,0,0
107,69,55,-105,16,0,132,-162,0,0,59,75,0,-123,0,0,0,0,0,86,15,43,0,0,0,27,11,0,-32,0,1,-1,0,6,0,0,-1,0,0,-30,-81,0,203,0,-56,0,0,0,-162,0,0,-50,0,0,0,0,0,0,0,0,0,0,0,0,0,0,0,0,2,0,-20,0,0,0,0,0,0,0,0,0,0,0,0,0,0,0,0,0,0,0,0,0,0,0,0,0,0,0,0,0,0,0,0,0,0,0,0,0,0,0,0,0,0,0,0,0,0,0,0,0,0,0,0,0,0,0,0,0,0
8,0,0,0,0,225,-43,0,0,0,1,0,121,0,0,0,0,0,0,0,39,0,-153,0,0,0,-117,0,-151,228,0,0,0,0,0,0,251,0,30,0,-7,0,-12,0,-39,0,0,0,-55,0,0,-41,0,0,0,0,0,0,16,0,0,0,0,0,0,0,10,0,0,0,-16,0,0,0,0,0,0,0,0,0,0,0,0,0,0,19,0,0,0,0,-14,0,-2,0,0,-36,0,-176,0,0,0,0,0,0,0,0,0,0,0,0,0,0,0,0,0,0,0,0,0,0,0,0,0,0,0,0,2,0,0
106,54,64,-2,178,0,7,-3,0,0,32,44,0,56,0,0,0,0,0,-47,41,-20,0,0,0,-14,-37,0,10,0,0,3,0,-18,0,31,0,0,81,7,0,0,-48,0,-154,0,0,0,-171,0,0,13,0,0,0,0,0,0,0,0,0,0,0,0,0,0,0,0,1,0,-29,0,0,0,0,0,0,0,0,0,0,0,0,0,0,0,0,0,0,0,0,0,0,0,0,0,0,0,0,0,0,0,0,0,0,0,0,0,0,0,0,0,0,0,0,0,0,0,0,0,0,0,0,0,0,0,-2,0,0
58,0,0,0,0,3,0,0,0,0,0,0,0,0,0,0,0,0,0,0,0,0,48,0,0,0,0,70,0,0,0,0,0,0,0,0,0,0,0,0,0,0,0,0,0,0,0,0,0,0,0,0,0,0,0,0,0,0,0,0,0,0,0,0,0,0,11,0,0,0,0,0,0,-8,0,0,0,0,0,0,0,0,0,0,0,0,0,0,0,0,0,0,-29,0,0,0,0,41,0,0,0,0,0,0,-168,0,-8,-183,-96,0,0,0,0,0,0,0,0,0,0,0,0,0,0,0,0,0,0,0,0
87,31,0,-130,-127,0,204,34,0,0,104,3,-2,-71,0,0,0,0,0,33,73,7,0,0,0,33,3,0,50,0,0,0,0,8,0,0,-38,0,-203,12,48,0,0,0,-40,0,0,0,-36,0,0,-66,0,0,0,0,0,0,0,0,0,0,0,0,0,0,0,0,0,0,-3,0,0,0,0,0,0,0,0,0,0,0,0,0,0,0,0,0,0,0,0,0,0,0,0,0,0,0,0,0,0,0,0,0,0,0,0,0,0,0,0,0,0,0,0,0,0,0,0,0,0,0,0,0,0,0,-19,0,0
212,0,-162,0,0,0,0,3,103,363,0,-57,0,0,0,0,0,31,0,0,0,0,0,10,23,-10,0,0,0,0,2,-219,0,0,0,0,0,0,0,0,0,0,0,0,0,0,-803,0,0,85,0,0,-270,7,0,0,30,4,0,-310,0,38,0,0,0,417,0,0,14,0,0,0,0,0,0,0,0,0,0,0,131,0,0,5,8,0,24,31,0,7,0,6,0,0,138,0,-25,0,42,0,0,0,0,0,0,0,0,0,0,118,0,-2,14,0,209,0,0,1,0,2,0,0,0,0,0,0,0,0,0
66,116,0,75,68,0,-33,7,0,0,-45,0,2,37,0,0,0,0,0,-28,-67,1,0,0,0,2,-148,0,-17,-1,0,0,0,-15,0,5,69,0,56,39,154,0,40,0,0,0,0,0,375,0,0,-430,0,0,0,0,0,0,0,0,0,0,0,0,0,0,0,0,0,0,-17,0,0,0,0,0,0,0,0,0,0,0,0,0,0,0,0,0,0,0,0,0,0,0,0,-11,0,0,0,0,0,0,0,0,0,0,0,0,0,0,0,0,0,0,0,0,0,0,0,0,0,0,0,0,0,0,-32,0,0
300,0,0,0,0,0,0,0,0,0,0,0,0,0,8,97,-46,0,0,0,0,0,0,0,0,0,0,0,0,0,0,0,-40,0,-15,0,0,-6,0,0,0,0,0,0,0,0,0,0,0,0,0,0,0,0,0,26,0,0,0,0,0,0,-85,0,0,0,0,-6,0,0,0,-21,-10,0,0,0,0,-17,0,0,0,0,-11,0,0,0,0,0,0,0,0,0,0,0,0,0,0,0,0,0,0,121,0,53,0,0,0,0,0,0,0,0,0,0,0,0,0,0,0,0,31,0,0,0,0,0,0,0,-24
211,0,-315,-5,0,0,0,-47,181,229,0,-133,0,0,0,0,0,57,47,0,0,-1,0,-1,-8,-78,0,0,0,0,-6,-367,0,0,0,0,0,0,0,0,0,0,0,803,0,0,0,0,0,191,0,0,-471,-7,0,0,84,1,0,-1028,0,-18,0,0,20,287,0,0,-14,0,0,0,0,0,0,0,0,0,0,0,17,12,0,34,1,0,7,93,13,-14,0,0,0,0,167,0,9,0,53,0,0,0,0,0,0,0,0,0,0,108,0,0,-3,0,149,0,0,0,0,-2,0,0,0,0,0,0,0,0,0
317,0,0,0,0,0,0,0,0,0,0,0,0,0,0,0,0,128,0,0,0,0,0,0,0,0,0,0,0,0,0,0,0,0,0,0,0,0,0,0,0,0,0,0,0,0,0,0,0,0,0,0,0,0,0,0,0,94,0,0,0,0,0,0,97,0,0,0,0,0,0,0,0,0,0,0,0,0,0,0,0,0,0,0,0,0,2,9,0,0,0,0,0,0,0,0,0,0,0,0,0,0,-557,0,0,0,0,0,0,0,41,0,0,0,0,0,0,0,7,-2,0,0,-54,0,13,1,0,0,0
86,27,5,17,95,0,-68,78,0,0,-69,4,-1,37,0,0,0,0,0,28,-13,65,0,0,0,58,-96,0,10,0,0,0,0,7,0,9,5,0,162,55,171,0,36,0,-375,0,0,0,0,0,0,-159,0,0,0,0,0,0,0,0,0,0,0,0,0,0,0,0,0,0,-46,0,0,0,0,0,0,0,0,0,0,0,0,0,0,0,0,0,0,0,0,0,0,0,0,0,0,0,0,0,0,0,0,0,0,0,0,0,0,0,0,0,0,0,0,0,0,0,0,0,0,0,0,0,0,0,-53,0,0
252,0,46,0,0,0,0,0,-86,-114,0,2,0,0,0,0,0,79,14,0,0,0,0,7,0,0,0,0,0,0,52,-46,0,0,0,0,0,0,0,0,0,0,0,-85,0,0,-191,0,0,0,0,0,-171,61,0,0,97,20,0,-133,0,4,0,0,-43,-4,0,0,0,0,0,0,0,0,0,0,0,0,0,0,4,0,0,9,0,0,-57,335,0,0,0,0,0,0,28,0,-7,0,113,0,0,0,0,0,0,0,0,0,0,14,49,0,-6,0,5,0,0,0,-18,-3,0,0,0,0,0,-84,0,0,0
178,0,0,0,0,0,0,0,0,0,0,0,0,0,0,0,0,0,0,0,0,0,0,-12,273,0,0,0,0,0,0,0,0,0,0,0,0,0,0,0,0,0,0,0,0,0,0,0,0,0,0,0,0,0,-88,0,0,0,0,0,-589,0,0,-83,0,0,0,0,0,573,0,0,0,0,0,0,38,0,0,0,64,0,0,157,0,0,0,0,0,0,0,17,0,0,-30,0,69,0,0,22,26,0,0,0,0,0,0,0,0,-21,0,32,60,0,-1,0,0,90,0,0,0,0,0,0,0,0,0,-20,0
46,25,0,7,31,0,39,0,0,0,61,0,147,59,0,0,0,0,0,23,-61,2,0,0,0,0,-535,0,82,17,0,0,0,-10,0,2,44,0,50,41,-13,0,66,0,430,0,0,0,159,0,0,0,0,0,0,0,0,0,1,0,0,0,0,0,0,0,0,0,0,0,-138,0,0,0,0,0,0,0,0,0,0,0,0,0,0,0,0,0,0,0,-15,0,0,0,0,-17,0,0,0,0,0,0,0,0,0,0,0,0,0,0,0,0,0,0,0,0,0,0,0,0,0,0,0,0,0,0,-138,0,0
209,-88,-488,-107,0,0,0,-129,77,87,0,-163,0,-61,0,0,0,-4,20,-4,0,-124,0,30,0,-105,0,0,0,0,-18,-1156,0,0,0,0,0,0,0,0,0,0,0,270,0,0,471,0,0,171,0,0,0,-20,0,21,82,0,0,1059,0,-4,0,0,-16,101,0,0,23,0,0,0,0,0,0,15,0,0,0,0,0,-23,0,-9,-9,0,-7,-12,-69,-42,0,0,0,0,-8,0,2,0,-3,0,0,0,0,0,0,0,0,0,0,18,0,0,0,-12,179,0,0,0,0,0,0,0,0,0,0,0,0,0,0
230,3,202,97,0,0,0,351,-1128,-330,0,30,0,0,0,0,0,-37,-372,0,0,37,0,-78,0,47,0,0,0,0,392,7,0,0,0,0,0,0,0,0,0,0,0,-7,0,0,7,0,0,-61,0,0,20,0,0,0,299,0,0,9,0,1080,0,0,-110,-52,0,0,34,0,0,0,0,0,0,31,0,0,0,0,-22,75,0,-191,27,0,-56,-38,-6,-8,0,-1,0,0,-49,0,-57,0,-93,0,0,0,0,0,0,0,0,0,0,14,0,0,-50,9,37,0,0,0,0,-3,0,0,0,0,0,0,0,0,0
138,0,0,0,0,0,0,0,0,0,0,0,0,0,0,0,0,0,0,0,0,0,0,0,-10,0,0,0,0,0,0,0,0,0,0,0,0,0,0,0,0,0,0,0,0,0,0,0,0,0,88,0,0,0,0,0,0,0,0,0,287,0,0,-68,0,0,0,0,0,-11,0,0,0,0,0,0,-38,0,0,0,-21,0,0,0,0,0,0,0,0,0,0,-4,0,0,0,0,0,0,0,-7,-30,0,0,0,0,0,0,0,0,0,0,1,-4,0,0,0,0,39,0,0,0,0,0,0,0,0,0,-90,0
222,0,4,5,0,0,0,-67,0,0,0,-21,0,0,192,18,130,0,0,0,0,4,0,0,0,9,0,0,0,0,-14,22,124,0,0,0,0,53,0,0,0,0,0,0,0,-26,0,0,0,0,0,0,-21,0,0,0,-78,0,0,0,0,-32,22,0,0,0,0,0,-44,0,0,0,0,0,0,-393,0,47,0,0,0,-81,0,0,-141,0,0,0,43,10,0,0,0,0,0,0,0,0,0,0,0,26,0,-11,0,0,0,0,0,0,0,0,0,148,0,0,0,0,0,0,-37,0,0,0,0,0,0,0,0
228,96,596,214,16,0,0,365,-519,-147,0,69,0,244,25,0,0,0,-125,16,0,28,0,-194,0,40,0,0,0,0,879,63,0,3,0,6,0,15,0,0,0,0,0,-30,0,0,-84,0,0,-97,0,0,-82,-299,0,78,0,0,0,-1,0,-1115,0,0,-11,0,0,0,72,0,0,0,0,0,0,26,0,0,0,0,0,11,0,0,77,0,-104,-37,11,20,0,0,0,0,0,0,-71,0,0,0,0,0,0,0,0,0,0,0,0,-28,0,0,0,-7,-52,0,0,0,0,0,0,0,0,0,0,0,0,0,0
313,0,0,0,0,0,0,0,2,24,0,0,0,0,0,0,0,255,87,0,0,0,0,2,0,0,0,0,0,0,0,0,0,0,0,0,0,0,0,0,0,0,0,-4,0,0,-1,-94,0,-20,0,0,0,0,0,0,0,0,0,0,0,0,0,0,149,-4,0,0,0,0,0,0,0,0,0,0,0,0,0,0,0,0,0,0,0,0,81,-76,0,0,0,0,0,0,0,0,-7,0,-86,0,0,0,-62,0,0,0,0,0,0,0,132,0,0,0,-1,24,-28,0,-39,-98,0,0,0,44,-67,-40,0,0,0
12,0,0,0,0,648,0,0,0,0,18,0,-211,0,0,0,0,0,0,0,-50,0,78,0,0,0,-30,0,-155,-388,0,0,0,0,0,0,-208,0,0,-16,0,0,0,0,0,0,0,0,0,0,0,-1,0,0,0,0,0,0,0,0,0,0,0,0,0,0,93,0,0,0,-20,0,0,0,0,0,0,0,0,0,0,0,0,0,0,0,0,0,0,0,180,0,66,0,0,73,0,-170,0,0,0,0,0,0,2,0,0,33,51,0,0,0,0,0,0,0,0,0,0,0,0,0,0,0,0,0,1,0,0
210,-6,-321,-70,0,0,0,-89,140,202,0,-110,0,0,0,0,0,-19,34,0,0,-85,0,11,0,-150,0,0,0,0,42,-531,0,0,0,0,0,0,0,0,0,0,0,310,0,0,1028,0,0,133,0,0,-1059,-9,0,0,1,0,0,0,0,67,0,0,-9,148,0,0,6,0,0,0,0,0,0,18,0,0,0,0,-4,7,0,-4,-24,0,16,111,-8,-56,0,0,0,0,52,0,26,0,-11,0,0,0,0,0,0,0,0,0,0,137,0,0,-7,7,69,0,0,0,0,0,0,0,0,0,0,0,0,0,0
158,0,0,0,0,0,0,0,0,0,0,0,0,0,0,0,0,0,0,0,0,0,0,0,58,0,0,0,0,0,0,0,0,0,0,0,0,0,0,0,0,0,0,0,0,0,0,0,0,0,589,0,0,0,-287,0,0,0,0,0,0,0,0,-163,0,0,0,0,0,157,0,0,0,0,0,0,-43,0,0,0,-9,0,0,26,0,0,0,0,0,0,0,33,0,0,-52,0,-1,0,0,-68,-10,0,0,0,0,0,0,0,0,-2,0,8,92,0,0,0,0,21,0,0,0,0,0,0,0,0,0,-38,0
229,40,481,346,0,0,0,111,-312,-534,0,54,0,27,0,0,0,-2,-130,2,0,87,0,-40,0,28,0,0,0,0,245,52,0,0,0,0,0,14,0,0,0,0,0,-38,0,0,18,0,0,-4,0,0,4,-1080,0,32,1115,0,0,-67,0,0,0,0,-66,13,0,0,116,0,0,0,0,0,0,58,0,0,0,0,0,40,0,-57,13,0,-87,-107,0,15,0,0,0,0,-27,0,-182,0,-11,0,0,0,0,0,0,0,0,0,0,-54,0,0,0,-7,6,0,0,0,0,0,0,0,0,0,0,0,0,0,0
261,0,0,0,0,0,0,0,0,0,0,0,0,0,-157,15,-169,0,0,0,0,0,0,0,0,0,0,0,0,0,0,0,188,0,1,0,0,28,0,0,0,0,0,0,0,85,0,0,0,0,0,0,0,0,0,-22,0,0,0,0,0,0,0,0,0,0,0,4,0,0,0,0,0,0,0,-75,0,153,0,0,0,-223,0,0,-32,0,0,0,-3,-16,0,0,0,0,0,0,0,0,0,0,0,77,0,-18,0,0,0,0,0,0,0,0,0,60,0,0,0,0,0,0,46,0,0,0,0,0,0,0,-18
136,0,0,0,0,0,0,0,0,0,0,0,0,0,0,0,0,0,0,0,0,0,0,0,-15,0,0,0,0,0,0,0,0,0,0,0,0,0,0,0,0,0,0,0,0,0,0,0,0,0,83,0,0,0,68,0,0,0,0,0,163,0,0,0,0,0,0,0,0,53,0,0,0,0,0,0,3,0,0,0,0,0,0,0,0,0,0,0,0,0,0,0,0,0,0,0,0,0,0,-41,-70,0,0,0,0,0,0,0,0,0,0,0,0,0,0,0,0,-5,0,0,0,0,0,0,0,0,0,0,0
273,0,0,0,0,0,0,0,70,140,0,0,0,0,0,0,0,-502,199,0,0,0,0,32,0,0,0,0,0,0,1,1,0,0,0,0,0,0,0,0,0,0,0,0,0,0,-20,-97,0,43,0,0,16,110,0,0,11,-149,0,9,0,66,0,0,0,2,0,0,0,0,0,0,0,0,0,0,0,0,0,0,-1,0,0,-24,0,0,571,8,0,0,0,0,0,0,4,0,-8,0,-14,0,0,0,-7,0,0,0,0,0,0,40,-7,0,-16,0,11,0,-15,0,-76,-57,0,0,0,0,0,-28,0,0,0
213,0,14,0,0,0,0,0,9,-33,0,-1,0,0,0,0,0,9,-31,0,0,0,0,-35,135,0,0,0,0,0,45,-181,0,0,0,0,0,0,0,0,0,0,0,-417,0,0,-287,0,0,4,0,0,-101,52,0,0,0,4,0,-148,0,-13,0,0,-2,0,0,0,6,18,0,0,0,0,0,0,0,0,0,0,112,0,0,-39,0,0,1,4,0,0,0,48,0,0,152,0,-14,0,-14,0,0,0,0,0,0,0,0,0,0,188,0,-11,-8,0,474,0,0,-15,0,-3,0,0,0,0,0,0,0,0,0
52,0,0,0,0,-665,0,0,0,0,0,0,18,0,0,0,0,0,0,0,2,0,478,0,0,0,0,-2,11,-118,0,0,0,0,0,0,-25,0,0,-10,0,-11,0,0,0,0,0,0,0,0,0,0,0,0,0,0,0,0,-93,0,0,0,0,0,0,0,0,0,0,0,0,0,0,0,0,0,0,0,0,0,0,0,0,0,0,0,0,0,0,0,-186,0,127,0,0,-4,0,104,0,0,0,0,0,0,92,0,0,43,89,0,0,0,0,0,0,0,0,0,0,0,0,0,0,0,0,0,0,0,0
286,0,0,0,0,0,0,0,0,0,0,0,0,0,0,-10,0,0,0,0,0,0,0,0,0,0,0,0,0,0,0,0,-49,0,0,0,0,0,0,0,0,0,0,0,0,6,0,0,0,0,0,0,0,0,0,0,0,0,0,0,0,0,-4,0,0,0,0,0,0,0,0,0,276,0,0,0,0,-4,0,0,0,0,0,0,0,0,0,0,0,0,0,0,0,0,0,0,0,0,0,0,0,-3,0,0,0,-52,0,0,0,0,0,0,0,0,0,0,0,0,0,0,0,14,0,0,0,0,0,0,0
226,-8,13,-2,-36,0,0,-22,-37,-120,0,-38,0,7,40,0,64,0,-33,-24,0,-11,0,0,0,-14,0,0,0,0,-46,19,0,0,0,13,0,19,-2,0,-1,0,0,-14,0,0,14,0,0,0,0,0,-23,-34,0,44,-72,0,0,-6,0,-116,0,0,0,-6,0,0,0,0,0,0,0,0,0,92,0,0,0,0,0,82,0,0,183,0,0,0,-35,-8,0,0,0,0,0,0,0,0,0,0,0,1,0,15,0,0,0,0,0,0,0,0,0,-26,0,0,0,0,0,0,-11,0,0,0,0,0,0,0,0
198,0,0,0,0,0,0,0,0,-5,0,0,0,0,0,0,0,0,-1,0,0,0,0,85,217,0,0,0,0,0,0,0,0,0,0,0,0,0,0,0,0,0,0,0,0,0,0,0,0,0,-573,0,0,0,11,0,0,0,0,0,-157,0,0,-53,0,-18,0,0,0,0,0,0,0,0,0,0,68,0,0,0,69,0,0,39,0,0,0,0,0,0,0,18,0,0,-9,0,103,0,0,41,0,0,0,0,0,0,0,0,0,-43,0,9,100,0,-28,0,0,45,0,0,0,0,0,0,0,0,0,16,0
6,0,0,0,0,-46,-27,0,0,0,-21,0,-11,0,0,0,0,0,0,3,-80,0,0,0,0,0,298,0,-22,71,0,0,0,0,0,0,18,0,20,16,29,0,3,0,17,0,0,0,46,0,0,138,0,0,0,0,0,0,20,0,0,0,0,0,0,0,0,0,0,0,0,0,0,0,0,0,0,0,0,0,0,0,0,0,0,-59,0,0,0,0,-12,0,0,0,0,-6,0,-18,0,0,0,0,0,0,0,0,0,0,0,0,0,0,0,0,0,0,0,0,0,0,0,0,0,0,0,0,-192,0,0
382,0,0,0,0,0,0,0,0,0,0,0,0,0,0,38,0,0,0,0,0,0,0,0,0,0,0,0,0,0,0,0,2,0,231,0,0,0,0,0,0,0,0,0,0,21,0,0,0,0,0,0,0,0,0,0,0,0,0,0,0,0,0,0,0,0,0,0,0,0,0,0,0,0,-103,0,0,0,0,0,0,0,27,0,0,0,0,0,0,0,0,0,0,0,0,0,0,0,0,0,0,0,0,0,0,0,0,0,0,0,0,0,0,0,0,0,0,0,0,0,0,-12,0,0,0,0,0,0,92
306,0,0,0,0,0,0,0,0,0,0,0,0,0,0,13,0,0,0,0,0,0,0,0,0,0,0,0,0,0,0,0,-32,0,0,0,0,0,0,0,0,0,0,0,0,10,0,0,0,0,0,0,0,0,0,0,0,0,0,0,0,0,0,0,0,0,0,-276,0,0,0,0,0,0,0,0,0,11,0,0,0,0,0,0,0,0,0,0,0,0,0,0,0,0,0,0,0,0,0,0,0,0,0,0,0,11,0,0,0,0,0,0,0,0,0,0,0,0,0,0,0,88,0,0,0,0,0,0,0
18,0,0,0,0,0,0,0,0,0,0,0,0,0,0,0,0,0,0,0,0,0,0,0,0,0,0,8,0,0,0,0,0,0,0,0,0,0,0,0,0,8,0,0,0,0,0,0,0,0,0,0,0,0,0,0,0,0,0,0,0,0,0,0,0,0,0,0,0,0,0,0,0,0,0,0,0,0,0,0,0,0,0,0,0,0,0,0,0,0,0,0,-10,0,0,0,0,0,0,0,0,0,0,0,-16,0,34,-48,-49,0,0,0,0,0,0,0,0,0,0,0,0,0,0,0,0,0,0,0,0
385,0,0,0,0,0,0,0,0,0,0,0,0,0,0,0,0,0,0,0,0,0,0,0,0,0,0,0,0,0,0,0,0,0,58,0,0,0,0,0,0,0,0,0,0,0,0,0,0,0,0,0,0,0,0,0,0,0,0,0,0,0,0,0,0,0,0,0,0,0,0,103,0,0,0,0,0,0,0,0,0,0,-5,0,0,0,0,0,0,0,0,0,0,0,0,0,0,0,0,0,0,0,0,0,0,0,0,0,0,0,0,0,0,0,0,-28,-4,0,0,0,0,-78,0,0,0,0,0,0,51
223,1,-7,-62,0,0,0,-102,0,0,0,-187,0,2,168,0,148,0,0,0,0,-27,0,0,0,-39,0,0,0,0,-17,27,133,0,0,0,0,67,0,0,0,0,0,0,0,0,0,0,0,0,0,0,-15,-31,0,393,-26,0,0,-18,0,-58,75,0,0,0,0,0,-92,0,0,0,0,0,0,0,0,36,0,0,0,-437,0,0,-87,0,0,0,-56,-30,0,0,0,0,0,0,0,0,0,0,0,26,0,23,0,0,0,0,0,0,0,0,0,44,0,0,0,0,0,0,22,0,0,0,0,0,0,0,0
179,0,0,0,0,0,0,0,0,0,0,0,0,0,0,0,0,0,-2,0,0,0,0,-6,-96,0,0,0,0,0,0,0,0,0,0,0,0,0,0,0,0,0,0,0,0,0,0,0,0,0,-38,0,0,0,38,0,0,0,0,0,43,0,0,-3,0,0,0,0,0,-68,0,0,0,0,0,0,0,0,0,0,-49,0,0,-2,0,0,0,0,0,0,0,-12,0,0,-52,0,-2,0,0,204,11,0,0,0,0,0,0,0,0,-34,0,-10,-5,0,-5,0,0,-9,0,0,0,0,0,0,0,0,0,32,0
280,0,0,0,0,0,0,0,0,0,0,0,0,0,43,-74,-170,0,0,0,0,0,0,0,0,0,0,0,0,0,0,0,-60,0,-5,0,0,58,0,0,0,0,0,0,0,17,0,0,0,0,0,0,0,0,0,-47,0,0,0,0,0,0,-153,0,0,0,0,4,0,0,0,0,-11,0,0,-36,0,0,0,0,0,-7,-13,0,0,0,0,0,0,0,0,0,0,0,0,0,0,0,0,0,0,198,0,123,0,0,0,0,0,0,0,0,0,45,0,0,0,0,0,0,63,0,0,0,0,0,0,0,-16
121,-106,0,-2,-4,0,0,-3,0,0,0,0,0,-77,0,0,0,0,0,50,0,-11,0,0,0,-1,0,0,0,0,0,0,0,115,0,-98,0,0,0,0,0,0,0,0,0,0,0,0,0,0,0,0,0,0,0,0,0,0,0,0,0,0,0,0,0,0,0,0,0,0,0,0,0,0,0,0,0,0,0,92,0,0,0,0,0,0,0,0,0,0,0,0,0,138,0,0,0,0,0,0,0,0,0,0,0,0,0,0,0,0,0,0,0,0,0,0,0,0,0,0,0,0,0,0,0,0,0,0,0
81,0,0,0,0,0,0,0,0,0,0,0,0,0,0,0,0,0,0,0,0,0,0,0,0,0,0,0,0,0,0,0,0,0,0,-4,0,0,0,0,0,0,0,0,0,0,0,0,0,0,0,0,0,0,0,0,0,0,0,0,0,0,0,0,0,0,0,0,0,0,0,0,0,0,0,0,0,0,-92,0,0,0,0,0,0,89,0,0,0,0,0,0,0,-143,0,0,0,0,0,0,0,0,0,0,0,0,0,0,0,0,0,0,0,0,0,0,0,0,0,0,0,0,0,0,0,0,0,0,0
217,0,0,0,0,0,0,0,66,-11,0,0,0,0,0,0,0,0,-9,0,0,0,0,23,294,0,0,0,0,0,0,0,0,0,0,0,0,0,0,0,0,0,0,-131,0,0,-17,0,0,-4,-64,0,0,22,21,0,0,0,0,4,9,0,0,0,1,-112,0,0,0,-69,0,0,0,0,0,0,49,0,0,0,0,0,0,93,0,0,-23,0,0,0,0,148,0,0,-392,0,72,0,0,17,0,0,0,0,0,0,0,0,0,-173,0,75,104,0,-124,0,0,33,0,0,0,0,0,0,0,0,0,22,0
224,-13,-108,-114,0,0,0,-1,-25,0,0,-112,0,-29,271,0,61,0,0,0,0,-61,0,0,0,-38,0,0,0,0,-77,0,13,0,0,0,0,29,0,0,0,0,0,0,0,0,-12,0,0,0,0,0,23,-75,0,81,-11,0,0,-7,0,-40,223,0,0,0,0,0,-82,0,0,0,0,0,0,437,0,7,0,0,0,0,0,0,-381,0,0,0,-30,-136,0,0,0,0,0,0,0,0,0,0,0,33,0,-39,0,0,0,0,0,0,0,0,0,58,0,0,0,0,0,0,24,0,0,0,0,0,0,0,0
380,0,0,0,0,0,0,0,0,0,0,0,0,0,0,15,0,0,0,0,0,0,0,0,0,0,0,0,0,0,0,0,3,0,54,0,0,0,0,0,0,0,0,0,0,11,0,0,0,0,0,0,0,0,0,0,0,0,0,0,0,0,0,0,0,0,0,0,0,0,0,-27,0,0,5,0,0,13,0,0,0,0,0,0,0,0,0,0,0,0,0,0,0,0,0,0,0,0,0,0,0,-1,0,0,0,0,0,0,0,0,0,0,0,0,0,0,0,0,0,0,0,-28,0,0,0,0,0,0,8
236,0,0,0,0,0,0,0,73,36,0,0,0,0,0,0,0,8,214,0,0,0,0,104,-156,0,0,0,0,0,0,0,0,0,0,0,0,0,0,0,0,0,0,-5,0,0,-34,0,0,-9,-157,0,9,191,0,0,0,0,0,4,-26,57,0,0,24,39,0,0,0,-39,0,0,0,0,0,0,2,0,0,0,-93,0,0,0,0,0,7,11,0,0,0,-93,0,0,-121,0,510,0,0,13,0,0,0,0,0,0,0,0,0,-9,0,-50,-462,0,-18,0,0,-80,0,0,0,0,0,0,0,0,0,0,0
225,-12,-8,-1,-16,0,0,-87,-94,-29,0,-105,0,-85,7,0,179,0,0,0,0,-8,0,0,0,-8,0,0,0,0,-37,17,0,0,0,2,0,5,0,0,0,0,0,-8,0,0,-1,0,0,0,0,0,9,-27,0,141,-77,0,0,24,0,-13,32,0,0,0,0,0,-183,0,0,0,0,0,0,87,0,0,0,0,0,381,0,0,0,0,0,0,-75,-54,0,0,0,0,0,0,0,0,0,0,0,15,0,10,0,0,0,0,0,0,0,0,0,-38,0,0,0,0,0,0,-69,0,0,0,0,0,0,0,0
1,0,0,0,0,0,0,0,0,0,0,0,0,0,0,0,0,0,0,0,-8,0,0,0,0,0,98,0,1,0,0,0,0,0,0,0,0,0,0,-19,0,0,0,0,0,0,0,0,0,0,0,0,0,0,0,0,0,0,0,0,0,0,0,0,0,0,0,0,0,0,59,0,0,0,0,0,0,0,0,-89,0,0,0,0,0,0,0,0,0,0,0,0,0,-22,0,0,0,0,0,0,0,0,0,0,0,0,0,0,0,0,0,0,0,0,0,0,0,0,0,0,0,0,0,0,0,0,115,0,0
253,0,14,0,0,0,0,0,122,193,0,0,0,0,0,0,0,-188,435,0,0,0,0,87,-7,0,0,0,0,0,9,15,0,0,0,0,0,0,0,0,0,0,0,-24,0,0,-7,-2,0,57,0,0,7,56,0,0,104,-81,0,-16,0,87,0,0,-571,-1,0,0,0,0,0,0,0,0,0,0,0,0,0,0,23,0,0,-7,0,0,0,-19,0,0,0,-21,0,0,50,0,-22,0,-4,0,0,0,0,0,0,0,0,0,0,11,-35,0,-29,0,-1,0,-1,0,-27,-31,0,0,0,0,0,-80,0,0,0
272,0,0,0,0,0,0,0,4,-2,0,0,0,0,0,0,0,84,11,0,0,0,0,12,0,0,0,0,0,0,0,13,0,0,0,0,0,0,0,0,0,0,0,-31,0,0,-93,-9,0,-335,0,0,12,38,0,0,37,76,0,-111,0,107,0,0,-8,-4,0,0,0,0,0,0,0,0,0,0,0,0,0,0,0,0,0,-11,0,0,19,0,0,0,0,0,0,0,5,0,0,0,171,0,0,0,0,0,0,0,0,0,0,20,33,0,0,0,10,0,-10,0,-76,-75,0,0,0,2,0,-35,0,0,0
204,23,64,10,0,0,0,18,-9,0,0,212,0,8,-158,0,-55,0,0,0,0,111,0,0,0,84,0,0,0,0,18,71,0,0,0,0,0,-161,0,0,0,0,0,0,0,0,-13,0,0,0,0,0,69,6,0,-43,-11,0,0,8,0,0,3,0,0,0,0,0,35,0,0,0,0,0,0,56,0,0,0,0,0,30,0,0,75,0,0,0,0,478,0,0,0,0,0,0,0,0,0,0,0,-71,0,-173,0,0,0,0,0,0,0,0,0,-619,0,0,0,0,0,0,-60,0,0,0,0,0,0,0,0
205,117,87,22,-5,0,0,-19,-12,-13,0,296,0,-40,-70,0,9,0,0,8,0,38,0,0,0,109,0,0,0,0,-16,85,0,0,0,10,0,-113,0,0,0,0,0,-7,0,0,14,0,0,0,0,0,42,8,0,-10,-20,0,0,56,0,-15,16,0,0,0,0,0,8,0,0,0,0,0,0,30,0,0,0,0,0,136,0,0,54,0,0,0,-478,0,0,0,0,0,0,0,0,0,0,0,0,2,0,-49,0,0,0,0,0,0,0,0,0,-201,0,0,0,0,0,0,-135,0,0,0,0,0,0,0,0
31,0,0,0,0,30,8,0,0,0,84,0,100,0,0,0,0,0,0,0,47,0,-15,0,0,0,13,0,21,-480,0,0,0,0,0,0,-27,0,0,14,0,0,0,0,0,0,0,0,0,0,0,15,0,0,0,0,0,0,-180,0,0,0,0,0,0,0,186,0,0,0,12,0,0,0,0,0,0,0,0,0,0,0,0,0,0,0,0,0,0,0,0,0,38,0,0,239,0,-122,0,0,0,0,0,0,0,0,0,-11,-6,0,0,0,0,0,0,0,0,0,0,0,0,0,0,0,0,0,30,0,0
238,0,0,0,0,0,0,0,15,90,0,0,0,0,0,0,0,0,105,0,0,0,0,13,-270,0,0,0,0,0,0,0,0,0,0,0,0,0,0,0,0,0,0,-6,0,0,0,0,0,0,-17,0,0,1,4,0,0,0,0,0,-33,0,0,0,0,-48,0,0,0,-18,0,0,0,0,0,0,12,0,0,0,-148,0,0,93,0,0,21,0,0,0,0,0,0,0,-62,0,118,0,0,20,0,0,0,0,0,0,0,0,0,-68,0,-25,303,0,-43,0,0,-7,0,0,0,0,0,0,0,0,0,1,0
54,0,0,0,0,-256,0,0,0,0,0,0,-5,0,0,0,0,0,0,0,0,0,-232,0,0,0,0,19,0,-65,0,0,0,0,0,0,48,0,0,2,0,29,0,0,0,0,0,0,0,0,0,0,0,0,0,0,0,0,-66,0,0,0,0,0,0,0,-127,0,0,0,0,0,0,10,0,0,0,0,0,0,0,0,0,0,0,0,0,0,0,0,-38,0,0,0,0,20,0,162,0,0,0,0,0,0,74,0,0,200,327,0,0,0,0,0,0,0,0,0,0,0,0,0,0,0,0,0,0,0,0
101,-20,0,0,0,0,0,0,0,0,0,0,0,0,0,0,0,0,0,0,0,0,0,0,0,0,0,0,0,0,0,0,0,-6,0,-57,0,0,0,0,0,0,0,0,0,0,0,0,0,0,0,0,0,0,0,0,0,0,0,0,0,0,0,0,0,0,0,0,0,0,0,0,0,0,0,0,0,0,-138,143,0,0,0,0,0,22,0,0,0,0,0,0,0,0,0,0,0,0,0,0,0,0,0,0,0,0,0,0,0,0,0,0,0,0,0,0,0,0,0,0,0,0,0,0,0,0,0,0,0
216,0,0,0,0,0,0,0,18,9,0,0,0,0,0,0,0,0,17,0,0,0,0,-21,237,0,0,0,0,0,0,0,0,0,0,0,0,0,0,0,0,0,0,-138,0,0,-167,0,0,-28,30,0,8,49,0,0,0,0,0,-52,52,27,0,0,-4,-152,0,0,0,9,0,0,0,0,0,0,52,0,0,0,392,0,0,121,0,0,-50,-5,0,0,0,62,0,0,0,0,27,0,0,14,0,0,0,0,0,0,0,0,0,-433,0,7,64,0,-201,0,0,61,0,0,0,0,0,0,0,0,0,0,0
30,0,0,0,0,-60,47,0,0,0,29,0,58,0,0,0,0,0,0,0,81,0,-76,0,0,0,14,0,45,-91,0,0,0,0,0,0,73,0,0,36,0,0,0,0,11,0,0,0,0,0,0,17,0,0,0,0,0,0,-73,0,0,0,0,0,0,0,4,0,0,0,6,0,0,0,0,0,0,0,0,0,0,0,0,0,0,0,0,0,0,0,-239,0,-20,0,0,0,0,-68,0,0,0,0,0,0,0,0,0,0,-2,0,0,0,0,0,0,0,0,0,0,0,0,0,0,0,0,0,-7,0,0
235,0,0,0,0,0,0,0,57,238,0,0,0,0,0,0,0,25,139,0,0,0,0,452,-196,0,0,0,0,0,0,16,0,0,0,0,0,0,0,0,0,0,0,25,0,0,-9,0,0,7,-69,0,-2,57,0,0,71,7,0,-26,1,182,0,0,8,14,0,0,0,-103,0,0,0,0,0,0,2,0,0,0,-72,0,0,-510,0,0,22,0,0,0,0,-118,0,0,-27,0,0,0,10,6,0,0,0,0,0,0,0,0,0,-14,0,-25,-120,0,34,0,0,-5,0,0,0,0,0,0,0,0,0,0,0
33,0,0,0,0,343,0,0,0,0,0,0,177,0,0,0,0,0,0,0,123,0,-742,0,0,0,4,0,117,127,0,0,0,0,0,0,89,0,0,176,0,-41,0,0,0,0,0,0,0,0,0,0,0,0,0,0,0,0,170,0,0,0,0,0,0,0,-104,0,0,0,18,0,0,0,0,0,0,0,0,0,0,0,0,0,0,0,0,0,0,0,122,0,-162,0,0,68,0,0,0,0,0,0,0,0,-98,0,0,-55,-13,0,0,0,0,0,0,0,0,0,0,0,0,0,0,0,0,0,0,0,0
292,0,0,0,0,0,0,0,63,25,0,0,0,0,0,0,0,292,4,0,0,0,0,2,0,0,0,0,0,0,0,0,0,0,0,0,0,0,0,0,0,0,0,-42,0,0,-53,0,0,-113,0,0,3,93,0,0,0,86,0,11,0,11,0,0,14,14,0,0,0,0,0,0,0,0,0,0,0,0,0,0,0,0,0,0,0,0,4,-171,0,0,0,0,0,0,0,0,-10,0,0,0,0,0,4,0,0,0,0,0,0,2,39,0,0,0,6,-9,-70,0,-33,-179,0,0,0,19,0,-108,0,0,0
159,0,0,0,0,0,0,0,0,0,0,0,0,0,0,0,0,0,0,0,0,0,0,0,-49,0,0,0,0,0,0,0,0,0,0,0,0,0,0,0,0,0,0,0,0,0,0,0,0,0,-22,0,0,0,7,0,0,0,0,0,68,0,0,41,0,0,0,0,0,-41,0,0,0,0,0,0,-204,0,0,0,-17,0,0,-13,0,0,0,0,0,0,0,-20,0,0,-14,0,-6,0,0,0,31,0,0,0,0,0,0,0,0,0,0,0,-24,0,0,0,0,3,0,0,0,0,0,0,0,0,0,110,0
133,0,0,0,0,0,0,0,0,0,0,0,0,0,0,0,0,0,0,0,0,0,0,0,0,0,0,0,0,0,0,0,0,0,0,0,0,0,0,0,0,0,0,0,0,0,0,0,0,0,-26,0,0,0,30,0,0,0,0,0,10,0,0,70,0,0,0,0,0,0,0,0,0,0,0,0,-11,0,0,0,0,0,0,0,0,0,0,0,0,0,0,0,0,0,0,0,0,0,0,-31,0,0,0,0,0,0,0,0,0,0,0,0,0,0,0,0,0,0,0,0,0,0,0,0,0,0,0,-16,0
260,0,0,0,0,0,0,0,0,0,0,-1,0,0,55,-117,-102,0,0,0,0,0,0,0,0,0,0,0,0,0,0,0,-16,0,0,0,0,48,0,0,0,0,0,0,0,-121,0,0,0,0,0,0,0,0,0,-26,0,0,0,0,0,0,-77,0,0,0,0,3,-1,0,0,0,0,0,0,-26,0,-198,0,0,0,-33,1,0,-15,0,0,0,71,-2,0,0,0,0,0,0,0,0,0,0,0,0,0,331,0,0,0,0,0,0,0,0,0,152,0,0,0,0,0,0,136,0,0,0,0,0,0,0,-16
318,0,0,0,0,0,0,0,0,0,0,0,0,0,0,0,0,124,0,0,0,0,0,0,0,0,0,0,0,0,0,0,0,0,0,0,0,0,0,0,0,0,0,0,0,0,0,557,0,0,0,0,0,0,0,0,0,62,0,0,0,0,0,0,7,0,0,0,0,0,0,0,0,0,0,0,0,0,0,0,0,0,0,0,0,0,0,0,0,0,0,0,0,0,0,0,0,0,-4,0,0,0,0,0,0,0,0,0,0,0,6,0,0,0,0,0,0,0,0,-11,0,0,15,0,-99,6,0,0,0
240,0,-1,0,0,0,0,0,0,0,0,-20,0,0,105,-45,-55,0,0,0,0,0,0,0,0,0,0,0,0,0,0,0,-98,0,0,0,0,103,0,0,0,0,0,0,0,-53,0,0,0,0,0,0,0,0,0,11,0,0,0,0,0,0,18,0,0,0,0,0,-15,0,0,0,0,0,0,-23,0,-123,0,0,0,39,0,0,-10,0,0,0,173,49,0,0,0,0,0,0,0,0,0,0,0,-331,0,0,0,0,0,0,0,0,0,0,0,67,0,0,0,0,0,0,384,0,0,0,0,0,0,0,-1
57,0,0,0,0,-49,0,0,0,0,0,0,0,0,0,0,0,0,0,0,0,0,-4,0,0,0,0,29,0,0,0,0,0,0,0,0,0,0,0,0,0,168,0,0,0,0,0,0,0,0,0,0,0,0,0,0,0,0,-2,0,0,0,0,0,0,0,-92,0,0,0,0,0,0,16,0,0,0,0,0,0,0,0,0,0,0,0,0,0,0,0,0,0,-74,0,0,0,0,98,0,0,0,0,0,0,0,0,64,-293,-155,0,0,0,0,0,0,0,0,0,0,0,0,0,0,0,0,0,0,0,0
307,0,0,0,0,0,0,0,0,0,0,0,0,0,0,32,0,0,0,0,0,0,0,0,0,0,0,0,0,0,0,0,-9,0,0,0,0,0,0,0,0,0,0,0,0,0,0,0,0,0,0,0,0,0,0,0,0,0,0,0,0,0,0,0,0,0,0,52,0,0,0,0,-11,0,0,0,0,0,0,0,0,0,0,0,0,0,0,0,0,0,0,0,0,0,0,0,0,0,0,0,0,0,0,0,0,0,0,0,0,0,0,0,0,0,0,0,0,0,0,0,0,-11,0,0,0,0,0,0,0
19,0,0,0,0,0,0,0,0,0,0,0,0,0,0,0,0,0,0,0,0,0,0,0,0,0,0,27,0,0,0,0,0,0,0,0,0,0,0,0,0,8,0,0,0,0,0,0,0,0,0,0,0,0,0,0,0,0,0,0,0,0,0,0,0,0,0,0,0,0,0,0,0,-34,0,0,0,0,0,0,0,0,0,0,0,0,0,0,0,0,0,0,0,0,0,0,0,0,0,0,0,0,0,0,-64,0,0,-31,-21,0,0,0,0,0,0,0,0,0,0,0,0,0,0,0,0,0,0,0,0
56,0,0,0,0,-128,0,0,0,0,0,0,0,0,0,0,0,0,0,0,0,0,-34,0,0,0,0,11,0,-3,0,0,0,0,0,0,0,0,0,0,0,183,0,0,0,0,0,0,0,0,0,0,0,0,0,0,0,0,-33,0,0,0,0,0,0,0,-43,0,0,0,0,0,0,48,0,0,0,0,0,0,0,0,0,0,0,0,0,0,0,0,11,0,-200,0,0,0,0,55,0,0,0,0,0,0,293,0,31,0,-344,0,0,0,0,0,0,0,0,0,0,0,0,0,0,0,0,0,0,0,0
55,0,0,0,0,-131,0,0,0,0,0,0,0,0,0,0,0,0,0,0,0,0,-63,0,0,0,0,55,0,-12,0,0,0,0,0,0,0,0,0,0,0,96,0,0,0,0,0,0,0,0,0,0,0,0,0,0,0,0,-51,0,0,0,0,0,0,0,-89,0,0,0,0,0,0,49,0,0,0,0,0,0,0,0,0,0,0,0,0,0,0,0,6,0,-327,0,0,2,0,13,0,0,0,0,0,0,155,0,21,344,0,0,0,0,0,0,0,0,0,0,0,0,0,0,0,0,0,0,0,0,0
215,0,0,0,0,0,0,0,-3,22,0,0,0,0,0,0,0,-10,-35,0,0,0,0,34,77,0,0,0,0,0,0,4,0,0,0,0,0,0,0,0,0,0,0,-118,0,0,-108,0,0,-14,21,0,-18,-14,0,0,28,0,0,-137,2,54,0,0,-40,-188,0,0,0,43,0,0,0,0,0,0,34,0,0,0,173,0,0,9,0,0,-11,-20,0,0,0,68,0,0,433,0,14,0,-2,0,0,0,0,0,0,0,0,0,0,0,0,61,47,0,-456,0,0,27,0,0,0,0,0,0,0,0,0,0,0
333,0,0,0,0,0,0,0,0,-14,0,0,0,0,0,0,0,18,-6,0,0,0,0,-4,0,0,0,0,0,0,0,0,0,0,0,0,0,0,0,0,0,0,0,0,0,0,0,-41,0,-49,0,0,0,0,0,0,0,-132,0,0,0,0,0,0,7,0,0,0,0,0,0,0,0,0,0,0,0,0,0,0,0,0,0,0,0,0,35,-33,0,0,0,0,0,0,0,0,0,0,-39,0,0,0,-6,0,0,0,0,0,0,0,0,0,0,0,0,10,-14,0,-16,-42,0,0,0,99,0,7,0,0,0
239,0,0,0,0,0,0,0,0,5,0,0,0,0,0,0,0,0,31,0,0,0,0,33,-58,0,0,0,0,0,0,0,0,0,0,0,0,0,0,0,0,0,0,2,0,0,0,0,0,0,-32,0,0,0,-1,0,0,0,0,0,-8,0,0,0,0,11,0,0,0,-9,0,0,0,0,0,0,10,0,0,0,-75,0,0,50,0,0,0,0,0,0,0,25,0,0,-7,0,25,0,0,0,0,0,0,0,0,0,0,0,0,-61,0,0,59,0,-8,0,0,48,0,0,0,0,0,0,0,0,0,0,0
237,0,0,0,0,0,0,0,142,60,0,0,0,0,0,0,0,0,48,0,0,0,0,202,-253,0,0,0,0,0,0,0,0,0,0,0,0,0,0,0,0,0,0,-14,0,0,3,0,0,6,-60,0,0,50,4,0,0,0,0,7,-92,0,0,0,16,8,0,0,0,-100,0,0,0,0,0,0,5,0,0,0,-104,0,0,462,0,0,29,0,0,0,0,-303,0,0,-64,0,120,0,0,24,0,0,0,0,0,0,0,0,0,-47,0,-59,0,0,-9,0,0,-59,0,0,0,0,0,0,0,0,0,-4,0
203,1,38,17,0,0,0,11,0,0,0,149,0,0,-150,-1,-28,0,0,0,0,65,0,0,0,85,0,0,0,0,-16,71,45,0,0,0,0,-356,0,0,0,0,0,0,0,0,0,0,0,0,0,0,12,-9,0,-148,7,0,0,-7,0,7,-60,0,0,0,0,0,26,0,0,0,0,0,0,-44,0,-45,0,0,0,-58,0,0,38,0,0,0,619,201,0,0,0,0,0,0,0,0,0,0,0,-152,0,-67,0,0,0,0,0,0,0,0,0,0,0,0,0,0,0,0,-133,0,0,0,0,0,0,0,0
214,0,6,0,0,0,0,0,26,-26,0,0,0,0,0,0,0,-8,3,0,0,0,0,10,140,0,0,0,0,0,12,-20,0,0,0,0,0,0,0,0,0,0,0,-209,0,0,-149,0,0,-5,1,0,-179,-37,0,0,52,1,0,-69,0,-6,0,0,-11,-474,0,0,0,28,0,0,0,0,0,0,5,0,0,0,124,0,0,18,0,0,1,-10,0,0,0,43,0,0,201,0,-34,0,-6,0,0,0,0,0,0,0,0,0,0,456,0,8,9,0,0,0,0,23,0,0,0,0,0,0,0,0,0,0,0
392,0,0,0,0,0,0,0,0,0,0,0,0,0,0,0,0,-19,0,0,0,0,0,0,0,0,0,0,0,0,0,0,0,0,0,0,0,0,0,0,0,0,0,0,0,0,0,0,0,0,0,0,0,0,0,0,0,-24,0,0,0,0,0,0,0,0,0,0,0,0,0,0,0,0,28,0,0,0,0,0,0,0,0,0,0,0,0,0,0,0,0,0,0,0,0,0,0,0,9,0,0,0,0,0,0,0,0,0,0,0,-10,0,0,0,0,0,41,0,43,33,0,21,0,-123,0,28,0,0,0
372,0,0,0,0,0,0,0,0,0,0,0,0,0,0,0,0,36,0,0,0,0,0,0,0,0,0,0,0,0,0,0,0,0,0,0,0,0,0,0,0,0,0,0,0,0,0,0,0,0,0,0,0,0,0,0,0,28,0,0,0,0,0,0,15,0,0,0,0,0,0,0,0,0,4,0,0,0,0,0,0,0,0,0,0,0,1,10,0,0,0,0,0,0,0,0,0,0,70,0,0,0,0,0,0,0,0,0,0,0,14,0,0,0,0,-41,0,0,317,24,0,-42,0,23,0,131,0,0,0
219,0,0,0,0,0,0,0,0,20,0,0,0,0,0,0,0,0,87,0,0,0,0,29,100,0,0,0,0,0,0,0,0,0,0,0,0,0,0,0,0,0,0,-1,0,0,0,0,0,0,-90,0,0,0,-39,0,0,0,0,0,-21,0,0,5,0,15,0,0,0,-45,0,0,0,0,0,0,9,0,0,0,-33,0,0,80,0,0,0,0,0,0,0,7,0,0,-61,0,5,0,0,-3,0,0,0,0,0,0,0,0,0,-27,0,-48,59,0,-23,0,0,0,0,0,0,0,0,0,0,0,0,-16,0
352,0,0,0,0,0,0,0,0,-2,0,0,0,0,0,0,0,12,0,0,0,0,0,0,0,0,0,0,0,0,0,0,0,0,0,0,0,0,0,0,0,0,0,0,0,0,0,-7,0,18,0,0,0,0,0,0,0,39,0,0,0,0,0,0,76,0,0,0,0,0,0,0,0,0,0,0,0,0,0,0,0,0,0,0,0,0,27,76,0,0,0,0,0,0,0,0,0,0,33,0,0,0,0,0,0,0,0,0,0,0,16,0,0,0,0,-43,-317,0,0,146,0,2,0,-62,0,317,0,0,0
312,0,0,0,0,0,0,0,35,114,0,0,0,0,0,0,0,-8,64,0,0,0,0,7,0,0,0,0,0,0,0,0,0,0,0,0,0,0,0,0,0,0,0,-2,0,0,2,2,0,3,0,0,0,3,0,0,0,98,0,0,0,0,0,0,57,3,0,0,0,0,0,0,0,0,0,0,0,0,0,0,0,0,0,0,0,0,31,75,0,0,0,0,0,0,0,0,0,0,179,0,0,0,11,0,0,0,0,0,0,0,42,0,0,0,0,-33,-24,0,-146,0,0,0,0,-25,0,-313,0,0,0
220,0,-2,0,0,0,0,0,0,0,0,30,0,0,341,-111,-40,0,0,0,0,0,0,0,0,0,0,0,0,0,-8,0,-30,0,0,0,0,114,0,0,0,0,0,0,0,-31,0,0,0,0,0,0,0,0,0,37,0,0,0,0,0,0,-46,0,0,0,0,0,11,0,0,0,0,0,0,-22,0,-63,0,0,0,-24,0,0,69,0,0,0,60,135,0,0,0,0,0,0,0,0,0,0,0,-136,0,-384,0,0,0,0,0,0,0,0,0,133,0,0,0,0,0,0,0,0,0,0,0,0,0,0,0
387,0,0,0,0,0,0,0,0,0,0,0,0,0,0,0,0,0,0,0,0,0,0,0,0,0,0,0,0,0,0,0,0,0,59,0,0,0,0,0,0,0,0,0,0,0,0,0,0,0,0,0,0,0,0,0,0,0,0,0,0,0,0,0,0,0,0,-14,0,0,0,12,-88,0,78,0,0,0,0,0,0,0,28,0,0,0,0,0,0,0,0,0,0,0,0,0,0,0,0,0,0,0,0,0,0,11,0,0,0,0,0,0,0,0,0,-21,42,0,-2,0,0,0,0,-36,0,0,0,0,1
399,0,0,0,0,0,0,0,0,0,0,0,0,0,0,0,0,0,0,0,0,0,0,0,0,0,0,0,0,0,0,0,0,0,0,0,0,0,0,0,0,0,0,0,0,0,0,54,0,0,0,0,0,0,0,0,0,0,0,0,0,0,0,0,0,0,0,0,0,0,0,0,0,0,0,0,0,0,0,0,0,0,0,0,0,0,0,0,0,0,0,0,0,0,0,0,0,0,0,0,0,0,-15,0,0,0,0,0,0,0,0,0,0,0,0,0,0,0,0,0,0,0,0,0,-59,0,0,0,0
393,0,0,0,0,0,0,0,0,0,0,0,0,0,0,0,0,-17,0,0,0,0,0,0,0,0,0,0,0,0,0,0,0,0,0,0,0,0,0,0,0,0,0,0,0,0,0,0,0,0,0,0,0,0,0,0,0,-44,0,0,0,0,0,0,0,0,0,0,0,0,0,0,0,0,0,0,0,0,0,0,0,0,0,0,0,0,0,-2,0,0,0,0,0,0,0,0,0,0,-19,0,0,0,0,0,0,0,0,0,0,0,-99,0,0,0,0,123,-23,0,62,25,0,36,0,0,0,39,0,0,0
338,0,0,0,0,0,0,0,0,0,0,0,0,0,0,0,0,24,0,0,0,0,0,0,0,0,0,0,0,0,0,0,0,0,0,0,0,0,0,0,0,0,0,0,0,0,0,-13,0,0,0,0,0,0,0,0,0,67,0,0,0,0,0,0,0,0,0,0,0,0,0,0,0,0,0,0,0,0,0,0,0,0,0,0,0,0,0,0,0,0,0,0,0,0,0,0,0,0,0,0,0,0,99,0,0,0,0,0,0,0,0,0,0,0,0,0,0,0,0,0,0,0,59,0,0,0,0,0,0
332,0,0,0,0,0,0,0,0,39,0,0,0,0,0,0,0,47,36,0,0,0,0,0,0,0,0,0,0,0,0,0,0,0,0,0,0,0,0,0,0,0,0,0,0,0,0,-1,0,84,0,0,0,0,0,0,0,40,0,0,0,0,0,0,28,0,0,0,0,0,0,0,0,0,0,0,0,0,0,0,0,0,0,0,0,0,80,35,0,0,0,0,0,0,0,0,0,0,108,0,0,0,-6,0,0,0,0,0,0,0,-7,0,0,0,0,-28,-131,0,-317,313,0,0,0,-39,0,0,0,0,0
5,0,0,0,0,-22,39,0,0,0,0,0,33,0,0,0,0,0,0,0,-12,0,0,0,0,0,283,0,37,-2,0,0,0,0,0,0,-11,0,0,-2,2,0,19,0,32,0,0,0,53,0,0,138,0,0,0,0,0,0,-1,0,0,0,0,0,0,0,0,0,0,0,192,0,0,0,0,0,0,0,0,0,0,0,0,0,0,-115,0,0,0,0,-30,0,0,0,0,7,0,0,0,0,0,0,0,0,0,0,0,0,0,0,0,0,0,0,0,0,0,0,0,0,0,0,0,0,0,0,0,0,0
139,0,0,0,0,0,0,0,0,0,0,0,0,0,0,0,0,0,0,0,0,0,0,0,-14,0,0,0,0,0,0,0,0,0,0,0,0,0,0,0,0,0,0,0,0,0,0,0,0,0,20,0,0,0,90,0,0,0,0,0,38,0,0,0,0,0,0,0,0,-16,0,0,0,0,0,0,-32,0,0,0,-22,0,0,0,0,0,0,0,0,0,0,-1,0,0,0,0,0,0,0,-110,16,0,0,0,0,0,0,0,0,0,0,0,4,0,0,0,0,16,0,0,0,0,0,0,0,0,0,0,0
361,0,0,0,0,0,0,0,0,0,0,0,0,0,0,68,1,0,0,0,0,0,0,0,0,0,0,0,0,0,0,0,68,0,-261,0,0,0,0,0,0,0,0,0,0,24,0,0,0,0,0,0,0,0,0,0,0,0,0,0,0,0,18,0,0,0,0,0,0,0,0,-92,0,0,-51,0,0,16,0,0,0,0,-8,0,0,0,0,0,0,0,0,0,0,0,0,0,0,0,0,0,0,16,0,1,0,0,0,0,0,0,0,0,0,0,0,0,0,0,0,0,0,-1,0,0,0,0,0,0,0
