method,query_id,src,dst,reachable,path_length,num_adjacent_edge_pairs,planning_path_cost,base_path_cost,pair_penalty_cost,mean_edge_proxy_score,min_edge_proxy_score,mean_heldout_support_lcb,min_heldout_support_lcb,mean_edge_policy_support_score,mean_edge_ood_score,mean_pair_termination_bridge_coverage,min_pair_termination_bridge_coverage,mean_pair_bridge_matches_per_first_segment,pair_strict_compatible_rate,pair_incompatible_fraction,low_pair_coverage_fraction,missing_pair_fraction,uncertified_edge_fraction,original_uncertified_edge_fraction,high_pair_risk_fraction,proxy_path_success,path_nodes,path_edge_ids,num_repair_edges,repair_edge_fraction,repair_certified_fraction,mean_repair_edge_proxy_score,min_repair_edge_proxy_score
support_shortest_path,0,229,404,True,4,3,11.773412719021717,11.773412719021717,30.0,0.1603966173466757,0.04302025914559615,0.11441244643951175,0.0,0.23479886480152118,0.5359062520795754,0.0,0.0,0.0,0.0,1.0,1.0,0.0,0.5,0.5,1.0,0.000160253000935633,229 149 42 405 404,907 592 252 1626,0,0.0,,,
support_shortest_path,1,7,380,False,0,0,,,0.0,,,,,,,,,,,,,,,,,0.0,,,0,,,,
support_shortest_path,2,401,477,False,0,0,,,0.0,,,,,,,,,,,,,,,,,0.0,,,0,,,,
support_shortest_path,3,315,106,True,4,3,12.831067154998287,12.831067154998287,28.867924528301888,0.38652106753250515,0.07607053333309882,0.2835038095746626,0.0513666006710006,0.472263143465109,0.3396950715010657,0.037735849056603765,0.0,0.16911250873515024,0.3333333333333333,0.6666666666666666,0.6666666666666666,0.0,0.25,0.25,1.0,0.008904415368454537,315 100 271 297 106,1264 400 1121 2298,1,0.25,1.0,0.5036237763228475,0.5036237763228475
support_shortest_path,4,428,224,True,3,2,12.11699475211007,12.11699475211007,20.0,0.2778901380393815,0.11225305433921032,0.25310296822603034,0.132797938655564,0.5110010969173039,0.5772812232448358,0.0,0.0,0.0,0.0,1.0,1.0,0.0,0.3333333333333333,0.3333333333333333,1.0,0.014228978333401945,428 474 309 224,1905 1795 1233,1,0.3333333333333333,1.0,0.3028061650597043,0.3028061650597043
support_shortest_path,5,327,27,False,0,0,,,0.0,,,,,,,,,,,,,,,,,0.0,,,0,,,,
support_shortest_path,6,55,461,False,0,0,,,0.0,,,,,,,,,,,,,,,,,0.0,,,0,,,,
support_shortest_path,7,64,67,False,0,0,,,0.0,,,,,,,,,,,,,,,,,0.0,,,0,,,,
support_shortest_path,8,440,380,False,0,0,,,0.0,,,,,,,,,,,,,,,,,0.0,,,0,,,,
support_shortest_path,9,0,470,True,4,3,14.554651747364954,14.554651747364954,30.0,0.39018264305220346,0.10473408603576015,0.4286673717970727,0.0252948962828377,0.6025557747677213,0.4139003030717753,0.0,0.0,0.0,0.0,1.0,1.0,0.0,0.25,0.25,1.0,0.009843799273993802,0 404 385 157 470,1919 1612 1525 1943,2,0.5,1.0,0.5682345070828279,0.39869970421262013
support_shortest_path,10,480,240,True,3,2,12.658113883008419,12.658113883008419,20.0,0.2744984650567314,0.1413380630628493,0.25146353534580407,0.1083575613353137,0.5715111326186841,0.5070052265399296,0.0,0.0,0.0,0.0,1.0,1.0,0.0,0.0,0.0,1.0,0.016408670470909603,480 157 85 240,2032 640 378,1,0.3333333333333333,1.0,0.1413380630628493,0.1413380630628493
support_shortest_path,11,67,207,True,5,4,17.50460124506089,17.50460124506089,40.0,0.2809700409530076,0.057103266781169455,0.21225082996154515,0.0,0.5092342816866672,0.37700433020956525,0.0,0.0,0.0,0.0,1.0,1.0,0.0,0.4,0.4,1.0,0.000633454814861178,67 361 251 113 196 207,2236 1433 999 429 823,1,0.2,1.0,0.4035989645410067,0.4035989645410067
support_shortest_path,12,152,177,True,4,3,17.38963174661092,17.38963174661092,30.0,0.2743681852992563,0.16090182212193185,0.2874729597762617,0.1459619439788536,0.717782277475445,0.5368773772948683,0.0,0.0,0.0,0.0,1.0,1.0,0.0,0.0,0.0,1.0,0.0037153078088866752,152 361 76 259 177,2146 2295 2192 2170,4,1.0,1.0,0.2743681852992563,0.16090182212193185
support_shortest_path,13,5,53,False,0,0,,,0.0,,,,,,,,,,,,,,,,,0.0,,,0,,,,
support_shortest_path,14,214,96,False,0,0,,,0.0,,,,,,,,,,,,,,,,,0.0,,,0,,,,
support_shortest_path,15,338,321,True,4,3,15.763710176427685,15.763710176427685,30.0,0.0773845506676721,0.04577028288004302,0.028736945192784975,0.0,0.18715548436038054,0.8041065333641627,0.0,0.0,0.0,0.0,1.0,1.0,0.0,0.75,0.75,1.0,1.995983571763958e-05,338 259 404 474 321,2195 1066 1616 1797,1,0.25,1.0,0.15813415874815206,0.15813415874815206
support_shortest_path,16,352,59,False,0,0,,,0.0,,,,,,,,,,,,,,,,,0.0,,,0,,,,
support_shortest_path,17,475,393,False,0,0,,,0.0,,,,,,,,,,,,,,,,,0.0,,,0,,,,
support_shortest_path,18,84,119,True,3,2,8.85470036730224,8.85470036730224,20.0,0.27637488937221416,0.07568421320218989,0.25166355239761456,0.0455860626446362,0.44722526313297806,0.5067618320393822,0.0,0.0,0.0,0.0,1.0,1.0,0.0,0.3333333333333333,0.3333333333333333,1.0,0.010619136791303795,84 316 404 119,369 1280 1923,1,0.3333333333333333,1.0,0.41684068859373125,0.41684068859373125
support_shortest_path,19,385,369,True,3,2,11.478559048254985,11.478559048254985,20.0,0.28279556861042615,0.24284650427587418,0.4535114478230817,0.2446969948652104,0.41769341708903945,0.5630968620299454,0.0,0.0,0.0,0.0,1.0,1.0,0.0,0.0,0.0,1.0,0.022193480828428504,385 157 161 369,1525 643 660,0,0.0,,,
support_shortest_path,20,402,500,True,5,4,15.492307619438783,15.492307619438783,40.0,0.2589870611644884,0.04498735636160621,0.14002490043987675,1.1814722454179233e-17,0.5753290761153936,0.4451084948862776,0.0,0.0,0.0,0.0,1.0,1.0,0.0,0.2,0.2,1.0,0.0003868974017140918,402 375 271 1 303 500,1595 1466 1108 9 1223,0,0.0,,,
support_shortest_path,21,389,98,True,2,1,7.0101100286299705,7.0101100286299705,10.0,0.14753588798426814,0.056922964704514405,0.02956749009417985,0.0,0.26291220258809905,0.45794417465108045,0.0,0.0,0.0,0.0,1.0,1.0,0.0,0.5,0.5,1.0,0.01355613637800398,389 208 98,1549 869,0,0.0,,,
support_shortest_path,22,372,506,True,4,3,16.968632211564884,16.968632211564884,26.153846153846153,0.3354872517110893,0.20813441754886028,0.26137399399935807,0.0252948962828377,0.8566488404968858,0.26920158429534,0.1282051282051282,0.0,0.19999999999999998,0.3333333333333333,0.6666666666666666,0.6666666666666666,0.0,0.0,0.0,1.0,0.01118459209254953,372 404 169 156 506,1922 1603 710 2366,2,0.5,1.0,0.3699414875074717,0.3488746062015166
support_shortest_path,23,311,203,True,4,3,11.766864351995725,11.766864351995725,30.0,0.311789689158537,0.1954631210731458,0.13363864629592398,0.0125193461800457,0.7504645668229677,0.1710483891195525,0.0,0.0,0.0,0.0,1.0,1.0,0.0,0.25,0.25,1.0,0.008150990104018381,311 171 271 1 203,1247 736 1108 2,0,0.0,,,
support_shortest_path,24,421,192,True,4,3,15.91425658033209,15.91425658033209,29.583333333333336,0.43933633063280186,0.2248810695546855,0.503521594061086,0.2741724175799633,0.8208534120155224,0.309241932161027,0.013888888888888867,0.0,0.013888888888888867,0.3333333333333333,0.6666666666666666,1.0,0.0,0.0,0.0,1.0,0.02558341281073284,421 199 363 271 192,2027 2037 2023 2048,4,1.0,1.0,0.43933633063280186,0.2248810695546855
support_shortest_path,25,327,98,True,4,3,14.521367033968907,14.521367033968907,30.0,0.14930325247148224,0.042526787154121615,0.13036352454606648,0.0,0.26335444105064554,0.7552286296703369,0.0,0.0,0.0,0.0,1.0,1.0,0.0,0.75,0.75,1.0,0.00017304437330859827,327 494 199 402 98,2353 1851 842 1587,1,0.25,1.0,0.3330397462274176,0.3330397462274176
support_shortest_path,26,327,507,True,3,2,10.739178263864947,10.739178263864947,20.0,0.2956059671695763,0.25953291434490294,0.24896012842683968,0.0536414429410556,0.7905458611899526,0.3584771552693769,0.0,0.0,0.0,0.0,1.0,1.0,0.0,0.0,0.0,1.0,0.025288663272684708,327 149 171 507,2380 597 2161,2,0.6666666666666666,1.0,0.30185594295920204,0.25953291434490294
support_shortest_path,27,390,300,True,5,4,15.381078962952675,15.381078962952675,40.0,0.11992936609972057,0.06088611202237137,0.05170488149164182,0.0,0.2985362498465761,0.6520818327571982,0.0,0.0,0.0,0.0,1.0,1.0,0.0,0.6,0.6,1.0,1.1769967293105477e-05,390 149 415 509 361 300,1559 604 1666 1894 2299,1,0.2,1.0,0.16534492132958978,0.16534492132958978
support_shortest_path,28,39,36,False,0,0,,,0.0,,,,,,,,,,,,,,,,,0.0,,,0,,,,
support_shortest_path,29,147,395,False,0,0,,,0.0,,,,,,,,,,,,,,,,,0.0,,,0,,,,
support_shortest_path,30,184,40,True,6,5,18.246877321464574,18.246877321464574,50.0,0.23831874120921767,0.059068373758498494,0.16830718708804962,0.0,0.4585266480876877,0.4263075452544815,0.0,0.0,0.0,0.0,1.0,1.0,0.0,0.5,0.5,1.0,4.4041614869107344e-05,184 8 171 271 1 303 40,796 61 736 1108 9 1221,0,0.0,,,
support_shortest_path,31,39,208,True,3,2,12.454147965839033,12.454147965839033,19.25,0.1353773956076101,0.05359305898679368,0.059031488604122696,0.0,0.26168413930556117,0.6749888571946613,0.0375,0.0,0.0625,0.5,0.5,0.5,0.0,0.6666666666666666,0.6666666666666666,1.0,0.0009018290764654405,39 404 389 208,241 1614 1549,0,0.0,,,
support_shortest_path,32,432,48,True,4,3,13.150170175589434,13.150170175589434,30.0,0.20371838687589458,0.03624076486825811,0.16176177121296312,0.0,0.2413386746175904,0.5404607929067998,0.0,0.0,0.0,0.0,1.0,1.0,0.0,0.5,0.5,1.0,0.00025174731478910947,432 7 290 8 48,1678 49 1172 2112,1,0.25,1.0,0.5331549927566084,0.5331549927566084
support_shortest_path,33,97,400,False,0,0,,,0.0,,,,,,,,,,,,,,,,,0.0,,,0,,,,
support_shortest_path,34,401,301,False,0,0,,,0.0,,,,,,,,,,,,,,,,,0.0,,,0,,,,
support_shortest_path,35,67,256,True,3,2,12.516571708814839,12.516571708814839,10.144736842105264,0.424006269365802,0.3666408120795737,0.28533634307515926,0.1850640139048809,0.8409077282358605,0.327632206251245,0.49276315789473685,0.375,1.6875,1.0,0.0,0.0,0.0,0.0,0.0,0.5,0.0742511797556154,67 361 245 256,2236 1432 967,1,0.3333333333333333,1.0,0.4035989645410067,0.4035989645410067
support_shortest_path,36,443,446,False,0,0,,,0.0,,,,,,,,,,,,,,,,,0.0,,,0,,,,
support_shortest_path,37,257,214,False,0,0,,,0.0,,,,,,,,,,,,,,,,,0.0,,,0,,,,
support_shortest_path,38,246,495,False,0,0,,,0.0,,,,,,,,,,,,,,,,,0.0,,,0,,,,
support_shortest_path,39,471,261,True,4,3,14.73889068190897,14.73889068190897,27.92,0.2959856172267106,0.07178103950813923,0.14599295938272985,0.0,0.6495190062037214,0.3043381799766147,0.06933333333333333,0.0,0.128,0.3333333333333333,0.6666666666666666,0.6666666666666666,0.0,0.5,0.5,1.0,0.002857091966293103,471 179 488 321 261,2386 790 1839 1318,1,0.25,1.0,0.5325516359097218,0.5325516359097218
support_shortest_path,40,494,45,False,0,0,,,0.0,,,,,,,,,,,,,,,,,0.0,,,0,,,,
support_shortest_path,41,117,182,False,0,0,,,0.0,,,,,,,,,,,,,,,,,0.0,,,0,,,,
support_shortest_path,42,453,511,False,0,0,,,0.0,,,,,,,,,,,,,,,,,0.0,,,0,,,,
support_shortest_path,43,152,51,True,2,1,7.446789017603232,7.446789017603232,10.0,0.4622215125183587,0.41288332879212664,0.5235223136935461,0.4102211973594734,0.8906912359185459,0.2799159040978783,0.0,0.0,0.0,0.0,1.0,1.0,0.0,0.0,0.0,1.0,0.21121447026135579,152 361 51,2146 2219,2,1.0,1.0,0.4622215125183587,0.41288332879212664
support_shortest_path,44,441,326,True,3,2,12.806940131083312,12.806940131083312,20.0,0.20835446542313182,0.044524075731940074,0.16709053413529626,0.0,0.4470727935269811,0.3877197202949872,0.0,0.0,0.0,0.0,1.0,1.0,0.0,0.3333333333333333,0.3333333333333333,1.0,0.003750420837663122,441 157 28 326,1975 636 177,1,0.3333333333333333,1.0,0.2950580217873796,0.2950580217873796
support_shortest_path,45,423,254,False,0,0,,,0.0,,,,,,,,,,,,,,,,,0.0,,,0,,,,
support_shortest_path,46,147,26,True,2,1,8.111752280340436,8.111752280340436,10.0,0.13146289866928854,0.057516278274348465,0.07284312921726095,0.0,0.41516385806105,0.5352141590254111,0.0,0.0,0.0,0.0,1.0,1.0,0.0,1.0,1.0,1.0,0.011814391058698259,147 227 26,585 901,0,0.0,,,
support_shortest_path,47,97,484,False,0,0,,,0.0,,,,,,,,,,,,,,,,,0.0,,,0,,,,
support_shortest_path,48,327,458,False,0,0,,,0.0,,,,,,,,,,,,,,,,,0.0,,,0,,,,
support_shortest_path,49,385,308,True,3,2,9.056766003060186,9.056766003060186,20.0,0.23860559735744813,0.07568421320218989,0.2122196977090395,0.0455860626446362,0.33328649250290027,0.42068833486693474,0.0,0.0,0.0,0.0,1.0,1.0,0.0,0.3333333333333333,0.3333333333333333,1.0,0.007622437808564327,385 316 404 308,1530 1280 1925,1,0.3333333333333333,1.0,0.36164417828444373,0.36164417828444373
support_shortest_path,50,39,73,False,0,0,,,0.0,,,,,,,,,,,,,,,,,0.0,,,0,,,,
support_shortest_path,51,366,5,False,0,0,,,0.0,,,,,,,,,,,,,,,,,0.0,,,0,,,,
support_shortest_path,52,231,355,True,3,2,9.341474964412573,9.341474964412573,20.0,0.2515346132548389,0.0646304801433675,0.15307482420955418,0.0,0.4804374412104851,0.452969697831616,0.0,0.0,0.0,0.0,1.0,1.0,0.0,0.3333333333333333,0.3333333333333333,1.0,0.0074421382218257375,231 171 271 355,2187 736 1122,1,0.3333333333333333,1.0,0.40716997211558986,0.40716997211558986
support_shortest_path,53,67,399,False,0,0,,,0.0,,,,,,,,,,,,,,,,,0.0,,,0,,,,
support_shortest_path,54,420,267,False,0,0,,,0.0,,,,,,,,,,,,,,,,,0.0,,,0,,,,
support_shortest_path,55,394,399,False,0,0,,,0.0,,,,,,,,,,,,,,,,,0.0,,,0,,,,
support_shortest_path,56,280,494,False,0,0,,,0.0,,,,,,,,,,,,,,,,,0.0,,,0,,,,
support_shortest_path,57,389,319,True,3,2,9.501959329924256,9.501959329924256,16.53846153846154,0.3695207250060241,0.3346243685340569,0.12112483096325989,0.083273228759258,0.8158677969360649,0.14164991121847345,0.17307692307692304,0.0,0.6923076923076923,0.5,0.5,0.5,0.0,0.0,0.0,1.0,0.04965312089342222,389 58 186 319,1544 287 816,0,0.0,,,
support_shortest_path,58,10,239,False,0,0,,,0.0,,,,,,,,,,,,,,,,,0.0,,,0,,,,
support_shortest_path,59,260,247,True,3,2,10.961453480938491,10.961453480938491,20.0,0.24502503513844712,0.15010770061798606,0.2811301940784345,0.2555050493330724,0.5273737261512254,0.5409974481322576,0.0,0.0,0.0,0.0,1.0,1.0,0.0,0.0,0.0,1.0,0.012760232910954895,260 157 402 247,1993 652 1591,1,0.3333333333333333,1.0,0.26925586843309196,0.26925586843309196
support_shortest_path,60,352,293,True,4,3,13.923352130247466,13.923352130247466,30.0,0.37596102908310713,0.24654233360025687,0.38635300536269335,0.1496835746443581,0.5617088375176306,0.3859289894399577,0.0,0.0,0.0,0.0,1.0,1.0,0.0,0.0,0.0,1.0,0.017261225386025664,352 85 375 271 293,1385 382 1466 2113,1,0.25,1.0,0.5002300866596338,0.5002300866596338
support_shortest_path,61,441,458,False,0,0,,,0.0,,,,,,,,,,,,,,,,,0.0,,,0,,,,
support_shortest_path,62,394,46,True,3,2,11.519674582402125,11.519674582402125,20.0,0.29898337847615625,0.05837092118892877,0.19746411395880623,0.0,0.5535970891943426,0.27551800572771357,0.0,0.0,0.0,0.0,1.0,1.0,0.0,0.3333333333333333,0.3333333333333333,1.0,0.010121477884352949,394 171 26 46,2143 724 162,1,0.3333333333333333,1.0,0.4683248733910798,0.4683248733910798
support_shortest_path,63,48,462,True,3,2,10.946659770268266,10.946659770268266,20.0,0.14064976200478022,0.07455524746981906,0.048133427891525866,0.0,0.5381136661429521,0.39364088804948166,0.0,0.0,0.0,0.0,1.0,1.0,0.0,0.6666666666666666,0.6666666666666666,1.0,0.0022324599259165813,48 151 494 462,1959 619 1860,1,0.3333333333333333,1.0,0.15863199320713584,0.15863199320713584
support_shortest_path,64,143,271,True,3,2,8.052042128964924,8.052042128964924,20.0,0.22352126782348614,0.05665224814307634,0.12764851745847824,0.0,0.5052827861611053,0.3589817474448105,0.0,0.0,0.0,0.0,1.0,1.0,0.0,0.3333333333333333,0.3333333333333333,1.0,0.005313031280850212,143 161 369 271,551 660 1446,0,0.0,,,
support_shortest_path,65,494,434,False,0,0,,,0.0,,,,,,,,,,,,,,,,,0.0,,,0,,,,
support_shortest_path,66,327,7,True,3,2,9.527525572359398,9.527525572359398,20.0,0.12121200486532406,0.043216988228697864,0.0756726242748338,0.0,0.26735139600570074,0.7083406568455187,0.0,0.0,0.0,0.0,1.0,1.0,0.0,0.6666666666666666,0.6666666666666666,1.0,0.0006829126913021072,327 149 415 7,2380 604 1651,1,0.3333333333333333,1.0,0.25953291434490294,0.25953291434490294
support_shortest_path,67,401,377,False,0,0,,,0.0,,,,,,,,,,,,,,,,,0.0,,,0,,,,
support_shortest_path,68,62,509,False,0,0,,,0.0,,,,,,,,,,,,,,,,,0.0,,,0,,,,
support_shortest_path,69,436,343,False,0,0,,,0.0,,,,,,,,,,,,,,,,,0.0,,,0,,,,
support_shortest_path,70,509,385,True,3,2,9.755928946018457,9.755928946018457,20.0,0.12257880126132381,0.06629816744709068,0.042697268350742966,0.0,0.2606583612543079,0.640154770886317,0.0,0.0,0.0,0.0,1.0,1.0,0.0,0.6666666666666666,0.6666666666666666,1.0,0.0010929404099578692,509 361 217 385,1894 1430 888,0,0.0,,,
support_shortest_path,71,142,473,False,0,0,,,0.0,,,,,,,,,,,,,,,,,0.0,,,0,,,,
support_shortest_path,72,252,244,False,0,0,,,0.0,,,,,,,,,,,,,,,,,0.0,,,0,,,,
support_shortest_path,73,372,480,False,0,0,,,0.0,,,,,,,,,,,,,,,,,0.0,,,0,,,,
support_shortest_path,74,62,505,False,0,0,,,0.0,,,,,,,,,,,,,,,,,0.0,,,0,,,,
support_shortest_path,75,287,188,False,0,0,,,0.0,,,,,,,,,,,,,,,,,0.0,,,0,,,,
support_shortest_path,76,366,117,True,3,2,11.718090868465374,11.718090868465374,20.0,0.40626772253885696,0.3888214500266896,0.46721121033782415,0.4102211973594734,0.8402335514017416,0.32971912973660084,0.0,0.0,0.0,0.0,1.0,1.0,0.0,0.0,0.0,1.0,0.06696009717564114,366 361 51 117,2217 2219 2136,3,1.0,1.0,0.40626772253885696,0.3888214500266896
support_shortest_path,77,455,356,False,0,0,,,0.0,,,,,,,,,,,,,,,,,0.0,,,0,,,,
support_shortest_path,78,62,241,False,0,0,,,0.0,,,,,,,,,,,,,,,,,0.0,,,0,,,,
support_shortest_path,79,62,467,False,0,0,,,0.0,,,,,,,,,,,,,,,,,0.0,,,0,,,,
support_shortest_path,80,352,335,True,3,2,11.955122314805838,11.955122314805838,20.0,0.18718378811185957,0.057303661491704905,0.1619276694558279,0.0,0.24274525498070176,0.6421856406482035,0.0,0.0,0.0,0.0,1.0,1.0,0.0,0.3333333333333333,0.3333333333333333,1.0,0.0030865501029519187,352 404 383 335,1395 1611 1517,0,0.0,,,
support_shortest_path,81,115,94,True,2,1,7.643950550859379,7.643950550859379,10.0,0.19821276254191966,0.06672451942072026,0.2432220394564197,0.0,0.31054816723943446,0.4940470194154483,0.0,0.0,0.0,0.0,1.0,1.0,0.0,0.5,0.5,1.0,0.021999141155399787,115 402 94,444 2080,1,0.5,1.0,0.32970100566311905,0.32970100566311905
support_shortest_path,82,327,288,True,3,2,9.609151428921216,9.609151428921216,18.27102803738318,0.39051544671153887,0.25953291434490294,0.3201223803990217,0.1988583725748604,0.6348003621185917,0.34027503002530346,0.0864485981308411,0.0,0.4742990654205608,0.5,0.5,0.5,0.0,0.0,0.0,1.0,0.049749611969703726,327 149 230 288,2380 599 923,1,0.3333333333333333,1.0,0.25953291434490294,0.25953291434490294
support_shortest_path,83,352,37,True,2,1,6.485598559653489,6.485598559653489,10.0,0.12463505179284998,0.05901408123049082,0.0750178544100857,0.0,0.1835501261634873,0.6518868735531136,0.0,0.0,0.0,0.0,1.0,1.0,0.0,0.5,0.5,1.0,0.011227784357860388,352 24 37,1384 156,0,0.0,,,
support_shortest_path,84,62,293,False,0,0,,,0.0,,,,,,,,,,,,,,,,,0.0,,,0,,,,
support_shortest_path,85,161,194,False,0,0,,,0.0,,,,,,,,,,,,,,,,,0.0,,,0,,,,
support_shortest_path,86,327,98,True,4,3,14.521367033968907,14.521367033968907,30.0,0.14930325247148224,0.042526787154121615,0.13036352454606648,0.0,0.26335444105064554,0.7552286296703369,0.0,0.0,0.0,0.0,1.0,1.0,0.0,0.75,0.75,1.0,0.00017304437330859827,327 494 199 402 98,2353 1851 842 1587,1,0.25,1.0,0.3330397462274176,0.3330397462274176
support_shortest_path,87,352,185,True,4,3,16.11037947736989,16.11037947736989,30.0,0.20016669460666034,0.05766233058871472,0.15699636006490178,0.0328790800129209,0.5596426441971695,0.679013863358199,0.0,0.0,0.0,0.0,1.0,1.0,0.0,0.5,0.5,1.0,0.0006676474179690657,352 494 438 259 185,1397 2371 2139 2225,3,0.75,0.6666666666666666,0.24766814927930889,0.11894946179457555
support_shortest_path,88,391,448,True,4,3,14.89596516636665,14.89596516636665,30.0,0.29918642896303976,0.06964621066828165,0.2010145134086956,0.0,0.5263379077990381,0.41927475397053815,0.0,0.0,0.0,0.0,1.0,1.0,0.0,0.25,0.25,1.0,0.003466753220602669,391 415 149 171 448,2292 1655 597 2233,2,0.5,1.0,0.4219967447967762,0.37447844637635824
support_shortest_path,89,117,197,False,0,0,,,0.0,,,,,,,,,,,,,,,,,0.0,,,0,,,,
support_shortest_path,90,494,172,True,3,2,9.734616314799982,9.734616314799982,20.0,0.17883496831855394,0.056149270472038874,0.04049313006837857,0.0,0.48552504493959964,0.287568326406686,0.0,0.0,0.0,0.0,1.0,1.0,0.0,0.6666666666666666,0.6666666666666666,1.0,0.0031267271436256562,494 311 171 172,1855 1247 732,0,0.0,,,
support_shortest_path,91,152,246,True,4,3,14.948300362180998,14.948300362180998,29.285714285714285,0.44369345624889817,0.3888214500266896,0.4853092272758199,0.3710451126615178,0.8480863805019065,0.3152081554503092,0.023809523809523798,0.0,0.023809523809523798,0.3333333333333333,0.6666666666666666,0.6666666666666666,0.0,0.0,0.0,1.0,0.03790132456849553,152 361 51 117 246,2146 2219 2136 2172,4,1.0,1.0,0.44369345624889817,0.3888214500266896
support_shortest_path,92,7,349,True,4,3,15.25577445324372,15.25577445324372,30.0,0.21432341853865844,0.057877935570411036,0.17061428934601808,0.0,0.4321697766343733,0.48431080635229384,0.0,0.0,0.0,0.0,1.0,1.0,0.0,0.25,0.25,1.0,0.0009558743642955494,7 77 205 259 349,43 338 851 2111,1,0.25,1.0,0.38498345740957274,0.38498345740957274
support_shortest_path,93,478,261,True,4,3,14.585503653179677,14.585503653179677,30.0,0.20130798946577338,0.05305899673734195,0.0875866375210212,0.0,0.6469666308962745,0.5082891393351497,0.0,0.0,0.0,0.0,1.0,1.0,0.0,0.25,0.25,1.0,0.000709611301694118,478 74 121 481 261,2053 322 473 1806,1,0.25,1.0,0.16502115086962113,0.16502115086962113
support_shortest_path,94,436,332,False,0,0,,,0.0,,,,,,,,,,,,,,,,,0.0,,,0,,,,
support_shortest_path,95,440,117,True,3,2,10.562948828843115,10.562948828843115,20.0,0.09930058212582722,0.036741750671796206,0.09999610711384287,0.0,0.2792892558965697,0.6957821431858154,0.0,0.0,0.0,0.0,1.0,1.0,0.0,1.0,1.0,1.0,0.00034691446839400325,440 263 405 117,1709 1088 1621,0,0.0,,,
support_shortest_path,96,230,129,True,3,2,10.351615044897493,10.351615044897493,16.470588235294116,0.3983929229614527,0.35514584659385773,0.14188885139581806,0.065326253498713,0.8049640029787374,0.16113173622276078,0.1764705882352941,0.0,0.6823529411764706,0.5,0.5,0.5,0.0,0.0,0.0,1.0,0.0621379625586894,230 22 179 129,914 138 783,0,0.0,,,
support_shortest_path,97,287,349,False,0,0,,,0.0,,,,,,,,,,,,,,,,,0.0,,,0,,,,
support_shortest_path,98,287,249,False,0,0,,,0.0,,,,,,,,,,,,,,,,,0.0,,,0,,,,
support_shortest_path,99,390,467,True,3,2,11.230463043341832,11.230463043341832,20.0,0.1419421712319893,0.08341630987532739,0.09446139119268389,0.0,0.280322964793382,0.4649503973037638,0.0,0.0,0.0,0.0,1.0,1.0,0.0,0.6666666666666666,0.6666666666666666,1.0,0.00186513854053865,390 294 117 467,1566 1187 2213,1,0.3333333333333333,1.0,0.2545824855392185,0.2545824855392185
calibrated_compat_penalized,0,229,404,True,4,3,75.31987372173734,12.3354861483583,30.0,0.22951704324193783,0.07568421320218989,0.1857840442173682,0.0455860626446362,0.30477980830541745,0.44505406788867197,0.0,0.0,0.0,0.0,1.0,1.0,0.0,0.25,0.25,1.0,0.001644737151971712,229 157 402 316 404,908 652 1593 1280,0,0.0,,,
calibrated_compat_penalized,1,7,380,False,0,0,,,0.0,,,,,,,,,,,,,,,,,0.0,,,0,,,,
calibrated_compat_penalized,2,401,477,False,0,0,,,0.0,,,,,,,,,,,,,,,,,0.0,,,0,,,,
calibrated_compat_penalized,3,315,106,True,4,3,66.37758718266976,12.831067154998287,28.867924528301888,0.38652106753250515,0.07607053333309882,0.2835038095746626,0.0513666006710006,0.472263143465109,0.3396950715010657,0.037735849056603765,0.0,0.16911250873515024,0.3333333333333333,0.6666666666666666,0.6666666666666666,0.0,0.25,0.25,1.0,0.008904415368454537,315 100 271 297 106,1264 400 1121 2298,1,0.25,1.0,0.5036237763228475,0.5036237763228475
calibrated_compat_penalized,4,428,224,True,3,2,63.287906766814665,12.827705818238453,19.673913043478258,0.30574574957694967,0.2482456443124753,0.17094449259223823,0.0371176920547995,0.6293245144867458,0.37497943207422635,0.01630434782608695,0.0,0.01630434782608695,0.5,0.5,1.0,0.0,0.0,0.0,1.0,0.02752627356057945,428 474 385 224,1905 1798 1527,1,0.3333333333333333,1.0,0.3028061650597043,0.3028061650597043
calibrated_compat_penalized,5,327,27,False,0,0,,,0.0,,,,,,,,,,,,,,,,,0.0,,,0,,,,
calibrated_compat_penalized,6,55,461,False,0,0,,,0.0,,,,,,,,,,,,,,,,,0.0,,,0,,,,
calibrated_compat_penalized,7,64,67,False,0,0,,,0.0,,,,,,,,,,,,,,,,,0.0,,,0,,,,
calibrated_compat_penalized,8,440,380,False,0,0,,,0.0,,,,,,,,,,,,,,,,,0.0,,,0,,,,
calibrated_compat_penalized,9,0,470,True,4,3,72.59184120406604,15.876098382943669,23.65853658536585,0.37519536041403523,0.19287442037696115,0.2920800517090256,0.0447583888450201,0.610510683587065,0.26837343424055315,0.21138211382113822,0.0,2.02710027100271,0.3333333333333333,0.6666666666666666,0.6666666666666666,0.0,0.0,0.0,0.6666666666666666,0.010684199774974219,0 474 279 157 470,1902 1794 1147 1943,2,0.5,1.0,0.5507267147484108,0.3636841195437862
calibrated_compat_penalized,10,480,240,True,3,2,67.10915810709484,12.658113883008419,20.0,0.2744984650567314,0.1413380630628493,0.25146353534580407,0.1083575613353137,0.5715111326186841,0.5070052265399296,0.0,0.0,0.0,0.0,1.0,1.0,0.0,0.0,0.0,1.0,0.016408670470909603,480 157 85 240,2032 640 378,1,0.3333333333333333,1.0,0.1413380630628493,0.1413380630628493
calibrated_compat_penalized,11,67,207,True,6,5,101.40640460557869,22.23214331717319,34.95014101531024,0.4187072081424239,0.3140060449982681,0.31141869363465063,0.162043363176547,0.6785290914522353,0.3088785116659685,0.3009971796937953,0.0,0.85068725593504,0.8,0.2,0.4,0.0,0.0,0.0,0.8,0.004738463283245825,67 361 381 449 113 196 207,2236 1437 1491 1716 429 823,1,0.16666666666666666,1.0,0.4035989645410067,0.4035989645410067
calibrated_compat_penalized,12,152,177,True,4,3,96.55804840660755,17.38963174661092,30.0,0.2743681852992563,0.16090182212193185,0.2874729597762617,0.1459619439788536,0.717782277475445,0.5368773772948683,0.0,0.0,0.0,0.0,1.0,1.0,0.0,0.0,0.0,1.0,0.0037153078088866752,152 361 76 259 177,2146 2295 2192 2170,4,1.0,1.0,0.2743681852992563,0.16090182212193185
calibrated_compat_penalized,13,5,53,False,0,0,,,0.0,,,,,,,,,,,,,,,,,0.0,,,0,,,,
calibrated_compat_penalized,14,214,96,False,0,0,,,0.0,,,,,,,,,,,,,,,,,0.0,,,0,,,,
calibrated_compat_penalized,15,338,321,True,5,4,103.2020140022765,20.06221882512969,31.818181818181817,0.26514359859496006,0.15813415874815206,0.18539919571620306,0.0265182087969472,0.7941988729046343,0.4929694327861352,0.20454545454545456,0.0,0.8227272727272728,0.25,0.75,0.75,0.0,0.0,0.0,0.75,0.0008154095995425205,338 259 366 361 319 321,2195 2156 2217 1436 1307,3,0.6,1.0,0.24889445119584028,0.15813415874815206
calibrated_compat_penalized,16,352,59,False,0,0,,,0.0,,,,,,,,,,,,,,,,,0.0,,,0,,,,
calibrated_compat_penalized,17,475,393,False,0,0,,,0.0,,,,,,,,,,,,,,,,,0.0,,,0,,,,
calibrated_compat_penalized,18,84,119,True,3,2,53.08776987382989,8.85470036730224,20.0,0.27637488937221416,0.07568421320218989,0.25166355239761456,0.0455860626446362,0.44722526313297806,0.5067618320393822,0.0,0.0,0.0,0.0,1.0,1.0,0.0,0.3333333333333333,0.3333333333333333,1.0,0.010619136791303795,84 316 404 119,369 1280 1923,1,0.3333333333333333,1.0,0.41684068859373125,0.41684068859373125
calibrated_compat_penalized,19,385,369,True,3,2,45.92225986794835,13.105498860309243,5.938086303939964,0.35548959927311713,0.27057683965279494,0.24102786817526953,0.0532325799734082,0.49788825928081337,0.32393585705625083,0.7030956848030019,0.5769230769230769,4.0046904315197,1.0,0.0,0.0,0.0,0.0,0.0,0.0,0.04118491745636009,385 157 375 369,1525 650 1468,0,0.0,,,
calibrated_compat_penalized,20,402,500,True,5,4,101.24741666656169,15.492307619438783,40.0,0.2589870611644884,0.04498735636160621,0.14002490043987675,1.1814722454179233e-17,0.5753290761153936,0.4451084948862776,0.0,0.0,0.0,0.0,1.0,1.0,0.0,0.2,0.2,1.0,0.0003868974017140918,402 375 271 1 303 500,1595 1466 1108 9 1223,0,0.0,,,
calibrated_compat_penalized,21,389,98,True,2,1,33.862915407823735,8.205999788000636,10.0,0.35316804153716014,0.2683298102262145,0.11358398628820776,0.0543799444715402,0.6318260937865163,0.21432962581454207,0.0,0.0,0.0,0.0,1.0,1.0,0.0,0.0,0.0,1.0,0.11753014007122375,389 296 98,1550 1198,0,0.0,,,
calibrated_compat_penalized,22,372,506,True,5,4,79.23396943371762,18.98517858131858,28.28105574980575,0.5117204689539114,0.3488746062015166,0.478089141178528,0.1328663763104895,0.871727092040317,0.2039735553389143,0.2929736062548563,0.0,0.8918366355866356,0.75,0.25,0.5,0.0,0.0,0.0,0.5,0.027197719324442815,372 404 169 302 156 506,1922 1603 2365 2278 2366,4,0.8,1.0,0.5411676826222509,0.3488746062015166
calibrated_compat_penalized,23,311,203,True,4,3,72.21702513013801,11.766864351995725,30.0,0.311789689158537,0.1954631210731458,0.13363864629592398,0.0125193461800457,0.7504645668229677,0.1710483891195525,0.0,0.0,0.0,0.0,1.0,1.0,0.0,0.25,0.25,1.0,0.008150990104018381,311 171 271 1 203,1247 736 1108 2,0,0.0,,,
calibrated_compat_penalized,24,421,192,True,4,3,74.66521870293974,16.798333882554925,29.09090909090909,0.5299603282026517,0.30484684803127743,0.5587400058886665,0.313919929354883,0.8444911231543715,0.2520661073533368,0.0303030303030303,0.0,0.16666666666666666,0.3333333333333333,0.6666666666666666,0.6666666666666666,0.0,0.0,0.0,1.0,0.06621344154744785,421 199 278 271 192,2027 1961 2095 2048,4,1.0,1.0,0.5299603282026517,0.30484684803127743
calibrated_compat_penalized,25,327,98,True,5,4,99.50864649770205,19.041632627332802,33.8788357218039,0.2927706206906359,0.08937169980498386,0.1709105799909783,0.0543799444715402,0.4752891059382313,0.3926248443035223,0.15302910695490243,0.0,1.8012610314954256,0.5,0.5,0.5,0.0,0.2,0.2,1.0,0.001190095888067762,327 494 474 385 296 98,2353 1861 1798 1529 1198,1,0.2,1.0,0.3330397462274176,0.3330397462274176
calibrated_compat_penalized,26,327,507,True,3,2,57.236908778347185,10.739178263864947,20.0,0.2956059671695763,0.25953291434490294,0.24896012842683968,0.0536414429410556,0.7905458611899526,0.3584771552693769,0.0,0.0,0.0,0.0,1.0,1.0,0.0,0.0,0.0,1.0,0.025288663272684708,327 149 171 507,2380 597 2161,2,0.6666666666666666,1.0,0.30185594295920204,0.25953291434490294
calibrated_compat_penalized,27,390,300,True,5,4,73.64137659821418,19.51630011821204,22.749712147380542,0.4590230204111177,0.3777306782946388,0.25239905378627703,0.1025616669955304,0.7793231891890332,0.1684518053394251,0.4312571963154864,0.0,1.6552643869868038,0.75,0.25,0.25,0.0,0.0,0.0,0.75,0.017329023774892913,390 22 31 463 243 300,1555 130 204 1761 2116,1,0.2,1.0,0.7166212310538341,0.7166212310538341
calibrated_compat_penalized,28,39,36,False,0,0,,,0.0,,,,,,,,,,,,,,,,,0.0,,,0,,,,
calibrated_compat_penalized,29,147,395,False,0,0,,,0.0,,,,,,,,,,,,,,,,,0.0,,,0,,,,
calibrated_compat_penalized,30,184,40,True,6,5,113.70407612282575,21.010630323432352,43.0,0.36851963360707063,0.08235297878672791,0.30562529606577904,0.0,0.5764521452570609,0.3643854196744296,0.13999999999999999,0.0,0.8266666666666668,0.2,0.8,0.8,0.0,0.16666666666666666,0.16666666666666666,0.8,0.0011218268335329525,184 230 100 271 1 362 40,802 918 400 1108 11 1439,0,0.0,,,
calibrated_compat_penalized,31,39,208,True,4,3,74.86529076010993,14.861903528595633,21.452513966480446,0.30624120830898743,0.10473408603576015,0.13104267352435145,0.0252948962828377,0.5613701142645011,0.3979350524715992,0.28491620111731847,0.0,2.02048417132216,0.3333333333333333,0.6666666666666666,0.6666666666666666,0.0,0.25,0.25,0.6666666666666666,0.0052624051279309605,39 404 385 296 208,241 1612 1529 1200,0,0.0,,,
calibrated_compat_penalized,32,432,48,True,4,3,79.65874211952972,14.8902802196224,30.0,0.37712771249302435,0.2756064878448184,0.4258821789324725,0.1941442787871515,0.5507120989149424,0.32514214032161565,0.0,0.0,0.0,0.0,1.0,1.0,0.0,0.0,0.0,1.0,0.01767268769620103,432 157 230 8 48,1681 647 913 2112,1,0.25,1.0,0.5331549927566084,0.5331549927566084
calibrated_compat_penalized,33,97,400,False,0,0,,,0.0,,,,,,,,,,,,,,,,,0.0,,,0,,,,
calibrated_compat_penalized,34,401,301,False,0,0,,,0.0,,,,,,,,,,,,,,,,,0.0,,,0,,,,
calibrated_compat_penalized,35,67,256,True,3,2,47.042369721689056,12.516571708814839,10.144736842105264,0.424006269365802,0.3666408120795737,0.28533634307515926,0.1850640139048809,0.8409077282358605,0.327632206251245,0.49276315789473685,0.375,1.6875,1.0,0.0,0.0,0.0,0.0,0.0,0.5,0.0742511797556154,67 361 245 256,2236 1432 967,1,0.3333333333333333,1.0,0.4035989645410067,0.4035989645410067
calibrated_compat_penalized,36,443,446,False,0,0,,,0.0,,,,,,,,,,,,,,,,,0.0,,,0,,,,
calibrated_compat_penalized,37,257,214,False,0,0,,,0.0,,,,,,,,,,,,,,,,,0.0,,,0,,,,
calibrated_compat_penalized,38,246,495,False,0,0,,,0.0,,,,,,,,,,,,,,,,,0.0,,,0,,,,
calibrated_compat_penalized,39,471,261,True,4,3,86.48083327554043,14.901227185395895,29.439655172413794,0.34830092228585224,0.18334286449931791,0.20537649278921447,0.0065679765330975,0.7911169768270245,0.3007109094890166,0.0186781609195402,0.0,0.022988505747126433,0.3333333333333333,0.6666666666666666,0.6666666666666666,0.0,0.25,0.25,1.0,0.009866168069791521,471 179 43 481 261,2386 782 260 1806,1,0.25,1.0,0.5325516359097218,0.5325516359097218
calibrated_compat_penalized,40,494,45,False,0,0,,,0.0,,,,,,,,,,,,,,,,,0.0,,,0,,,,
calibrated_compat_penalized,41,117,182,False,0,0,,,0.0,,,,,,,,,,,,,,,,,0.0,,,0,,,,
calibrated_compat_penalized,42,453,511,False,0,0,,,0.0,,,,,,,,,,,,,,,,,0.0,,,0,,,,
calibrated_compat_penalized,43,152,51,True,2,1,32.66445325832481,7.446789017603232,10.0,0.4622215125183587,0.41288332879212664,0.5235223136935461,0.4102211973594734,0.8906912359185459,0.2799159040978783,0.0,0.0,0.0,0.0,1.0,1.0,0.0,0.0,0.0,1.0,0.21121447026135579,152 361 51,2146 2219,2,1.0,1.0,0.4622215125183587,0.41288332879212664
calibrated_compat_penalized,44,441,326,True,3,2,72.91984536217392,12.806940131083312,20.0,0.20835446542313182,0.044524075731940074,0.16709053413529626,0.0,0.4470727935269811,0.3877197202949872,0.0,0.0,0.0,0.0,1.0,1.0,0.0,0.3333333333333333,0.3333333333333333,1.0,0.003750420837663122,441 157 28 326,1975 636 177,1,0.3333333333333333,1.0,0.2950580217873796,0.2950580217873796
calibrated_compat_penalized,45,423,254,False,0,0,,,0.0,,,,,,,,,,,,,,,,,0.0,,,0,,,,
calibrated_compat_penalized,46,147,26,True,2,1,51.58397385120962,8.111752280340436,10.0,0.13146289866928854,0.057516278274348465,0.07284312921726095,0.0,0.41516385806105,0.5352141590254111,0.0,0.0,0.0,0.0,1.0,1.0,0.0,1.0,1.0,1.0,0.011814391058698259,147 227 26,585 901,0,0.0,,,
calibrated_compat_penalized,47,97,484,False,0,0,,,0.0,,,,,,,,,,,,,,,,,0.0,,,0,,,,
calibrated_compat_penalized,48,327,458,False,0,0,,,0.0,,,,,,,,,,,,,,,,,0.0,,,0,,,,
calibrated_compat_penalized,49,385,308,True,3,2,54.7332051433686,9.056766003060186,20.0,0.23860559735744813,0.07568421320218989,0.2122196977090395,0.0455860626446362,0.33328649250290027,0.42068833486693474,0.0,0.0,0.0,0.0,1.0,1.0,0.0,0.3333333333333333,0.3333333333333333,1.0,0.007622437808564327,385 316 404 308,1530 1280 1925,1,0.3333333333333333,1.0,0.36164417828444373,0.36164417828444373
calibrated_compat_penalized,50,39,73,False,0,0,,,0.0,,,,,,,,,,,,,,,,,0.0,,,0,,,,
calibrated_compat_penalized,51,366,5,False,0,0,,,0.0,,,,,,,,,,,,,,,,,0.0,,,0,,,,
calibrated_compat_penalized,52,231,355,True,3,2,56.4544122281419,9.341474964412573,20.0,0.2515346132548389,0.0646304801433675,0.15307482420955418,0.0,0.4804374412104851,0.452969697831616,0.0,0.0,0.0,0.0,1.0,1.0,0.0,0.3333333333333333,0.3333333333333333,1.0,0.0074421382218257375,231 171 271 355,2187 736 1122,1,0.3333333333333333,1.0,0.40716997211558986,0.40716997211558986
calibrated_compat_penalized,53,67,399,False,0,0,,,0.0,,,,,,,,,,,,,,,,,0.0,,,0,,,,
calibrated_compat_penalized,54,420,267,False,0,0,,,0.0,,,,,,,,,,,,,,,,,0.0,,,0,,,,
calibrated_compat_penalized,55,394,399,False,0,0,,,0.0,,,,,,,,,,,,,,,,,0.0,,,0,,,,
calibrated_compat_penalized,56,280,494,False,0,0,,,0.0,,,,,,,,,,,,,,,,,0.0,,,0,,,,
calibrated_compat_penalized,57,389,319,True,3,2,42.065608328087066,9.521804426193757,15.23076923076923,0.4190653223137723,0.3500869452160491,0.18827880723958637,0.083273228759258,0.832153248839344,0.14104760335839303,0.23846153846153845,0.0,1.1346153846153846,0.5,0.5,0.5,0.0,0.0,0.0,1.0,0.07162956994021959,389 58 381 319,1544 290 1489,0,0.0,,,
calibrated_compat_penalized,58,10,239,False,0,0,,,0.0,,,,,,,,,,,,,,,,,0.0,,,0,,,,
calibrated_compat_penalized,59,260,247,True,3,2,64.10391140746894,10.961453480938491,20.0,0.24502503513844712,0.15010770061798606,0.2811301940784345,0.2555050493330724,0.5273737261512254,0.5409974481322576,0.0,0.0,0.0,0.0,1.0,1.0,0.0,0.0,0.0,1.0,0.012760232910954895,260 157 402 247,1993 652 1591,1,0.3333333333333333,1.0,0.26925586843309196,0.26925586843309196
calibrated_compat_penalized,60,352,293,True,4,3,74.68016683909893,13.923352130247466,30.0,0.37596102908310713,0.24654233360025687,0.38635300536269335,0.1496835746443581,0.5617088375176306,0.3859289894399577,0.0,0.0,0.0,0.0,1.0,1.0,0.0,0.0,0.0,1.0,0.017261225386025664,352 85 375 271 293,1385 382 1466 2113,1,0.25,1.0,0.5002300866596338,0.5002300866596338
calibrated_compat_penalized,61,441,458,False,0,0,,,0.0,,,,,,,,,,,,,,,,,0.0,,,0,,,,
calibrated_compat_penalized,62,394,46,True,3,2,60.53977201456655,11.519674582402125,20.0,0.29898337847615625,0.05837092118892877,0.19746411395880623,0.0,0.5535970891943426,0.27551800572771357,0.0,0.0,0.0,0.0,1.0,1.0,0.0,0.3333333333333333,0.3333333333333333,1.0,0.010121477884352949,394 171 26 46,2143 724 162,1,0.3333333333333333,1.0,0.4683248733910798,0.4683248733910798
calibrated_compat_penalized,63,48,462,True,3,2,58.65712537925362,11.512549248600886,20.0,0.40087518205821615,0.05837092118892877,0.33527691445499985,0.0,0.5510246195527341,0.220385906008736,0.0,0.0,0.0,0.0,1.0,1.0,0.0,0.3333333333333333,0.3333333333333333,1.0,0.01777607170949634,48 171 26 462,2088 724 169,1,0.3333333333333333,1.0,0.7231016013664183,0.7231016013664183
calibrated_compat_penalized,64,143,271,True,3,2,50.236648940597306,10.131433891462814,18.172484599589325,0.27782756984757323,0.18649217261086834,0.0942944023940925,0.0201223604563773,0.5835983479466602,0.26873980462922914,0.09137577002053385,0.0,0.484599589322382,0.5,0.5,0.5,0.0,0.0,0.0,1.0,0.019340470010875983,143 440 28 271,556 1704 175,0,0.0,,,
calibrated_compat_penalized,65,494,434,False,0,0,,,0.0,,,,,,,,,,,,,,,,,0.0,,,0,,,,
calibrated_compat_penalized,66,327,7,True,3,2,68.88833488231502,9.527525572359398,20.0,0.12121200486532406,0.043216988228697864,0.0756726242748338,0.0,0.26735139600570074,0.7083406568455187,0.0,0.0,0.0,0.0,1.0,1.0,0.0,0.6666666666666666,0.6666666666666666,1.0,0.0006829126913021072,327 149 415 7,2380 604 1651,1,0.3333333333333333,1.0,0.25953291434490294,0.25953291434490294
calibrated_compat_penalized,67,401,377,False,0,0,,,0.0,,,,,,,,,,,,,,,,,0.0,,,0,,,,
calibrated_compat_penalized,68,62,509,False,0,0,,,0.0,,,,,,,,,,,,,,,,,0.0,,,0,,,,
calibrated_compat_penalized,69,436,343,False,0,0,,,0.0,,,,,,,,,,,,,,,,,0.0,,,0,,,,
calibrated_compat_penalized,70,509,385,True,3,2,50.8365592309932,10.167334035025693,20.0,0.3257783202746764,0.22965595701454097,0.1305751332363566,0.111860052789403,0.6713428880898175,0.20683234757122596,0.0,0.0,0.0,0.0,1.0,1.0,0.0,0.0,0.0,1.0,0.032044656152889144,509 361 243 385,1894 1431 958,0,0.0,,,
calibrated_compat_penalized,71,142,473,False,0,0,,,0.0,,,,,,,,,,,,,,,,,0.0,,,0,,,,
calibrated_compat_penalized,72,252,244,False,0,0,,,0.0,,,,,,,,,,,,,,,,,0.0,,,0,,,,
calibrated_compat_penalized,73,372,480,False,0,0,,,0.0,,,,,,,,,,,,,,,,,0.0,,,0,,,,
calibrated_compat_penalized,74,62,505,False,0,0,,,0.0,,,,,,,,,,,,,,,,,0.0,,,0,,,,
calibrated_compat_penalized,75,287,188,False,0,0,,,0.0,,,,,,,,,,,,,,,,,0.0,,,0,,,,
calibrated_compat_penalized,76,366,117,True,3,2,58.72060945155752,11.718090868465374,20.0,0.40626772253885696,0.3888214500266896,0.46721121033782415,0.4102211973594734,0.8402335514017416,0.32971912973660084,0.0,0.0,0.0,0.0,1.0,1.0,0.0,0.0,0.0,1.0,0.06696009717564114,366 361 51 117,2217 2219 2136,3,1.0,1.0,0.40626772253885696,0.3888214500266896
calibrated_compat_penalized,77,455,356,False,0,0,,,0.0,,,,,,,,,,,,,,,,,0.0,,,0,,,,
calibrated_compat_penalized,78,62,241,False,0,0,,,0.0,,,,,,,,,,,,,,,,,0.0,,,0,,,,
calibrated_compat_penalized,79,62,467,False,0,0,,,0.0,,,,,,,,,,,,,,,,,0.0,,,0,,,,
calibrated_compat_penalized,80,352,335,True,3,2,60.4366732882399,12.73930548738227,11.14113489918936,0.25027737379430587,0.05766233058871472,0.11626194355726645,0.0328790800129209,0.4775676453882318,0.4407914735958401,0.44294325504053206,0.0035335689045936,6.642382041155685,1.0,0.0,0.5,0.0,0.3333333333333333,0.3333333333333333,0.5,0.006925518646813243,352 494 383 335,1397 1857 1517,0,0.0,,,
calibrated_compat_penalized,81,115,94,True,2,1,43.45208462025332,7.643950550859379,10.0,0.19821276254191966,0.06672451942072026,0.2432220394564197,0.0,0.31054816723943446,0.4940470194154483,0.0,0.0,0.0,0.0,1.0,1.0,0.0,0.5,0.5,1.0,0.021999141155399787,115 402 94,444 2080,1,0.5,1.0,0.32970100566311905,0.32970100566311905
calibrated_compat_penalized,82,327,288,True,3,2,46.35367874854732,9.609151428921216,18.27102803738318,0.39051544671153887,0.25953291434490294,0.3201223803990217,0.1988583725748604,0.6348003621185917,0.34027503002530346,0.0864485981308411,0.0,0.4742990654205608,0.5,0.5,0.5,0.0,0.0,0.0,1.0,0.049749611969703726,327 149 230 288,2380 599 923,1,0.3333333333333333,1.0,0.25953291434490294,0.25953291434490294
calibrated_compat_penalized,83,352,37,True,2,1,42.38844392052897,6.485598559653489,10.0,0.12463505179284998,0.05901408123049082,0.0750178544100857,0.0,0.1835501261634873,0.6518868735531136,0.0,0.0,0.0,0.0,1.0,1.0,0.0,0.5,0.5,1.0,0.011227784357860388,352 24 37,1384 156,0,0.0,,,
calibrated_compat_penalized,84,62,293,False,0,0,,,0.0,,,,,,,,,,,,,,,,,0.0,,,0,,,,
calibrated_compat_penalized,85,161,194,False,0,0,,,0.0,,,,,,,,,,,,,,,,,0.0,,,0,,,,
calibrated_compat_penalized,86,327,98,True,5,4,99.50864649770205,19.041632627332802,33.8788357218039,0.2927706206906359,0.08937169980498386,0.1709105799909783,0.0543799444715402,0.4752891059382313,0.3926248443035223,0.15302910695490243,0.0,1.8012610314954256,0.5,0.5,0.5,0.0,0.2,0.2,1.0,0.001190095888067762,327 494 474 385 296 98,2353 1861 1798 1529 1198,1,0.2,1.0,0.3330397462274176,0.3330397462274176
calibrated_compat_penalized,87,352,185,True,4,3,94.82907859625713,16.914277388131076,23.998234774933806,0.29033507404327763,0.05878933213084439,0.2657792793550541,2.0571321944528758e-17,0.5541825622388836,0.5476665185653671,0.20005884083553982,0.0,1.7783171521035597,0.6666666666666666,0.3333333333333333,0.3333333333333333,0.0,0.5,0.5,1.0,0.0013439596697854155,352 402 425 259 185,1394 2005 2191 2225,3,0.75,0.6666666666666666,0.36751698801408866,0.11894946179457555
calibrated_compat_penalized,88,391,448,True,4,3,71.5553387498091,16.755107014315445,20.979757085020243,0.37801069643232993,0.3119258154074164,0.27480109157871535,0.1000348630209143,0.6084662364548737,0.3262562807261018,0.30067476383265856,0.0,1.6917678812415655,0.6666666666666666,0.3333333333333333,0.3333333333333333,0.0,0.0,0.0,0.6666666666666666,0.019531170283645247,391 415 80 171 448,2292 1652 358 2233,2,0.5,1.0,0.4219967447967762,0.37447844637635824
calibrated_compat_penalized,89,117,197,False,0,0,,,0.0,,,,,,,,,,,,,,,,,0.0,,,0,,,,
calibrated_compat_penalized,90,494,172,True,3,2,50.59573605954719,10.778663201464664,14.206349206349206,0.36529541199404963,0.27774253441934793,0.2684135769526469,0.10896004402509,0.781020159714139,0.36750068457594026,0.28968253968253965,0.2222222222222222,0.823015873015873,1.0,0.0,0.0,0.0,0.0,0.0,1.0,0.04219444343018094,494 278 171 172,2395 2131 732,2,0.6666666666666666,1.0,0.40549686128583584,0.27774253441934793
calibrated_compat_penalized,91,152,246,True,4,3,73.94944643396447,14.948300362180998,29.285714285714285,0.44369345624889817,0.3888214500266896,0.4853092272758199,0.3710451126615178,0.8480863805019065,0.3152081554503092,0.023809523809523798,0.0,0.023809523809523798,0.3333333333333333,0.6666666666666666,0.6666666666666666,0.0,0.0,0.0,1.0,0.03790132456849553,152 361 51 117 246,2146 2219 2136 2172,4,1.0,1.0,0.44369345624889817,0.3888214500266896
calibrated_compat_penalized,92,7,349,True,4,3,85.94509374952447,16.131851871206273,26.20689655172414,0.2988921142980405,0.09215733105658099,0.21790175624365682,0.0941766231475268,0.512080994313775,0.44305427324604935,0.1264367816091954,0.0,0.7471264367816092,0.3333333333333333,0.6666666666666666,0.6666666666666666,0.0,0.25,0.25,1.0,0.0045744569394886685,7 28 429 259 349,42 182 1668 2111,1,0.25,1.0,0.38498345740957274,0.38498345740957274
calibrated_compat_penalized,93,478,261,True,4,3,76.26328709698578,15.275648926714902,18.871224165341815,0.3171555309849795,0.16502115086962113,0.1947020076546791,0.0814697500921134,0.8235207373167022,0.3646186370476652,0.3709591944886062,0.054054054054054,0.6634870164281929,1.0,0.0,0.0,0.0,0.0,0.0,0.6666666666666666,0.007011885379875148,478 74 449 481 261,2053 333 1725 1806,1,0.25,1.0,0.16502115086962113,0.16502115086962113
calibrated_compat_penalized,94,436,332,False,0,0,,,0.0,,,,,,,,,,,,,,,,,0.0,,,0,,,,
calibrated_compat_penalized,95,440,117,True,3,2,78.37880612275069,10.562948828843115,20.0,0.09930058212582722,0.036741750671796206,0.09999610711384287,0.0,0.2792892558965697,0.6957821431858154,0.0,0.0,0.0,0.0,1.0,1.0,0.0,1.0,1.0,1.0,0.00034691446839400325,440 263 405 117,1709 1088 1621,0,0.0,,,
calibrated_compat_penalized,96,230,129,True,3,2,45.24059075417889,10.351615044897493,16.470588235294116,0.3983929229614527,0.35514584659385773,0.14188885139581806,0.065326253498713,0.8049640029787374,0.16113173622276078,0.1764705882352941,0.0,0.6823529411764706,0.5,0.5,0.5,0.0,0.0,0.0,1.0,0.0621379625586894,230 22 179 129,914 138 783,0,0.0,,,
calibrated_compat_penalized,97,287,349,False,0,0,,,0.0,,,,,,,,,,,,,,,,,0.0,,,0,,,,
calibrated_compat_penalized,98,287,249,False,0,0,,,0.0,,,,,,,,,,,,,,,,,0.0,,,0,,,,
calibrated_compat_penalized,99,390,467,True,3,2,71.52426444370148,11.230463043341832,20.0,0.1419421712319893,0.08341630987532739,0.09446139119268389,0.0,0.280322964793382,0.4649503973037638,0.0,0.0,0.0,0.0,1.0,1.0,0.0,0.6666666666666666,0.6666666666666666,1.0,0.00186513854053865,390 294 117 467,1566 1187 2213,1,0.3333333333333333,1.0,0.2545824855392185,0.2545824855392185
compat_threshold,0,229,404,True,6,5,25.542376353780003,25.542376353780003,39.64519945909399,0.2447226051956756,0.05135843505880794,0.07967512048285087,0.0,0.6671371585280418,0.4474535240171234,0.2070960108181203,0.0833333333333333,0.4820960108181203,1.0,0.0,0.0,0.0,0.3333333333333333,0.3333333333333333,1.0,6.77866224050338e-05,229 230 22 74 508 238 404,910 914 133 336 1878 940,0,0.0,,,
compat_threshold,1,7,380,False,0,0,,,0.0,,,,,,,,,,,,,,,,,0.0,,,0,,,,
compat_threshold,2,401,477,False,0,0,,,0.0,,,,,,,,,,,,,,,,,0.0,,,0,,,,
compat_threshold,3,315,106,True,8,7,30.26809333183908,30.26809333183908,43.82785539111303,0.5026596719434325,0.21994271958986547,0.38861323967237427,0.0850753849159157,0.6863449919611337,0.22446182374914858,0.3738877801269568,0.1132075471698113,1.6155349074841763,1.0,0.0,0.0,0.0,0.0,0.0,0.7142857142857143,0.002591407090791816,315 100 271 410 130 151 268 297 106,1264 400 1124 2352 1935 616 1104 2298,3,0.375,1.0,0.655546231762094,0.5036237763228475
compat_threshold,4,428,224,True,11,10,41.2280242379034,41.2280242379034,67.82189755033235,0.4178579208161823,0.19287442037696115,0.2805776841933882,0.0352715679336664,0.7115476857324743,0.2831165803769269,0.3217810244966765,0.125,2.8636559133890676,1.0,0.0,0.0,0.0,0.0,0.0,0.9,2.8949401617795115e-05,428 474 279 474 471 179 250 13 243 385 24 224,1905 1794 1151 1898 2386 2311 2320 97 958 1522 158,5,0.45454545454545453,1.0,0.5269043847821356,0.3028061650597043
compat_threshold,5,327,27,False,0,0,,,0.0,,,,,,,,,,,,,,,,,0.0,,,0,,,,
compat_threshold,6,55,461,False,0,0,,,0.0,,,,,,,,,,,,,,,,,0.0,,,0,,,,
compat_threshold,7,64,67,False,0,0,,,0.0,,,,,,,,,,,,,,,,,0.0,,,0,,,,
compat_threshold,8,440,380,False,0,0,,,0.0,,,,,,,,,,,,,,,,,0.0,,,0,,,,
compat_threshold,9,0,470,True,6,5,22.68474326266091,22.68474326266091,34.59691028854506,0.4248918407099375,0.24833255577769453,0.4557501431095308,0.1695785970921136,0.6366916509045751,0.359936453671213,0.30806179422909874,0.1428571428571428,2.2030750368639924,1.0,0.0,0.0,0.0,0.0,0.0,0.8,0.004214608402227022,0 474 58 389 23 157 470,1902 1785 291 1543 146 1943,2,0.3333333333333333,1.0,0.5507267147484108,0.3636841195437862
compat_threshold,10,480,240,True,10,9,41.69502471437938,41.69502471437938,64.03880963014859,0.3372014577158529,0.05359305898679368,0.24756054795883592,0.0,0.5641072972724245,0.39038862185645096,0.28845767077612666,0.073170731707317,1.5248345517550064,1.0,0.0,0.0,0.0,0.1,0.1,0.7777777777777778,3.4283435400098614e-06,480 157 375 163 259 219 404 389 296 208 240,2032 650 1464 665 2070 1914 1614 1550 1200 873,3,0.3,1.0,0.41820315676990233,0.1413380630628493
compat_threshold,11,67,207,True,7,6,27.63183410143131,27.63183410143131,45.67501942501943,0.35378755523760547,0.25246272879218645,0.25630620556385464,0.1021232170118942,0.6622289443974588,0.3986637382653829,0.23874967624967622,0.0681818181818181,0.6149993524993526,1.0,0.0,0.0,0.0,0.0,0.0,1.0,0.0005733179373819824,67 361 156 113 196 1 196 207,2236 1427 623 429 820 1 823,1,0.14285714285714285,1.0,0.4035989645410067,0.4035989645410067
compat_threshold,12,152,177,True,8,7,32.91057007299184,32.91057007299184,52.280209798300724,0.3064389008251318,0.053427487745032094,0.24213763416433268,0.0,0.5636831822651567,0.4013735183198977,0.2531398600242752,0.0526315789473684,1.4378898671788003,1.0,0.0,0.0,0.0,0.125,0.125,1.0,1.9486904637822347e-05,152 361 319 251 161 143 163 259 177,2146 1436 1306 1002 657 552 665 2170,2,0.25,1.0,0.3362307591832613,0.16090182212193185
compat_threshold,13,5,53,False,0,0,,,0.0,,,,,,,,,,,,,,,,,0.0,,,0,,,,
compat_threshold,14,214,96,False,0,0,,,0.0,,,,,,,,,,,,,,,,,0.0,,,0,,,,
compat_threshold,15,338,321,True,10,9,37.48921523327049,37.48921523327049,49.573791843541606,0.26949519021951834,0.08568831974347223,0.1577286225269779,0.0127218861122916,0.5004788670968849,0.3769719348503073,0.44918009062731545,0.074074074074074,2.0982052280039443,1.0,0.0,0.0,0.0,0.2,0.2,0.6666666666666666,5.614767932354254e-07,338 259 65 259 163 259 352 316 217 319 321,2195 2115 2030 1054 665 1062 1392 1273 887 1307,3,0.3,1.0,0.2994598467307865,0.15813415874815206
compat_threshold,16,352,59,False,0,0,,,0.0,,,,,,,,,,,,,,,,,0.0,,,0,,,,
compat_threshold,17,475,393,False,0,0,,,0.0,,,,,,,,,,,,,,,,,0.0,,,0,,,,
compat_threshold,18,84,119,True,4,3,18.113714508829087,18.113714508829087,10.363636363636363,0.37218970674721885,0.17719787213889268,0.2388865341142899,0.0362231609697874,0.8005261339616435,0.4143697433460875,0.6545454545454545,0.1136363636363636,2.2386363636363638,1.0,0.0,0.0,0.0,0.0,0.0,0.3333333333333333,0.014692227350717162,84 58 245 433 119,367 289 971 2250,1,0.25,1.0,0.39988663910168853,0.39988663910168853
compat_threshold,19,385,369,True,3,2,12.610577008841865,12.610577008841865,16.40316205533597,0.44751359871118285,0.4299574246619794,0.4155562204872924,0.2076487344560705,0.647195305070437,0.2647085986353738,0.17984189723320154,0.0869565217391304,1.7348955392433654,1.0,0.0,0.0,0.0,0.0,0.0,1.0,0.08934480249600159,385 85 375 369,1524 382 1468,0,0.0,,,
compat_threshold,20,402,500,False,0,0,,,0.0,,,,,,,,,,,,,,,,,0.0,,,0,,,,
compat_threshold,21,389,98,True,3,2,10.340664351796631,10.340664351796631,8.807819677384895,0.3646144201149668,0.23814881126402188,0.12942778127795176,0.0591349801883597,0.5923596869406681,0.18602736287357294,0.5596090161307553,0.3366093366093366,3.8536570167004953,1.0,0.0,0.0,0.0,0.0,0.0,0.5,0.043569334852593025,389 296 208 98,1550 1200 869,0,0.0,,,
compat_threshold,22,372,506,True,5,4,17.99635525717365,17.99635525717365,30.177163338453663,0.4177113975398153,0.3324389613745483,0.32440729383828376,0.1530248537260359,0.8086253427815127,0.24033555289953362,0.24557091653865842,0.1428571428571428,1.5083589349718383,1.0,0.0,0.0,0.0,0.0,0.0,1.0,0.011542511271381568,372 404 433 381 156 506,1922 1615 1701 1486 2366,2,0.4,1.0,0.3699414875074717,0.3488746062015166
compat_threshold,23,311,203,True,8,7,27.55212334668597,27.55212334668597,42.736315462003006,0.3580530932938075,0.23296278094001954,0.1732561738469211,0.0619101371254898,0.6748207964220069,0.2517864123903816,0.3894812076856713,0.0892857142857142,2.9919741557664885,1.0,0.0,0.0,0.0,0.0,0.0,0.5714285714285714,0.00022493888923305844,311 80 268 297 271 222 429 1 203,1241 361 1104 1212 1120 896 1667 2,0,0.0,,,
compat_threshold,24,421,192,True,9,8,27.55621136008597,27.55621136008597,62.3047606245631,0.4401071910263932,0.0646304801433675,0.41188658047531085,0.0,0.6252878266881481,0.30972905117915817,0.22119049219296122,0.053030303030303,0.5989945185752016,1.0,0.0,0.0,0.0,0.2222222222222222,0.2222222222222222,0.75,3.993526435215912e-05,421 199 278 297 271 442 271 355 271 192,2027 1961 2315 1212 2001 2011 1122 1412 2048,6,0.6666666666666666,1.0,0.5892747954108862,0.30484684803127743
compat_threshold,25,327,98,True,9,8,34.7455495272365,34.7455495272365,60.50789660737176,0.30207130826876016,0.08547062515958918,0.15059928271793266,0.0,0.5987728972014571,0.35221080951817707,0.24365129240785294,0.0505050505050505,1.3995575623576466,1.0,0.0,0.0,0.0,0.2222222222222222,0.2222222222222222,0.875,6.579542081716051e-06,327 494 294 179 129 243 385 84 402 98,2353 1854 1191 783 494 958 1523 372 1587,1,0.1111111111111111,1.0,0.3330397462274176,0.3330397462274176
compat_threshold,26,327,507,True,5,4,18.055162960042487,18.055162960042487,30.29301820701051,0.29376158640287975,0.1954631210731458,0.19660463964102154,0.0125193461800457,0.6830310291785436,0.3004972149380987,0.24267454482473735,0.101010101010101,1.7991924100717425,1.0,0.0,0.0,0.0,0.2,0.2,1.0,0.0017250080052533326,327 149 390 311 171 507,2380 603 1567 1247 2161,2,0.4,1.0,0.30185594295920204,0.25953291434490294
compat_threshold,27,390,300,True,5,4,19.537720975946886,19.537720975946886,34.04355461889709,0.1588579701174067,0.06335887747422962,0.03962029198718516,0.0,0.4722203683893964,0.5381269295047254,0.14891113452757287,0.0666666666666666,0.5492799438004917,1.0,0.0,0.0,0.0,0.6,0.6,1.0,4.8233943399145726e-05,390 175 179 34 361 300,1562 767 781 213 2299,1,0.2,1.0,0.16534492132958978,0.16534492132958978
compat_threshold,28,39,36,False,0,0,,,0.0,,,,,,,,,,,,,,,,,0.0,,,0,,,,
compat_threshold,29,147,395,False,0,0,,,0.0,,,,,,,,,,,,,,,,,0.0,,,0,,,,
compat_threshold,30,184,40,True,8,7,35.50855063158548,35.50855063158548,51.77065365417755,0.309765445364543,0.08235297878672791,0.12196500819254179,0.0,0.5766748336280894,0.3017600303509423,0.2604192335117493,0.0515463917525773,1.4894105384797005,1.0,0.0,0.0,0.0,0.125,0.125,0.8571428571428571,4.1955270424957635e-05,184 22 43 113 7 222 355 362 40,797 131 256 425 48 893 1416 1439,0,0.0,,,
compat_threshold,31,39,208,True,7,6,28.42389368004929,28.42389368004929,29.367556539489378,0.3705483771387322,0.24865378495128734,0.16299799927738334,0.0368599420012716,0.6958058306590644,0.25626747213775664,0.5105407243418437,0.0694444444444444,3.6517154258668487,1.0,0.0,0.0,0.0,0.0,0.0,0.3333333333333333,0.0008734788417031922,39 169 129 243 385 389 296 208,233 707 494 958 1531 1550 1200,0,0.0,,,
compat_threshold,32,432,48,True,6,5,22.91157067279727,22.91157067279727,36.46068483184072,0.384483226836781,0.26217546888217047,0.26531725463508327,0.0611775713749202,0.5753758729574732,0.2186411150745057,0.2707863033631856,0.073170731707317,2.092834808646049,1.0,0.0,0.0,0.0,0.0,0.0,0.8,0.002575472827875986,432 157 28 410 414 8 48,1681 636 181 1640 1643 2112,1,0.16666666666666666,1.0,0.5331549927566084,0.5331549927566084
compat_threshold,33,97,400,False,0,0,,,0.0,,,,,,,,,,,,,,,,,0.0,,,0,,,,
compat_threshold,34,401,301,False,0,0,,,0.0,,,,,,,,,,,,,,,,,0.0,,,0,,,,
compat_threshold,35,67,256,True,3,2,12.516571708814839,12.516571708814839,10.144736842105264,0.424006269365802,0.3666408120795737,0.28533634307515926,0.1850640139048809,0.8409077282358605,0.327632206251245,0.49276315789473685,0.375,1.6875,1.0,0.0,0.0,0.0,0.0,0.0,0.5,0.0742511797556154,67 361 245 256,2236 1432 967,1,0.3333333333333333,1.0,0.4035989645410067,0.4035989645410067
compat_threshold,36,443,446,False,0,0,,,0.0,,,,,,,,,,,,,,,,,0.0,,,0,,,,
compat_threshold,37,257,214,False,0,0,,,0.0,,,,,,,,,,,,,,,,,0.0,,,0,,,,
compat_threshold,38,246,495,False,0,0,,,0.0,,,,,,,,,,,,,,,,,0.0,,,0,,,,
compat_threshold,39,471,261,True,8,7,28.808253570152836,28.808253570152836,47.50516313832658,0.3246383445694201,0.09324225631230228,0.18289859321631596,0.0,0.7315537161519627,0.30578192527362225,0.3213548123096204,0.073170731707317,0.853844548808352,1.0,0.0,0.0,0.0,0.25,0.25,0.7142857142857143,4.811967553930576e-05,471 179 253 2 144 74 12 481 261,2386 785 1019 19 563 320 92 1806,1,0.125,1.0,0.5325516359097218,0.5325516359097218
compat_threshold,40,494,45,False,0,0,,,0.0,,,,,,,,,,,,,,,,,0.0,,,0,,,,
compat_threshold,41,117,182,False,0,0,,,0.0,,,,,,,,,,,,,,,,,0.0,,,0,,,,
compat_threshold,42,453,511,False,0,0,,,0.0,,,,,,,,,,,,,,,,,0.0,,,0,,,,
compat_threshold,43,152,51,True,4,3,16.263016783620067,16.263016783620067,20.822281167108756,0.3936529628993719,0.2788123604769561,0.3879141745628911,0.1500357088201714,0.9010294319471431,0.41965228773482305,0.3059239610963749,0.1293103448275862,2.498231653404067,1.0,0.0,0.0,0.0,0.0,0.0,0.6666666666666666,0.021868887066882663,152 361 449 361 51,2146 1438 1723 2219,2,0.5,1.0,0.4622215125183587,0.41288332879212664
compat_threshold,44,441,326,False,0,0,,,0.0,,,,,,,,,,,,,,,,,0.0,,,0,,,,
compat_threshold,45,423,254,False,0,0,,,0.0,,,,,,,,,,,,,,,,,0.0,,,0,,,,
compat_threshold,46,147,26,True,6,5,27.18343675640607,27.18343675640607,27.628077759840014,0.2808743219434027,0.07638110888961147,0.13357301688548412,0.0,0.5796239827742767,0.357003648344601,0.4474384448031998,0.0655021834061135,2.6915068551608967,1.0,0.0,0.0,0.0,0.16666666666666666,0.16666666666666666,0.4,0.00025039396181391417,147 217 129 455 117 16 26,584 882 498 1731 447 108,0,0.0,,,
compat_threshold,47,97,484,False,0,0,,,0.0,,,,,,,,,,,,,,,,,0.0,,,0,,,,
compat_threshold,48,327,458,False,0,0,,,0.0,,,,,,,,,,,,,,,,,0.0,,,0,,,,
compat_threshold,49,385,308,True,5,4,18.792605095698963,18.792605095698963,23.50275104624732,0.5231952548367927,0.15106409690115608,0.4704604192327085,0.0178757495157211,0.8657147583203193,0.19780845273152986,0.41243122384381703,0.136150234741784,1.3046257939795636,1.0,0.0,0.0,0.0,0.2,0.2,0.75,0.01887048983220183,385 217 13 333 433 308,1526 879 2242 2085 2125,3,0.6,1.0,0.6913809601699542,0.5655136081234714
compat_threshold,50,39,73,False,0,0,,,0.0,,,,,,,,,,,,,,,,,0.0,,,0,,,,
compat_threshold,51,366,5,False,0,0,,,0.0,,,,,,,,,,,,,,,,,0.0,,,0,,,,
compat_threshold,52,231,355,True,7,6,21.88015123014209,21.88015123014209,42.466519200880796,0.5207315232375104,0.0646304801433675,0.4851976977910096,0.0,0.6980429877187652,0.22683831249779926,0.29222467998532,0.053030303030303,1.4017859131021038,1.0,0.0,0.0,0.0,0.14285714285714285,0.14285714285714285,0.6666666666666666,0.002065373820073189,231 149 278 297 271 442 271 355,2318 2262 2315 1212 2001 2011 1122,5,0.7142857142857143,1.0,0.6576297519283141,0.42285906935701223
compat_threshold,53,67,399,False,0,0,,,0.0,,,,,,,,,,,,,,,,,0.0,,,0,,,,
compat_threshold,54,420,267,False,0,0,,,0.0,,,,,,,,,,,,,,,,,0.0,,,0,,,,
compat_threshold,55,394,399,False,0,0,,,0.0,,,,,,,,,,,,,,,,,0.0,,,0,,,,
compat_threshold,56,280,494,False,0,0,,,0.0,,,,,,,,,,,,,,,,,0.0,,,0,,,,
compat_threshold,57,389,319,True,4,3,10.545983028061798,10.545983028061798,21.698399983135527,0.5369109129654753,0.3500869452160491,0.38357552791752736,0.083273228759258,0.8403789233766437,0.1446533285285845,0.27672000056214907,0.2247191011235955,0.8336776496546298,1.0,0.0,0.0,0.0,0.0,0.0,1.0,0.06983249661950008,389 58 302 21 319,1544 2335 2148 125,2,0.5,1.0,0.6695224900709345,0.55455142440622
compat_threshold,58,10,239,False,0,0,,,0.0,,,,,,,,,,,,,,,,,0.0,,,0,,,,
compat_threshold,59,260,247,True,8,7,30.653337885914574,30.653337885914574,45.16813912527105,0.3056772560834458,0.055065731990979534,0.21590614877558426,0.0,0.4770279064325012,0.4321310167086845,0.354740869638985,0.072463768115942,1.0077627817798562,1.0,0.0,0.0,0.0,0.375,0.375,0.7142857142857143,3.312652665916081e-06,260 175 179 392 175 311 371 259 247,2288 767 2310 2118 772 1249 1460 1055,3,0.375,1.0,0.5308236658603666,0.2561649718023737
compat_threshold,60,352,293,True,8,7,29.6538431130287,29.6538431130287,50.34862774074119,0.36080455769198827,0.18945867795825064,0.15902035761074734,0.0061130566140322,0.7889230086661037,0.27384944708161774,0.2807338894179829,0.0510204081632653,1.4205441562292211,1.0,0.0,0.0,0.0,0.125,0.125,0.8571428571428571,0.0001954618148184001,352 217 156 12 144 79 171 271 293,1389 883 620 86 564 344 736 2113,1,0.125,1.0,0.5002300866596338,0.5002300866596338
compat_threshold,61,441,458,False,0,0,,,0.0,,,,,,,,,,,,,,,,,0.0,,,0,,,,
compat_threshold,62,394,46,True,8,7,31.18877361563052,31.18877361563052,51.75163027739169,0.19012424007778952,0.06082966099034155,0.04300612111133148,0.0,0.34933179455009467,0.44081823930069586,0.2606909960372615,0.1409574468085106,1.7892215148967738,1.0,0.0,0.0,0.0,0.5,0.5,1.0,2.505820531190406e-07,394 415 268 297 382 238 117 16 46,2309 1661 1104 1214 1497 934 447 109,1,0.125,1.0,0.16597024446292377,0.16597024446292377
compat_threshold,63,48,462,True,6,5,24.332998034086682,24.332998034086682,40.73327754886759,0.2847155726110435,0.04594691961806748,0.14896377992427898,0.0,0.5895092853116884,0.336082505749927,0.1853344490226482,0.0588235294117647,1.6502513076962735,1.0,0.0,0.0,0.0,0.5,0.5,1.0,8.622728653165646e-05,48 171 410 297 151 117 462,2088 739 1636 1208 610 460,1,0.16666666666666666,1.0,0.7231016013664183,0.7231016013664183
compat_threshold,64,143,271,True,4,3,12.942419185710017,12.942419185710017,18.22010364720837,0.16760118315194192,0.05665224814307634,0.0238176000707172,0.0,0.27034802788922574,0.43579613746197626,0.392663211759721,0.1666666666666666,2.7198917897069848,1.0,0.0,0.0,0.0,0.5,0.5,0.6666666666666666,0.0002734153728800477,143 161 440 28 271,551 663 1704 175,0,0.0,,,
compat_threshold,65,494,434,False,0,0,,,0.0,,,,,,,,,,,,,,,,,0.0,,,0,,,,
compat_threshold,66,327,7,True,6,5,24.193720211855467,24.193720211855467,32.66944456092132,0.25786652066216176,0.08964190154097484,0.11754872486418495,0.0,0.46083370491074777,0.4194689504826344,0.34661110878157364,0.0902255639097744,1.8658621756079516,1.0,0.0,0.0,0.0,0.16666666666666666,0.16666666666666666,0.8,0.0001724195831604205,327 149 390 175 43 113 7,2380 603 1562 761 256 425,1,0.16666666666666666,1.0,0.25953291434490294,0.25953291434490294
compat_threshold,67,401,377,False,0,0,,,0.0,,,,,,,,,,,,,,,,,0.0,,,0,,,,
compat_threshold,68,62,509,False,0,0,,,0.0,,,,,,,,,,,,,,,,,0.0,,,0,,,,
compat_threshold,69,436,343,False,0,0,,,0.0,,,,,,,,,,,,,,,,,0.0,,,0,,,,
compat_threshold,70,509,385,True,5,4,17.31594740604921,17.31594740604921,21.97029702970297,0.38131957064814587,0.22965595701454097,0.15888121157914403,0.111860052789403,0.6835768450957234,0.2548255726278947,0.4507425742574257,0.25,1.6872529742893643,1.0,0.0,0.0,0.0,0.0,0.0,0.75,0.006723344388082704,509 361 319 449 243 385,1894 1436 1309 1719 958,0,0.0,,,
compat_threshold,71,142,473,False,0,0,,,0.0,,,,,,,,,,,,,,,,,0.0,,,0,,,,
compat_threshold,72,252,244,False,0,0,,,0.0,,,,,,,,,,,,,,,,,0.0,,,0,,,,
compat_threshold,73,372,480,False,0,0,,,0.0,,,,,,,,,,,,,,,,,0.0,,,0,,,,
compat_threshold,74,62,505,False,0,0,,,0.0,,,,,,,,,,,,,,,,,0.0,,,0,,,,
compat_threshold,75,287,188,False,0,0,,,0.0,,,,,,,,,,,,,,,,,0.0,,,0,,,,
compat_threshold,76,366,117,True,4,3,18.85997938656078,18.85997938656078,18.18181818181818,0.18680653931094687,0.029423567101378806,0.13137803316943633,0.0,0.3269478206306388,0.6442842538361152,0.39393939393939387,0.1818181818181818,2.7045454545454546,1.0,0.0,0.0,0.0,0.5,0.5,0.6666666666666666,0.00011640577993803831,366 361 313 455 117,2217 1435 1261 1731,1,0.25,1.0,0.4170983887977548,0.4170983887977548
compat_threshold,77,455,356,False,0,0,,,0.0,,,,,,,,,,,,,,,,,0.0,,,0,,,,
compat_threshold,78,62,241,False,0,0,,,0.0,,,,,,,,,,,,,,,,,0.0,,,0,,,,
compat_threshold,79,62,467,False,0,0,,,0.0,,,,,,,,,,,,,,,,,0.0,,,0,,,,
compat_threshold,80,352,335,True,6,5,15.480836910556011,15.480836910556011,24.596984208622846,0.3571318279773148,0.18945867795825064,0.10335926781598397,0.0061130566140322,0.7986908871864515,0.1802516787713543,0.508060315827543,0.0660377358490566,1.2346364816481326,1.0,0.0,0.0,0.0,0.16666666666666666,0.16666666666666666,0.6,0.001450477363393618,352 217 319 449 12 463 335,1389 887 1309 1714 91 1764,0,0.0,,,
compat_threshold,81,115,94,True,5,4,18.95116898621036,18.95116898621036,32.925688522284325,0.4125409501198519,0.07537264165072537,0.40773472187112436,0.0,0.5204933574999092,0.30035167037936195,0.17685778694289198,0.0615384615384615,0.9606424386518401,1.0,0.0,0.0,0.0,0.2,0.2,1.0,0.0036549212276980243,115 217 243 479 402 94,440 886 2106 2041 2080,3,0.6,1.0,0.5434291905563923,0.32970100566311905
compat_threshold,82,327,288,True,4,3,13.83466581418864,13.83466581418864,23.097896255790996,0.2538365147952248,0.0861802198131474,0.12607069562752501,0.0,0.41369421850081,0.37773048192258823,0.23007012480696687,0.101010101010101,1.8348269664059138,1.0,0.0,0.0,0.0,0.25,0.25,1.0,0.0022097826053943358,327 149 390 311 288,2380 603 1567 1248,1,0.25,1.0,0.25953291434490294,0.25953291434490294
compat_threshold,83,352,37,True,5,4,18.167374569663806,18.167374569663806,34.47292072397935,0.2846070730725135,0.08547062515958918,0.1091696732058212,0.0,0.5207664626594675,0.23601577305696084,0.13817698190051628,0.0619834710743801,1.213347204241628,1.0,0.0,0.0,0.0,0.2,0.2,1.0,0.0009018675181473502,352 316 385 84 24 37,1392 1277 1523 366 156,0,0.0,,,
compat_threshold,84,62,293,False,0,0,,,0.0,,,,,,,,,,,,,,,,,0.0,,,0,,,,
compat_threshold,85,161,194,False,0,0,,,0.0,,,,,,,,,,,,,,,,,0.0,,,0,,,,
compat_threshold,86,327,98,True,9,8,34.7455495272365,34.7455495272365,60.50789660737176,0.30207130826876016,0.08547062515958918,0.15059928271793266,0.0,0.5987728972014571,0.35221080951817707,0.24365129240785294,0.0505050505050505,1.3995575623576466,1.0,0.0,0.0,0.0,0.2222222222222222,0.2222222222222222,0.875,6.579542081716051e-06,327 494 294 179 129 243 385 84 402 98,2353 1854 1191 783 494 958 1523 372 1587,1,0.1111111111111111,1.0,0.3330397462274176,0.3330397462274176
compat_threshold,87,352,185,False,0,0,,,0.0,,,,,,,,,,,,,,,,,0.0,,,0,,,,
compat_threshold,88,391,448,True,8,7,34.35508262374663,34.35508262374663,44.590589065603496,0.41623057928680696,0.0740033979845178,0.30011783505834433,0.0,0.6955872814931453,0.3162093074935966,0.36299158477709287,0.0813953488372093,1.9246484104805528,1.0,0.0,0.0,0.0,0.125,0.125,0.8571428571428571,0.00023644668789854256,391 415 387 281 141 175 348 171 448,2292 1664 1538 1158 545 2151 2065 2233,4,0.5,1.0,0.5402204940872792,0.37447844637635824
compat_threshold,89,117,197,False,0,0,,,0.0,,,,,,,,,,,,,,,,,0.0,,,0,,,,
compat_threshold,90,494,172,True,3,2,10.778663201464664,10.778663201464664,14.206349206349206,0.36529541199404963,0.27774253441934793,0.2684135769526469,0.10896004402509,0.781020159714139,0.36750068457594026,0.28968253968253965,0.2222222222222222,0.823015873015873,1.0,0.0,0.0,0.0,0.0,0.0,1.0,0.04219444343018094,494 278 171 172,2395 2131 732,2,0.6666666666666666,1.0,0.40549686128583584,0.27774253441934793
compat_threshold,91,152,246,True,5,4,21.181869462032484,21.181869462032484,27.29305711605064,0.34621319564325,0.14833387929111988,0.24806101622983415,0.0300525858717302,0.7415626865219587,0.36737093929668974,0.317673572098734,0.056768558951965,1.9856474831949158,1.0,0.0,0.0,0.0,0.0,0.0,0.5,0.003198298238994082,152 361 13 455 117 246,2146 1422 105 1731 2172,2,0.4,1.0,0.4865345230883882,0.4615093499321856
compat_threshold,92,7,349,True,7,6,28.191172281681148,28.191172281681148,45.90468224541655,0.22139429586602888,0.04301232993649411,0.10505559635232842,0.0,0.3746581778120655,0.48815348239570283,0.23492196257639072,0.0571428571428571,2.2043397794080004,1.0,0.0,0.0,0.0,0.2857142857142857,0.2857142857142857,0.8333333333333334,3.987116634163725e-06,7 290 474 402 77 163 259 349,49 1183 1800 1585 337 665 2111,1,0.14285714285714285,1.0,0.38498345740957274,0.38498345740957274
compat_threshold,93,478,261,True,4,3,15.275648926714902,15.275648926714902,18.871224165341815,0.3171555309849795,0.16502115086962113,0.1947020076546791,0.0814697500921134,0.8235207373167022,0.3646186370476652,0.3709591944886062,0.054054054054054,0.6634870164281929,1.0,0.0,0.0,0.0,0.0,0.0,0.6666666666666666,0.007011885379875148,478 74 449 481 261,2053 333 1725 1806,1,0.25,1.0,0.16502115086962113,0.16502115086962113
compat_threshold,94,436,332,False,0,0,,,0.0,,,,,,,,,,,,,,,,,0.0,,,0,,,,
compat_threshold,95,440,117,True,6,5,20.29105337184405,20.29105337184405,38.198861969652526,0.2501751705795463,0.04594691961806748,0.06495772856860067,0.0,0.5250299071373318,0.40648894922593687,0.23602276060694952,0.0625,1.1372157924211312,1.0,0.0,0.0,0.0,0.3333333333333333,0.3333333333333333,0.8,7.49456691021419e-05,440 28 355 410 297 151 117,1704 179 1419 1636 1208 610,0,0.0,,,
compat_threshold,96,230,129,True,6,5,16.895359422400983,16.895359422400983,30.018754903657573,0.4234756501285246,0.08738593833627903,0.27470812817820905,0.0,0.6272689252943694,0.17937318822209858,0.39962490192684846,0.1594202898550724,1.6852726591391107,1.0,0.0,0.0,0.0,0.16666666666666666,0.16666666666666666,0.6,0.0017278016120472481,230 390 22 175 198 179 129,925 1555 137 2110 2129 783,2,0.3333333333333333,1.0,0.7114296058802718,0.6453239538277465
compat_threshold,97,287,349,False,0,0,,,0.0,,,,,,,,,,,,,,,,,0.0,,,0,,,,
compat_threshold,98,287,249,False,0,0,,,0.0,,,,,,,,,,,,,,,,,0.0,,,0,,,,
compat_threshold,99,390,467,True,6,5,23.45972271815657,23.45972271815657,31.144005370590584,0.30893254819218646,0.08964190154097484,0.19518059339711544,0.0,0.6652174367594517,0.4024501546635509,0.37711989258818834,0.0597014925373134,1.5707262070095758,1.0,0.0,0.0,0.0,0.16666666666666666,0.16666666666666666,0.6,0.00037268663686241697,390 175 74 455 422 117 467,1562 763 334 1965 2177 2213,3,0.5,1.0,0.4127406412520389,0.2545824855392185
calibrated_compat_threshold,0,229,404,True,10,9,81.99785362234209,29.322389908299847,50.55863237324981,0.39138821898636206,0.2582211617572722,0.14198214617850116,0.0920980628600572,0.7182182989594381,0.163876670607794,0.43823741807500216,0.0700934579439252,1.0270349387082691,1.0,0.0,0.0,0.0,0.0,0.0,0.5555555555555556,7.248010410013677e-05,229 184 273 61 21 74 248 463 508 39 404,909 803 1131 294 119 327 995 1769 1872 241,0,0.0,,,
calibrated_compat_threshold,1,7,380,False,0,0,,,0.0,,,,,,,,,,,,,,,,,0.0,,,0,,,,
calibrated_compat_threshold,2,401,477,False,0,0,,,0.0,,,,,,,,,,,,,,,,,0.0,,,0,,,,
calibrated_compat_threshold,3,315,106,True,8,7,82.3187105398097,30.26809333183908,43.82785539111303,0.5026596719434325,0.21994271958986547,0.38861323967237427,0.0850753849159157,0.6863449919611337,0.22446182374914858,0.3738877801269568,0.1132075471698113,1.6155349074841763,1.0,0.0,0.0,0.0,0.0,0.0,0.7142857142857143,0.002591407090791816,315 100 271 410 130 151 268 297 106,1264 400 1124 2352 1935 616 1104 2298,3,0.375,1.0,0.655546231762094,0.5036237763228475
calibrated_compat_threshold,4,428,224,True,12,11,118.44043625328125,42.44406970832388,75.28221692364201,0.4635538860968904,0.19287442037696115,0.3558239628926087,0.0352715679336664,0.750469372946772,0.2612249917502763,0.31561620978507254,0.0542986425339366,2.7072679497095797,1.0,0.0,0.0,0.0,0.0,0.0,0.9090909090909091,3.3842518318828984e-05,428 474 279 474 471 179 250 13 333 243 385 24 224,1905 1794 1151 1898 2386 2311 2320 2242 2239 958 1522 158,7,0.5833333333333334,1.0,0.5640825858332745,0.3028061650597043
calibrated_compat_threshold,5,327,27,False,0,0,,,0.0,,,,,,,,,,,,,,,,,0.0,,,0,,,,
calibrated_compat_threshold,6,55,461,False,0,0,,,0.0,,,,,,,,,,,,,,,,,0.0,,,0,,,,
calibrated_compat_threshold,7,64,67,False,0,0,,,0.0,,,,,,,,,,,,,,,,,0.0,,,0,,,,
calibrated_compat_threshold,8,440,380,False,0,0,,,0.0,,,,,,,,,,,,,,,,,0.0,,,0,,,,
calibrated_compat_threshold,9,0,470,True,6,5,68.3158144492587,22.68474326266091,34.59691028854506,0.4248918407099375,0.24833255577769453,0.4557501431095308,0.1695785970921136,0.6366916509045751,0.359936453671213,0.30806179422909874,0.1428571428571428,2.2030750368639924,1.0,0.0,0.0,0.0,0.0,0.0,0.8,0.004214608402227022,0 474 58 389 23 157 470,1902 1785 291 1543 146 1943,2,0.3333333333333333,1.0,0.5507267147484108,0.3636841195437862
calibrated_compat_threshold,10,480,240,True,10,9,144.31023972012974,42.10955629344248,54.46121434553598,0.30948530177307837,0.13485131542303364,0.15103413810838356,0.0127218861122916,0.5807063387434471,0.35123094492316503,0.39487539616071143,0.073170731707317,2.978347294155652,1.0,0.0,0.0,0.0,0.1,0.1,0.5555555555555556,4.011511161260338e-06,480 157 375 163 259 352 316 385 296 208 240,2032 650 1464 665 1062 1392 1277 1529 1200 873,1,0.1,1.0,0.1413380630628493,0.1413380630628493
calibrated_compat_threshold,11,67,207,True,9,8,79.11594470516299,29.4814184853517,62.053685861032186,0.48216852606535276,0.30947940667064894,0.3477003426565055,0.0966383560171906,0.721187889526687,0.19784117959872624,0.22432892673709762,0.0681818181818181,0.9263512183302289,1.0,0.0,0.0,0.0,0.0,0.0,0.875,0.0009358647295798904,67 361 9 179 43 113 196 1 222 207,2236 2124 2122 782 256 429 820 4 891,3,0.3333333333333333,1.0,0.6271901361394042,0.4035989645410067
calibrated_compat_threshold,12,152,177,True,10,9,95.9210411227189,36.16606625796876,63.1392971190071,0.5476634703377256,0.16090182212193185,0.5289131724783646,0.1459619439788536,0.8229673534454071,0.290182154454512,0.2984522542332544,0.0995850622406639,1.2564483619876055,1.0,0.0,0.0,0.0,0.0,0.0,0.7777777777777778,0.000900656813185781,152 361 498 179 392 175 348 171 448 259 177,2146 2120 2128 2310 2118 2151 2065 2233 2166 2170,10,1.0,1.0,0.5476634703377256,0.16090182212193185
calibrated_compat_threshold,13,5,53,False,0,0,,,0.0,,,,,,,,,,,,,,,,,0.0,,,0,,,,
calibrated_compat_threshold,14,214,96,False,0,0,,,0.0,,,,,,,,,,,,,,,,,0.0,,,0,,,,
calibrated_compat_threshold,15,338,321,True,11,10,117.69092395309183,38.52400933891812,62.799355713609,0.3519810993033922,0.08568831974347223,0.2734064909264996,0.0299010241420298,0.500662477732498,0.3148035872713533,0.37200644286390994,0.0606060606060606,1.1068260541852675,1.0,0.0,0.0,0.0,0.09090909090909091,0.09090909090909091,0.7,1.3910829429705749e-06,338 259 65 259 163 259 328 494 169 302 156 321,2195 2115 2030 1054 665 1060 1341 1848 2365 2278 632,5,0.45454545454545453,1.0,0.4646334591332839,0.15813415874815206
calibrated_compat_threshold,16,352,59,False,0,0,,,0.0,,,,,,,,,,,,,,,,,0.0,,,0,,,,
calibrated_compat_threshold,17,475,393,False,0,0,,,0.0,,,,,,,,,,,,,,,,,0.0,,,0,,,,
calibrated_compat_threshold,18,84,119,True,6,5,53.822856970179814,21.257858984014135,33.30878185633385,0.5827586813963451,0.17719787213889268,0.5493865319222763,0.0362231609697874,0.8698918906853078,0.21679959350424868,0.33382436287332284,0.0941176470588235,1.0973777790851684,1.0,0.0,0.0,0.0,0.0,0.0,0.8,0.02002226001838493,84 58 498 179 333 433 119,367 2276 2128 2321 2085 2250,5,0.8333333333333334,1.0,0.6638708432478356,0.39988663910168853
calibrated_compat_threshold,19,385,369,True,3,2,37.17075693111077,12.610577008841865,16.40316205533597,0.44751359871118285,0.4299574246619794,0.4155562204872924,0.2076487344560705,0.647195305070437,0.2647085986353738,0.17984189723320154,0.0869565217391304,1.7348955392433654,1.0,0.0,0.0,0.0,0.0,0.0,1.0,0.08934480249600159,385 85 375 369,1524 382 1468,0,0.0,,,
calibrated_compat_threshold,20,402,500,False,0,0,,,0.0,,,,,,,,,,,,,,,,,0.0,,,0,,,,
calibrated_compat_threshold,21,389,98,True,3,2,31.01524574021426,10.340664351796631,8.807819677384895,0.3646144201149668,0.23814881126402188,0.12942778127795176,0.0591349801883597,0.5923596869406681,0.18602736287357294,0.5596090161307553,0.3366093366093366,3.8536570167004953,1.0,0.0,0.0,0.0,0.0,0.0,0.5,0.043569334852593025,389 296 208 98,1550 1200 869,0,0.0,,,
calibrated_compat_threshold,22,372,506,True,6,5,54.00364516473654,19.15916723828513,34.69892474717865,0.4849587051231778,0.3324389613745483,0.40529461961194113,0.1418144931694139,0.8361966733916427,0.21777037976931346,0.3060215050564269,0.072289156626506,1.2631752793728714,1.0,0.0,0.0,0.0,0.0,0.0,0.8,0.009610497288497341,372 404 433 302 21 156 506,1922 1615 2155 2148 122 2366,4,0.6666666666666666,1.0,0.5336706870802098,0.3488746062015166
calibrated_compat_threshold,23,311,203,True,10,9,80.15535752939172,31.464534487338568,55.21802263637376,0.47939502281128393,0.292341422877635,0.31490304448665785,0.0869256964058927,0.7250325909041125,0.12402227551925038,0.3864664151514026,0.0535714285714285,2.3690593657543904,1.0,0.0,0.0,0.0,0.0,0.0,0.5555555555555556,0.00040848677788802776,311 80 268 297 271 442 271 1 222 1 203,1241 361 1104 1212 2001 2011 1108 4 889 2,2,0.2,1.0,0.7533406698636965,0.7445555493383167
calibrated_compat_threshold,24,421,192,True,10,9,74.52459980736356,33.95089047266124,63.570576407358885,0.6480334957269283,0.5196823133180137,0.6614621400535374,0.5311675453132514,0.849851818996472,0.15519112552436698,0.293660262140457,0.0566037735849056,1.4268168087229063,1.0,0.0,0.0,0.0,0.0,0.0,0.7777777777777778,0.011651395418620434,421 433 198 179 392 175 348 171 136 271 192,2168 2100 2129 2310 2118 2151 2065 2079 2004 2048,10,1.0,1.0,0.6480334957269283,0.5196823133180137
calibrated_compat_threshold,25,327,98,True,12,11,114.10864595144024,42.48216055682395,66.96810536276494,0.4924586688569948,0.23814881126402188,0.3702740305243361,0.0591349801883597,0.7532598827377605,0.20079489019853672,0.3911990421566824,0.0542986425339366,3.0289316343305415,1.0,0.0,0.0,0.0,0.0,0.0,0.6363636363636364,9.716887806301241e-05,327 494 294 169 250 13 333 243 385 389 296 208 98,2353 1854 1189 2368 2320 2242 2239 958 1531 1550 1200 869,5,0.4166666666666667,1.0,0.6301187395818899,0.3330397462274176
calibrated_compat_threshold,26,327,507,True,5,4,62.80256966835114,18.055162960042487,30.29301820701051,0.29376158640287975,0.1954631210731458,0.19660463964102154,0.0125193461800457,0.6830310291785436,0.3004972149380987,0.24267454482473735,0.101010101010101,1.7991924100717425,1.0,0.0,0.0,0.0,0.2,0.2,1.0,0.0017250080052533326,327 149 390 311 171 507,2380 603 1567 1247 2161,2,0.4,1.0,0.30185594295920204,0.25953291434490294
calibrated_compat_threshold,27,390,300,True,6,5,50.57722551483634,20.636062064216738,32.578545473866946,0.45596940417698445,0.38849486346398615,0.23620441092512037,0.1003417413599266,0.7931365916236272,0.11288691794869626,0.34842909052266113,0.1234567901234567,1.2394391057115999,1.0,0.0,0.0,0.0,0.0,0.0,1.0,0.007682797131524773,390 22 61 21 463 243 300,1555 132 294 128 1761 2116,1,0.16666666666666666,1.0,0.7166212310538341,0.7166212310538341
calibrated_compat_threshold,28,39,36,False,0,0,,,0.0,,,,,,,,,,,,,,,,,0.0,,,0,,,,
calibrated_compat_threshold,29,147,395,False,0,0,,,0.0,,,,,,,,,,,,,,,,,0.0,,,0,,,,
calibrated_compat_threshold,30,184,40,True,12,11,111.16479741914482,37.21240918681446,72.51247055087346,0.3715984441965637,0.08235297878672791,0.15272644527248302,0.0,0.658764197128067,0.20526462075297147,0.34079572226478677,0.0681818181818181,2.0958366441277394,1.0,0.0,0.0,0.0,0.08333333333333333,0.08333333333333333,0.7272727272727273,2.467267297449928e-06,184 273 61 21 381 449 12 321 440 28 355 362 40,803 1131 294 126 1491 1714 89 1320 1704 179 1416 1439,0,0.0,,,
calibrated_compat_threshold,31,39,208,True,9,8,81.35783121067635,31.78326228671608,49.15685744854853,0.5185604574261152,0.24865378495128734,0.39590344658046583,0.0368599420012716,0.76665651273375,0.18919528902192842,0.38553928189314335,0.0542986425339366,2.530289260948721,1.0,0.0,0.0,0.0,0.0,0.0,0.625,0.0014445550682408684,39 169 250 13 333 243 385 389 296 208,233 2368 2320 2242 2239 958 1531 1550 1200,4,0.4444444444444444,1.0,0.704388487920508,0.49877157455000454
calibrated_compat_threshold,32,432,48,True,7,6,65.22901735447455,24.08732782888082,43.426298076226345,0.4791039118899261,0.30359685654249385,0.3923861026515431,0.1907458991993806,0.7014858342792963,0.20804311089052582,0.27622836539622764,0.073170731707317,2.0327318265983974,1.0,0.0,0.0,0.0,0.0,0.0,1.0,0.0048473926121710975,432 157 25 271 410 414 8 48,1681 1949 2098 1124 1640 1643 2112,3,0.42857142857142855,1.0,0.5585807242181893,0.4502782326188085
calibrated_compat_threshold,33,97,400,False,0,0,,,0.0,,,,,,,,,,,,,,,,,0.0,,,0,,,,
calibrated_compat_threshold,34,401,301,False,0,0,,,0.0,,,,,,,,,,,,,,,,,0.0,,,0,,,,
calibrated_compat_threshold,35,67,256,True,4,3,35.22030001331047,15.597152815552537,13.521213322759714,0.5949525067611194,0.4035989645410067,0.5043122708468605,0.203984302126697,0.8607017455744972,0.20862200075722884,0.5492928892413428,0.275,1.0653119217552207,1.0,0.0,0.0,0.0,0.0,0.0,0.3333333333333333,0.10728391780402688,67 361 498 13 256,2236 2120 2332 98,3,0.75,1.0,0.637141300525833,0.4035989645410067
calibrated_compat_threshold,36,443,446,False,0,0,,,0.0,,,,,,,,,,,,,,,,,0.0,,,0,,,,
calibrated_compat_threshold,37,257,214,False,0,0,,,0.0,,,,,,,,,,,,,,,,,0.0,,,0,,,,
calibrated_compat_threshold,38,246,495,False,0,0,,,0.0,,,,,,,,,,,,,,,,,0.0,,,0,,,,
calibrated_compat_threshold,39,471,261,True,11,10,88.28999098344,32.402324977750546,72.53913449352068,0.4960785942864076,0.2218638173760297,0.3515799692978367,0.1112203994172107,0.8354598423645129,0.22512630276666964,0.27460865506479315,0.0542986425339366,0.7274084716062978,1.0,0.0,0.0,0.0,0.0,0.0,0.9,0.00023786012651292983,471 179 250 13 333 243 217 319 449 12 481 261,2386 2311 2320 2242 2239 956 887 1309 1714 92 1806,5,0.45454545454545453,1.0,0.6138069239762355,0.42826826966260356
calibrated_compat_threshold,40,494,45,False,0,0,,,0.0,,,,,,,,,,,,,,,,,0.0,,,0,,,,
calibrated_compat_threshold,41,117,182,False,0,0,,,0.0,,,,,,,,,,,,,,,,,0.0,,,0,,,,
calibrated_compat_threshold,42,453,511,False,0,0,,,0.0,,,,,,,,,,,,,,,,,0.0,,,0,,,,
calibrated_compat_threshold,43,152,51,True,6,5,48.658752064884524,19.824843899160506,29.119958695474573,0.5548556256896298,0.3785538035829296,0.4790257887944694,0.1453818232718818,0.8407589991442027,0.16035354714877778,0.4176008260905085,0.09375,0.9423259758174494,1.0,0.0,0.0,0.0,0.0,0.0,0.6,0.023784132848957338,152 361 195 156 449 243 51,2146 2132 2257 633 1719 2228,4,0.6666666666666666,1.0,0.616446435013709,0.4558054743290873
calibrated_compat_threshold,44,441,326,False,0,0,,,0.0,,,,,,,,,,,,,,,,,0.0,,,0,,,,
calibrated_compat_threshold,45,423,254,False,0,0,,,0.0,,,,,,,,,,,,,,,,,0.0,,,0,,,,
calibrated_compat_threshold,46,147,26,True,9,8,82.31514596898793,29.834633120859703,52.913508021221,0.4196230469214605,0.3554055577576967,0.20407146599126738,0.0850753849159157,0.7368087991811373,0.1846480610897131,0.3385811497347376,0.0526315789473684,1.5990565804066286,1.0,0.0,0.0,0.0,0.0,0.0,0.75,0.00037247896711346514,147 217 319 449 12 463 508 317 462 26,584 887 1309 1714 91 1769 1881 1294 1745,0,0.0,,,
calibrated_compat_threshold,47,97,484,False,0,0,,,0.0,,,,,,,,,,,,,,,,,0.0,,,0,,,,
calibrated_compat_threshold,48,327,458,False,0,0,,,0.0,,,,,,,,,,,,,,,,,0.0,,,0,,,,
calibrated_compat_threshold,49,385,308,True,6,5,50.04672781719607,20.12436195273373,32.96787623914711,0.6115163041202809,0.37645211794065164,0.6381794837188446,0.4326617346448889,0.8686273307793592,0.19643590603939554,0.34064247521705787,0.2395833333333333,0.9271061081471696,1.0,0.0,0.0,0.0,0.0,0.0,1.0,0.04486849403176349,385 243 498 179 333 433 308,1528 2212 2128 2321 2085 2125,5,0.8333333333333334,1.0,0.6585291413562068,0.5645435994774718
calibrated_compat_threshold,50,39,73,False,0,0,,,0.0,,,,,,,,,,,,,,,,,0.0,,,0,,,,
calibrated_compat_threshold,51,366,5,False,0,0,,,0.0,,,,,,,,,,,,,,,,,0.0,,,0,,,,
calibrated_compat_threshold,52,231,355,True,7,6,60.14032018233124,21.88015123014209,42.466519200880796,0.5207315232375104,0.0646304801433675,0.4851976977910096,0.0,0.6980429877187652,0.22683831249779926,0.29222467998532,0.053030303030303,1.4017859131021038,1.0,0.0,0.0,0.0,0.14285714285714285,0.14285714285714285,0.6666666666666666,0.002065373820073189,231 149 278 297 271 442 271 355,2318 2262 2315 1212 2001 2011 1122,5,0.7142857142857143,1.0,0.6576297519283141,0.42285906935701223
calibrated_compat_threshold,53,67,399,False,0,0,,,0.0,,,,,,,,,,,,,,,,,0.0,,,0,,,,
calibrated_compat_threshold,54,420,267,False,0,0,,,0.0,,,,,,,,,,,,,,,,,0.0,,,0,,,,
calibrated_compat_threshold,55,394,399,False,0,0,,,0.0,,,,,,,,,,,,,,,,,0.0,,,0,,,,
calibrated_compat_threshold,56,280,494,False,0,0,,,0.0,,,,,,,,,,,,,,,,,0.0,,,0,,,,
calibrated_compat_threshold,57,389,319,True,4,3,25.72015903319791,10.57723975894109,21.32383241758242,0.5266551174313971,0.3500869452160491,0.36329557062478923,0.083273228759258,0.8432891234558557,0.16221582436274212,0.28920558608058605,0.1153846153846153,0.6411286630036629,1.0,0.0,0.0,0.0,0.0,0.0,0.6666666666666666,0.0667456991756248,389 58 195 21 319,1544 2340 2183 125,2,0.5,1.0,0.6490108990027781,0.5755041765006541
calibrated_compat_threshold,58,10,239,False,0,0,,,0.0,,,,,,,,,,,,,,,,,0.0,,,0,,,,
calibrated_compat_threshold,59,260,247,True,10,9,107.90770070169772,34.48347059256848,61.31542337290724,0.41559999988258056,0.0596732533916917,0.3328120090882366,0.0,0.5529236285867768,0.3413596785147736,0.31871751807880844,0.072463768115942,0.9318425082237852,1.0,0.0,0.0,0.0,0.2,0.2,0.7777777777777778,5.49903702603666e-06,260 175 198 13 333 433 39 252 371 259 247,2288 2110 2333 2242 2085 1689 236 1017 1460 1055,5,0.5,1.0,0.635056611899362,0.2561649718023737
calibrated_compat_threshold,60,352,293,True,9,8,77.43499418479952,32.92903308584358,52.130208464779656,0.5975667181170947,0.2785983436545177,0.5278817637636611,0.0907663613962844,0.8696538181571126,0.17640947746079363,0.34837239419025423,0.0817307692307692,1.278423113541674,1.0,0.0,0.0,0.0,0.0,0.0,0.75,0.00615979218744457,352 316 361 498 179 392 175 348 171 293,1392 1276 2120 2128 2310 2118 2151 2065 2164,7,0.7777777777777778,1.0,0.6767677073145748,0.5403243319326364
calibrated_compat_threshold,61,441,458,False,0,0,,,0.0,,,,,,,,,,,,,,,,,0.0,,,0,,,,
calibrated_compat_threshold,62,394,46,True,11,10,98.43849564223488,36.15385210723073,53.960579597014515,0.397516558640949,0.16597024446292377,0.1685572950555014,0.0608341993892119,0.7299390861900229,0.20486142782478317,0.46039420402985465,0.1045454545454545,2.100524179826402,1.0,0.0,0.0,0.0,0.0,0.0,0.5,2.5232355027645823e-05,394 415 258 175 21 74 248 463 508 317 462 46,2309 1659 1045 759 119 327 995 1769 1881 1294 1747,1,0.09090909090909091,1.0,0.16597024446292377,0.16597024446292377
calibrated_compat_threshold,63,48,462,True,10,9,74.5175905171039,29.075129070573123,48.97679800714768,0.44246559712294464,0.35776093454096025,0.2050454984331466,0.1003417413599266,0.7605098883534763,0.1240962662550971,0.45581335547613694,0.15625,1.8424128065565988,1.0,0.0,0.0,0.0,0.0,0.0,0.6666666666666666,0.0002648475548711328,48 8 22 61 21 74 248 463 508 317 462,2087 54 132 294 119 327 995 1769 1881 1294,1,0.1,1.0,0.5945763994223408,0.5945763994223408
calibrated_compat_threshold,64,143,271,True,5,4,47.33438610417322,16.921805602977898,32.78008569109444,0.43943261925697,0.26298000143318095,0.3376406205787793,0.1560073519444933,0.6692416199946131,0.22005029329070908,0.18049785772263904,0.0773480662983425,0.9924160712407311,1.0,0.0,0.0,0.0,0.0,0.0,1.0,0.01259952362638719,143 432 161 157 25 271,555 1682 658 1949 2098,2,0.4,1.0,0.5712935899489797,0.4502782326188085
calibrated_compat_threshold,65,494,434,False,0,0,,,0.0,,,,,,,,,,,,,,,,,0.0,,,0,,,,
calibrated_compat_threshold,66,327,7,True,8,7,74.34245703369734,26.35278731914389,44.35823203676358,0.4774953862404022,0.28159058011685534,0.3411325042197709,0.0966383560171906,0.7599466486517772,0.2010787015275854,0.36631097090337755,0.1206896551724138,2.542863968300334,1.0,0.0,0.0,0.0,0.0,0.0,0.8571428571428571,0.001610290323937119,327 494 294 169 198 179 43 113 7,2353 1854 1189 2302 2129 782 256 425,3,0.375,1.0,0.6178408649562083,0.3330397462274176
calibrated_compat_threshold,67,401,377,False,0,0,,,0.0,,,,,,,,,,,,,,,,,0.0,,,0,,,,
calibrated_compat_threshold,68,62,509,False,0,0,,,0.0,,,,,,,,,,,,,,,,,0.0,,,0,,,,
calibrated_compat_threshold,69,436,343,False,0,0,,,0.0,,,,,,,,,,,,,,,,,0.0,,,0,,,,
calibrated_compat_threshold,70,509,385,True,6,5,47.41681419808128,20.57272312103005,28.189444374101743,0.5684091191974878,0.22965595701454097,0.4937424624149289,0.111860052789403,0.7918327509401081,0.1967969210303261,0.4362111125179651,0.0542986425339366,1.4404400935631982,1.0,0.0,0.0,0.0,0.0,0.0,0.6,0.01902234341901539,509 361 498 13 333 243 385,1894 2120 2332 2242 2239 958,4,0.6666666666666666,1.0,0.7054702784896839,0.49877157455000454
calibrated_compat_threshold,71,142,473,False,0,0,,,0.0,,,,,,,,,,,,,,,,,0.0,,,0,,,,
calibrated_compat_threshold,72,252,244,False,0,0,,,0.0,,,,,,,,,,,,,,,,,0.0,,,0,,,,
calibrated_compat_threshold,73,372,480,False,0,0,,,0.0,,,,,,,,,,,,,,,,,0.0,,,0,,,,
calibrated_compat_threshold,74,62,505,False,0,0,,,0.0,,,,,,,,,,,,,,,,,0.0,,,0,,,,
calibrated_compat_threshold,75,287,188,False,0,0,,,0.0,,,,,,,,,,,,,,,,,0.0,,,0,,,,
calibrated_compat_threshold,76,366,117,True,8,7,53.4544424001196,21.109909141932608,46.674218177774385,0.48511446277738035,0.3226742917291541,0.3086381578265055,0.1219317462335507,0.8165689071379697,0.14612428411525558,0.3332254546032231,0.0521739130434782,0.7057523431142023,1.0,0.0,0.0,0.0,0.0,0.0,0.7142857142857143,0.002354302733321701,366 361 195 21 74 248 463 508 117,2217 2132 2183 119 327 995 1769 1875,3,0.375,1.0,0.6048747078159136,0.4170983887977548
calibrated_compat_threshold,77,455,356,False,0,0,,,0.0,,,,,,,,,,,,,,,,,0.0,,,0,,,,
calibrated_compat_threshold,78,62,241,False,0,0,,,0.0,,,,,,,,,,,,,,,,,0.0,,,0,,,,
calibrated_compat_threshold,79,62,467,False,0,0,,,0.0,,,,,,,,,,,,,,,,,0.0,,,0,,,,
calibrated_compat_threshold,80,352,335,True,7,6,45.833852374145536,16.577601143312172,34.81906336881523,0.4665732042083733,0.24206120932379555,0.28580833319491167,0.068854376646031,0.8190064441029167,0.15585599443245376,0.4196822771864129,0.109375,0.6639592736712977,1.0,0.0,0.0,0.0,0.0,0.0,0.5,0.0030042736579053227,352 361 195 21 74 248 463 335,1393 2132 2183 119 327 995 1764,2,0.2857142857142857,1.0,0.6987628673249929,0.6750081131450839
calibrated_compat_threshold,81,115,94,True,5,4,61.38272927825648,18.95116898621036,32.925688522284325,0.4125409501198519,0.07537264165072537,0.40773472187112436,0.0,0.5204933574999092,0.30035167037936195,0.17685778694289198,0.0615384615384615,0.9606424386518401,1.0,0.0,0.0,0.0,0.2,0.2,1.0,0.0036549212276980243,115 217 243 479 402 94,440 886 2106 2041 2080,3,0.6,1.0,0.5434291905563923,0.32970100566311905
calibrated_compat_threshold,82,327,288,True,4,3,49.02706695347292,13.83466581418864,23.097896255790996,0.2538365147952248,0.0861802198131474,0.12607069562752501,0.0,0.41369421850081,0.37773048192258823,0.23007012480696687,0.101010101010101,1.8348269664059138,1.0,0.0,0.0,0.0,0.25,0.25,1.0,0.0022097826053943358,327 149 390 311 288,2380 603 1567 1248,1,0.25,1.0,0.25953291434490294,0.25953291434490294
calibrated_compat_threshold,83,352,37,True,5,4,60.267017814849325,18.167374569663806,34.47292072397935,0.2846070730725135,0.08547062515958918,0.1091696732058212,0.0,0.5207664626594675,0.23601577305696084,0.13817698190051628,0.0619834710743801,1.213347204241628,1.0,0.0,0.0,0.0,0.2,0.2,1.0,0.0009018675181473502,352 316 385 84 24 37,1392 1277 1523 366 156,0,0.0,,,
calibrated_compat_threshold,84,62,293,False,0,0,,,0.0,,,,,,,,,,,,,,,,,0.0,,,0,,,,
calibrated_compat_threshold,85,161,194,False,0,0,,,0.0,,,,,,,,,,,,,,,,,0.0,,,0,,,,
calibrated_compat_threshold,86,327,98,True,12,11,114.10864595144024,42.48216055682395,66.96810536276494,0.4924586688569948,0.23814881126402188,0.3702740305243361,0.0591349801883597,0.7532598827377605,0.20079489019853672,0.3911990421566824,0.0542986425339366,3.0289316343305415,1.0,0.0,0.0,0.0,0.0,0.0,0.6363636363636364,9.716887806301241e-05,327 494 294 169 250 13 333 243 385 389 296 208 98,2353 1854 1189 2368 2320 2242 2239 958 1531 1550 1200 869,5,0.4166666666666667,1.0,0.6301187395818899,0.3330397462274176
calibrated_compat_threshold,87,352,185,False,0,0,,,0.0,,,,,,,,,,,,,,,,,0.0,,,0,,,,
calibrated_compat_threshold,88,391,448,True,10,9,88.09250117352649,37.162555966270276,67.90782818747522,0.6114911852929813,0.37447844637635824,0.596128145993357,0.2732639966416549,0.8321762876431518,0.21630033235697396,0.24546857569471983,0.0869565217391304,1.003759638103516,1.0,0.0,0.0,0.0,0.0,0.0,0.8888888888888888,0.0058428561429294985,391 415 87 175 198 179 392 175 348 171 448,2292 2235 2134 2110 2129 2310 2118 2151 2065 2233,10,1.0,1.0,0.6114911852929813,0.37447844637635824
calibrated_compat_threshold,89,117,197,False,0,0,,,0.0,,,,,,,,,,,,,,,,,0.0,,,0,,,,
calibrated_compat_threshold,90,494,172,True,3,2,36.38938685319798,10.778663201464664,14.206349206349206,0.36529541199404963,0.27774253441934793,0.2684135769526469,0.10896004402509,0.781020159714139,0.36750068457594026,0.28968253968253965,0.2222222222222222,0.823015873015873,1.0,0.0,0.0,0.0,0.0,0.0,1.0,0.04219444343018094,494 278 171 172,2395 2131 732,2,0.6666666666666666,1.0,0.40549686128583584,0.27774253441934793
calibrated_compat_threshold,91,152,246,True,7,6,57.36523252558057,25.045810998886868,37.756085970899896,0.5889536476655074,0.26489763947863504,0.558469666806375,0.0572468680784157,0.8243361144080505,0.1861727353214473,0.37073190048500165,0.056768558951965,1.4608762694782156,1.0,0.0,0.0,0.0,0.0,0.0,0.6666666666666666,0.016857425253572814,152 361 498 179 333 455 117 246,2146 2120 2128 2321 1946 1731 2172,6,0.8571428571428571,1.0,0.6429629823633195,0.4615093499321856
calibrated_compat_threshold,92,7,349,True,8,7,103.73760652888494,32.0538691656138,57.27259228010786,0.3803051502105536,0.05485346132777484,0.3000601275389547,0.0,0.5670327959736361,0.2934537947650842,0.1818201102841734,0.0606060606060606,0.8838247778407501,1.0,0.0,0.0,0.0,0.125,0.125,1.0,7.063724387979088e-05,7 28 410 130 151 311 163 259 349,42 181 2352 1935 617 1246 665 2111,3,0.375,1.0,0.6159994587910024,0.38498345740957274
calibrated_compat_threshold,93,478,261,True,5,4,57.04538896988501,15.790771178037348,24.77313715003545,0.35069028696187204,0.16502115086962113,0.19205588991241818,0.0814697500921134,0.8364693788120364,0.2800984074852616,0.38067157124911377,0.073170731707317,0.8254367172050099,1.0,0.0,0.0,0.0,0.0,0.0,0.75,0.003441027154418311,478 74 449 12 481 261,2053 333 1714 92 1806,1,0.2,1.0,0.16502115086962113,0.16502115086962113
calibrated_compat_threshold,94,436,332,False,0,0,,,0.0,,,,,,,,,,,,,,,,,0.0,,,0,,,,
calibrated_compat_threshold,95,440,117,True,6,5,67.1118641961434,23.938509125922025,36.56226136435002,0.36982812223265976,0.3226742917291541,0.14137610497810135,0.0993900828966027,0.747943244111478,0.152524001911076,0.2687547727129994,0.0521739130434782,1.5775295106522726,1.0,0.0,0.0,0.0,0.0,0.0,0.8,0.0024735894390360046,440 509 251 21 463 508 117,1712 1891 997 128 1769 1875,0,0.0,,,
calibrated_compat_threshold,96,230,129,True,6,5,43.75695065283071,17.788233273398955,28.42232803118693,0.4899861162418504,0.281988086688239,0.3075608567015596,0.065326253498713,0.7535664642690886,0.13290328886464295,0.4315534393762614,0.1172962226640159,2.1123274988212253,1.0,0.0,0.0,0.0,0.0,0.0,0.6,0.009657698764838534,230 390 258 175 198 179 129,925 1564 1045 2110 2129 783,2,0.3333333333333333,1.0,0.7114296058802718,0.6453239538277465
calibrated_compat_threshold,97,287,349,False,0,0,,,0.0,,,,,,,,,,,,,,,,,0.0,,,0,,,,
calibrated_compat_threshold,98,287,249,False,0,0,,,0.0,,,,,,,,,,,,,,,,,0.0,,,0,,,,
calibrated_compat_threshold,99,390,467,True,8,7,76.3627712461293,25.48670164084326,40.505623868987314,0.39389086909472343,0.23789786852953593,0.196217879427053,0.0515370429142321,0.8215620663354031,0.2562907636258077,0.42134823044303843,0.0597014925373134,1.5656499690179966,1.0,0.0,0.0,0.0,0.0,0.0,0.5714285714285714,0.0004419709005726425,390 22 61 21 74 455 422 117 467,1555 132 294 119 334 1965 2177 2213,3,0.375,1.0,0.4127406412520389,0.2545824855392185
