env	seed	source_status
humanoidmaze-giant-stitch-v0	42	launched
humanoidmaze-giant-stitch-v0	43	launched
humanoidmaze-giant-stitch-v0	44	launched
humanoidmaze-giant-stitch-v0	45	launched
humanoidmaze-giant-stitch-v0	46	launched
humanoidmaze-large-stitch-v0	42	launched
humanoidmaze-medium-stitch-v0	42	launched
humanoidmaze-medium-stitch-v0	43	launched
humanoidmaze-medium-stitch-v0	44	launched
humanoidmaze-medium-stitch-v0	45	launched
humanoidmaze-medium-stitch-v0	46	launched
visual-antmaze-giant-navigate-v0	42	launched
visual-antmaze-giant-navigate-v0	43	launched
visual-antmaze-giant-navigate-v0	44	launched
visual-antmaze-giant-navigate-v0	45	queued
visual-antmaze-giant-navigate-v0	46	queued
visual-antmaze-large-navigate-v0	42	queued
visual-antmaze-large-navigate-v0	43	queued
visual-antmaze-large-navigate-v0	44	queued
visual-antmaze-large-navigate-v0	45	queued
visual-antmaze-large-navigate-v0	46	queued
visual-antmaze-medium-navigate-v0	42	queued
visual-antmaze-medium-navigate-v0	43	queued
visual-antmaze-medium-navigate-v0	44	queued
visual-antmaze-medium-navigate-v0	45	queued
visual-antmaze-medium-navigate-v0	46	queued
visual-antmaze-giant-stitch-v0	42	queued
visual-antmaze-giant-stitch-v0	43	queued
visual-antmaze-giant-stitch-v0	44	queued
visual-antmaze-giant-stitch-v0	45	queued
visual-antmaze-giant-stitch-v0	46	queued
visual-antmaze-large-stitch-v0	42	queued
visual-antmaze-large-stitch-v0	43	queued
visual-antmaze-large-stitch-v0	44	queued
visual-antmaze-large-stitch-v0	45	queued
visual-antmaze-large-stitch-v0	46	queued
visual-antmaze-medium-stitch-v0	42	queued
visual-antmaze-medium-stitch-v0	43	queued
visual-antmaze-medium-stitch-v0	44	queued
visual-antmaze-medium-stitch-v0	45	queued
visual-antmaze-medium-stitch-v0	46	queued
visual-antmaze-large-explore-v0	42	queued
visual-antmaze-large-explore-v0	43	queued
visual-antmaze-large-explore-v0	44	queued
visual-antmaze-large-explore-v0	45	queued
visual-antmaze-large-explore-v0	46	queued
visual-antmaze-medium-explore-v0	42	queued
visual-antmaze-medium-explore-v0	43	queued
visual-antmaze-medium-explore-v0	44	queued
visual-antmaze-medium-explore-v0	45	queued
visual-antmaze-medium-explore-v0	46	queued
visual-scene-play-v0	42	queued
visual-scene-play-v0	43	queued
visual-scene-play-v0	44	queued
visual-scene-play-v0	45	queued
visual-scene-play-v0	46	queued
