env,state_or_visual,public_mean_pp,public_std_pp,lower_bound_pp,required_train_steps,official_graph_available,official_policy_available,official_tdr_available,official_artifact_path_or_url,local_artifact_path,local_train_steps,artifact_status,recommended_action
antmaze-medium-stitch-v0,state,98.1,1.2,93.1,1000000,False,False,False,,artifacts/gas/antmaze-medium-stitch-v0/seed0,100000,LOCAL_UNDERTRAINED,do_not_certify; acquire_official_artifact_or_run_full_budget_training
antmaze-medium-navigate-v0,state,96.3,1.3,91.3,1000000,False,False,False,,artifacts/gas/antmaze-medium-navigate-v0/seed0,100000,LOCAL_UNDERTRAINED,do_not_certify; acquire_official_artifact_or_run_full_budget_training
antmaze-large-stitch-v0,state,96.3,0.9,91.3,1000000,False,False,False,,artifacts/gas/antmaze-large-stitch-v0/seed0,,OFFICIAL_NOT_FOUND,official_artifact_unavailable; use_full_budget_training_plan
antmaze-large-navigate-v0,state,93.2,0.5,88.2,1000000,False,False,False,,artifacts/gas/antmaze-large-navigate-v0/seed0,,OFFICIAL_NOT_FOUND,official_artifact_unavailable; use_full_budget_training_plan
antmaze-giant-stitch-v0,state,88.3,3.6,81.1,1000000,True,True,True,https://huggingface.co/qortmdgh4141/GAS/tree/main/antmaze-giant-stitch,artifacts/gas/antmaze-giant-stitch-v0/seed0,1000000,OFFICIAL_FULL_BUDGET,run_official_eval_then_adapter_certification
antmaze-giant-navigate-v0,state,77.6,2.9,71.8,1000000,True,True,True,https://huggingface.co/qortmdgh4141/GAS/tree/main/antmaze-giant-navigate,artifacts/gas/antmaze-giant-navigate-v0/seed0,,OFFICIAL_PARTIAL_LOCAL,resume_or_redownload_official_artifact_before_certification
antmaze-large-explore-v0,state,94.2,3.0,88.2,1000000,True,True,True,https://huggingface.co/qortmdgh4141/GAS/tree/main/antmaze-large-explore,artifacts/gas/antmaze-large-explore-v0/seed0,1000000,OFFICIAL_FULL_BUDGET,run_official_eval_then_adapter_certification
scene-play-v0,state,73.6,8.0,57.599999999999994,1000000,True,True,True,https://huggingface.co/qortmdgh4141/GAS/tree/main/scene-play,artifacts/gas/scene-play-v0/seed0,1000000,OFFICIAL_FULL_BUDGET,run_official_eval_then_adapter_certification
kitchen-partial-v0,state,,,,500000,True,True,True,https://huggingface.co/qortmdgh4141/GAS/tree/main/kitchen-partial,artifacts/gas/kitchen-partial-v0/seed0,,OFFICIAL_PARTIAL_LOCAL,resume_or_redownload_official_artifact_before_certification
